event_id,account_id,home_city,timestamp,agent_id,agent_recent_swap_count,distance_from_home_km,device_changed,hours_to_activation,txn_attempts_1h,txn_value_1h_naira,hour_of_day,ground_truth_fraud
1,ACC-100001,Port Harcourt,2026-08-29T07:06:45.278Z,AG-1000,3,19.2,0,12.22,1,2727,19,0
2,ACC-100002,Abuja,2026-08-13T07:06:45.290Z,AG-1034,0,0,1,37.46,0,0,6,0
3,ACC-100003,Port Harcourt,2026-07-09T07:06:45.290Z,AG-1006,2,0,0,21.88,0,0,22,0
4,ACC-100004,Abuja,2026-07-23T07:06:45.290Z,AG-1023,1,68.2,0,27.38,0,0,18,0
5,ACC-100005,Lagos,2026-07-03T07:06:45.290Z,AG-1025,0,0,0,30.1,0,0,16,0
6,ACC-100006,Ibadan,2026-06-18T07:06:45.290Z,AG-1035,1,72.7,0,8.2,1,0,13,0
7,ACC-100007,Port Harcourt,2026-06-28T07:06:45.290Z,AG-1034,0,6.2,0,9.35,1,0,11,0
8,ACC-100008,Ibadan,2026-08-29T07:06:45.290Z,AG-1035,2,0,0,12.02,0,0,20,0
9,ACC-100009,Ibadan,2026-07-16T07:06:45.291Z,AG-1028,2,15.6,0,24.16,1,0,12,0
10,ACC-100010,Port Harcourt,2026-07-06T07:06:45.291Z,AG-1015,2,2.8,1,21.62,2,0,10,0
11,ACC-100011,Port Harcourt,2026-06-18T07:06:45.291Z,AG-1028,1,0,0,12.64,1,0,22,0
12,ACC-100012,Port Harcourt,2026-07-16T07:06:45.291Z,AG-1006,2,39.8,1,2.98,1,0,9,0
13,ACC-100013,Kano,2026-07-05T07:06:45.291Z,AG-1012,1,29.6,0,20.9,1,0,15,0
14,ACC-100014,Kano,2026-07-24T07:06:45.291Z,AG-1034,2,27.4,0,20.62,0,0,13,0
15,ACC-100015,Lagos,2026-08-21T07:06:45.291Z,AG-1017,2,11.4,0,12.3,0,0,12,0
16,ACC-100016,Ibadan,2026-07-29T07:06:45.291Z,AG-1016,3,18.9,1,19.81,0,0,22,0
17,ACC-100017,Abuja,2026-08-25T07:06:45.291Z,AG-1028,1,11.7,1,6.87,0,0,18,0
18,ACC-100018,Ibadan,2026-07-13T07:06:45.291Z,AG-1031,1,21.7,1,18.81,0,11216,8,0
19,ACC-100019,Ibadan,2026-07-28T07:06:45.291Z,AG-1031,0,0,0,0.26,1,0,18,0
20,ACC-100020,Abuja,2026-06-09T07:06:45.291Z,AG-1005,3,10.3,0,19.06,0,0,6,0
21,ACC-100021,Lagos,2026-06-25T07:06:45.291Z,AG-1006,2,87.9,1,10.6,0,0,17,0
22,ACC-100022,Kano,2026-08-07T07:06:45.291Z,AG-1029,1,17.2,1,15.84,1,0,15,0
23,ACC-100023,Ibadan,2026-07-08T07:06:45.291Z,AG-1002,2,0,1,26,1,0,11,0
24,ACC-100024,Ibadan,2026-08-03T07:06:45.291Z,AG-1036,0,19.1,0,9.48,1,0,11,0
25,ACC-100025,Port Harcourt,2026-07-20T07:06:45.291Z,AG-1030,1,62.6,0,18.22,0,0,13,0
26,ACC-100026,Lagos,2026-08-03T07:06:45.291Z,AG-1031,3,7.6,1,10.87,0,0,14,0
27,ACC-100027,Kano,2026-07-18T07:06:45.291Z,AG-1011,1,23.3,1,11.18,1,0,20,0
28,ACC-100028,Lagos,2026-06-18T07:06:45.291Z,AG-1007,1,8.9,0,1.99,0,0,20,0
29,ACC-100029,Kano,2026-07-19T07:06:45.291Z,AG-1022,1,83.8,0,0,1,0,18,0
30,ACC-100030,Ibadan,2026-07-15T07:06:45.291Z,AG-1020,0,12.3,0,5.68,0,0,20,0
31,ACC-100031,Lagos,2026-06-14T07:06:45.291Z,AG-1003,0,22.4,1,0,1,14356,6,0
32,ACC-100032,Lagos,2026-07-31T07:06:45.291Z,AG-1029,1,0,0,12.97,1,0,19,0
33,ACC-100033,Ibadan,2026-07-21T07:06:45.291Z,AG-1016,0,0,1,23.74,2,13554,21,0
34,ACC-100034,Lagos,2026-09-04T07:06:45.291Z,AG-1018,4,84.5,0,12.79,0,0,22,0
35,ACC-100035,Ibadan,2026-08-02T07:06:45.291Z,AG-1033,0,0,0,9.22,0,0,21,0
36,ACC-100036,Abuja,2026-07-20T07:06:45.291Z,AG-1006,5,0,1,11.79,2,0,21,0
37,ACC-100037,Lagos,2026-07-23T07:06:45.292Z,AG-1011,0,11.1,1,17.17,0,683,14,0
38,ACC-100038,Lagos,2026-07-22T07:06:45.292Z,AG-1022,0,10.6,0,33.08,1,0,9,0
39,ACC-100039,Abuja,2026-07-12T07:06:45.292Z,AG-1016,0,18.8,1,0,0,0,16,0
40,ACC-100040,Lagos,2026-09-03T07:06:45.292Z,AG-1015,2,0,0,17.71,0,0,20,0
41,ACC-100041,Ibadan,2026-08-22T07:06:45.292Z,AG-1027,0,66.3,1,20.34,1,0,13,0
42,ACC-100042,Abuja,2026-06-07T07:06:45.292Z,AG-1025,2,10.5,0,17.02,1,0,19,0
43,ACC-100043,Ibadan,2026-08-27T07:06:45.292Z,AG-1029,1,13.7,0,25.48,0,0,22,0
44,ACC-100044,Abuja,2026-07-12T07:06:45.292Z,AG-1006,2,7.9,1,23.04,1,0,11,0
45,ACC-100045,Kano,2026-07-27T07:06:45.292Z,AG-1001,0,12.7,0,15.25,0,25557,11,0
46,ACC-100046,Port Harcourt,2026-07-03T07:06:45.292Z,AG-1027,1,15.8,0,5.01,2,0,6,0
47,ACC-100047,Kano,2026-07-17T07:06:45.292Z,AG-1037,1,2.4,0,3.42,0,8818,19,0
48,ACC-100048,Abuja,2026-06-10T07:06:45.292Z,AG-1005,1,387.9,0,0.74,2,0,9,1
49,ACC-100049,Lagos,2026-08-22T07:06:45.292Z,AG-1000,1,5.7,0,4.42,1,0,14,0
50,ACC-100050,Kano,2026-08-02T07:06:45.292Z,AG-1026,0,21.6,0,11.8,2,0,13,0
51,ACC-100051,Kano,2026-06-06T07:06:45.292Z,AG-1001,1,0,0,25.3,0,0,6,0
52,ACC-100052,Port Harcourt,2026-07-17T07:06:45.292Z,AG-1020,1,2.9,0,12.99,0,1269,13,0
53,ACC-100053,Kano,2026-08-08T07:06:45.292Z,AG-1035,2,7,1,18.76,1,0,7,0
54,ACC-100054,Abuja,2026-09-01T07:06:45.292Z,AG-1026,1,13.3,0,0,0,0,10,0
55,ACC-100055,Kano,2026-08-30T07:06:45.292Z,AG-1010,3,5.4,0,7.19,1,16595,21,0
56,ACC-100056,Lagos,2026-07-15T07:06:45.292Z,AG-1030,0,15.3,0,29.93,1,0,9,0
57,ACC-100057,Kano,2026-08-15T07:06:45.292Z,AG-1037,6,224.7,1,0.71,3,153363,7,1
58,ACC-100058,Kano,2026-07-15T07:06:45.292Z,AG-1037,2,38.6,0,16.1,2,0,15,0
59,ACC-100059,Port Harcourt,2026-07-22T07:06:45.292Z,AG-1005,4,35.5,0,8.93,0,0,13,0
60,ACC-100060,Port Harcourt,2026-07-16T07:06:45.292Z,AG-1022,1,10.6,0,26.41,0,0,8,0
61,ACC-100061,Lagos,2026-07-12T07:06:45.292Z,AG-1024,2,0,0,17.22,1,0,13,0
62,ACC-100062,Lagos,2026-07-19T07:06:45.292Z,AG-1010,5,23.9,0,6.08,0,0,21,0
63,ACC-100063,Kano,2026-07-18T07:06:45.292Z,AG-1008,0,72.5,0,3.15,0,24145,17,0
64,ACC-100064,Abuja,2026-06-14T07:06:45.292Z,AG-1003,3,6.7,0,18.35,0,17,16,0
65,ACC-100065,Lagos,2026-06-20T07:06:45.292Z,AG-1003,0,6.4,0,0,0,0,12,0
66,ACC-100066,Port Harcourt,2026-08-21T07:06:45.292Z,AG-1013,3,42.9,1,1.06,0,0,19,0
67,ACC-100067,Lagos,2026-07-07T07:06:45.292Z,AG-1023,0,14.2,0,11.02,0,18548,17,0
68,ACC-100068,Lagos,2026-07-11T07:06:45.292Z,AG-1030,2,32.1,1,29.25,1,0,16,0
69,ACC-100069,Port Harcourt,2026-08-22T07:06:45.292Z,AG-1020,2,12.3,0,35.29,0,22394,6,0
70,ACC-100070,Lagos,2026-07-07T07:06:45.292Z,AG-1004,2,36.1,1,13.26,0,0,17,0
71,ACC-100071,Kano,2026-07-22T07:06:45.292Z,AG-1014,2,0,0,27.51,1,0,17,0
72,ACC-100072,Port Harcourt,2026-07-18T07:06:45.292Z,AG-1026,0,0,0,13.93,0,0,7,0
73,ACC-100073,Abuja,2026-06-25T07:06:45.292Z,AG-1000,0,58.5,0,3.99,2,0,11,0
74,ACC-100074,Abuja,2026-08-12T07:06:45.292Z,AG-1000,2,24.1,1,0,0,0,11,0
75,ACC-100075,Kano,2026-08-04T07:06:45.292Z,AG-1014,1,0,0,27.89,2,83,12,0
76,ACC-100076,Kano,2026-07-21T07:06:45.293Z,AG-1028,0,10.3,0,17.56,1,9844,8,0
77,ACC-100077,Abuja,2026-07-27T07:06:45.293Z,AG-1039,0,2.3,1,0,1,0,17,0
78,ACC-100078,Port Harcourt,2026-08-21T07:06:45.293Z,AG-1026,0,12.1,0,22.73,2,0,17,0
79,ACC-100079,Kano,2026-07-30T07:06:45.293Z,AG-1035,2,26.9,0,12.14,1,0,21,0
80,ACC-100080,Port Harcourt,2026-08-15T07:06:45.293Z,AG-1034,3,121.5,1,13.73,0,0,8,0
81,ACC-100081,Abuja,2026-09-02T07:06:45.293Z,AG-1038,1,4,0,16.69,1,0,8,0
82,ACC-100082,Kano,2026-07-13T07:06:45.293Z,AG-1037,2,23.5,0,0,2,6604,22,0
83,ACC-100083,Lagos,2026-07-17T07:06:45.293Z,AG-1030,1,24.9,0,24.18,1,13058,11,0
84,ACC-100084,Abuja,2026-06-18T07:06:45.293Z,AG-1022,3,70.5,0,4.72,2,0,13,0
85,ACC-100085,Lagos,2026-07-11T07:06:45.293Z,AG-1021,2,81.9,0,37.57,2,0,22,0
86,ACC-100086,Kano,2026-07-04T07:06:45.293Z,AG-1036,1,14.5,0,1.66,2,1040,19,0
87,ACC-100087,Kano,2026-08-20T07:06:45.293Z,AG-1024,2,49.5,0,21.26,0,0,7,0
88,ACC-100088,Kano,2026-08-06T07:06:45.293Z,AG-1031,0,0,1,20.62,2,0,7,0
89,ACC-100089,Port Harcourt,2026-06-21T07:06:45.293Z,AG-1033,3,35.9,1,23.91,0,0,11,0
90,ACC-100090,Port Harcourt,2026-08-01T07:06:45.293Z,AG-1014,2,1.7,0,9.4,0,0,22,0
91,ACC-100091,Kano,2026-08-26T07:06:45.293Z,AG-1004,2,73.1,0,18.23,1,0,11,0
92,ACC-100092,Lagos,2026-08-08T07:06:45.293Z,AG-1015,2,28.1,0,19.3,0,0,8,0
93,ACC-100093,Lagos,2026-06-08T07:06:45.293Z,AG-1002,4,26.8,1,5.82,0,0,14,0
94,ACC-100094,Abuja,2026-08-14T07:06:45.293Z,AG-1033,0,44.9,0,6.02,0,0,21,0
95,ACC-100095,Abuja,2026-06-27T07:06:45.293Z,AG-1015,2,0,1,4.1,2,0,6,0
96,ACC-100096,Lagos,2026-07-17T07:06:45.293Z,AG-1011,0,0,1,17.74,0,0,12,0
97,ACC-100097,Port Harcourt,2026-06-14T07:06:45.293Z,AG-1035,2,7,1,18.62,2,0,13,0
98,ACC-100098,Abuja,2026-07-08T07:06:45.293Z,AG-1030,3,18.4,1,28.5,0,7841,12,0
99,ACC-100099,Kano,2026-09-02T07:06:45.293Z,AG-1026,2,7.1,0,20.04,0,20450,9,0
100,ACC-100100,Port Harcourt,2026-09-02T07:06:45.293Z,AG-1027,6,1.1,0,0,1,0,19,0
101,ACC-100101,Ibadan,2026-06-21T07:06:45.293Z,AG-1025,4,0,0,27.45,0,0,10,0
102,ACC-100102,Port Harcourt,2026-06-13T07:06:45.293Z,AG-1026,0,11.7,0,12.27,1,10446,18,0
103,ACC-100103,Kano,2026-07-14T07:06:45.293Z,AG-1030,0,58.6,1,6.84,1,6542,8,0
104,ACC-100104,Abuja,2026-06-10T07:06:45.293Z,AG-1010,1,11.2,0,2.51,1,0,22,0
105,ACC-100105,Kano,2026-07-06T07:06:45.293Z,AG-1034,3,0,0,5.26,2,0,11,0
106,ACC-100106,Kano,2026-08-23T07:06:45.293Z,AG-1015,0,12.7,0,19.95,1,6210,11,0
107,ACC-100107,Abuja,2026-09-03T07:06:45.293Z,AG-1026,1,35.9,0,21.82,2,0,12,0
108,ACC-100108,Abuja,2026-08-04T07:06:45.293Z,AG-1024,0,0,1,23.6,1,0,12,0
109,ACC-100109,Kano,2026-07-06T07:06:45.293Z,AG-1010,0,43.9,0,26.76,0,0,8,0
110,ACC-100110,Ibadan,2026-07-03T07:06:45.293Z,AG-1018,0,26.5,0,34.23,0,10522,19,0
111,ACC-100111,Abuja,2026-06-13T07:06:45.293Z,AG-1033,2,40.7,0,16.91,1,0,11,0
112,ACC-100112,Lagos,2026-08-19T07:06:45.293Z,AG-1028,2,8.8,0,14.31,0,28236,13,0
113,ACC-100113,Port Harcourt,2026-06-29T07:06:45.293Z,AG-1008,1,11.3,0,22.78,1,0,10,0
114,ACC-100114,Kano,2026-06-30T07:06:45.293Z,AG-1010,4,43.1,0,1.79,4,116570,13,1
115,ACC-100115,Abuja,2026-08-13T07:06:45.293Z,AG-1021,2,0,0,25.22,1,0,8,0
116,ACC-100116,Kano,2026-08-27T07:06:45.293Z,AG-1037,1,0,0,14.93,1,0,22,0
117,ACC-100117,Port Harcourt,2026-09-02T07:06:45.293Z,AG-1038,0,4.3,0,2.38,1,5239,14,0
118,ACC-100118,Lagos,2026-06-20T07:06:45.293Z,AG-1032,3,5.6,1,20.65,1,0,19,0
119,ACC-100119,Port Harcourt,2026-07-21T07:06:45.293Z,AG-1008,1,0,0,12.21,1,11288,7,0
120,ACC-100120,Kano,2026-06-23T07:06:45.293Z,AG-1009,1,57.2,0,19.1,0,0,17,0
121,ACC-100121,Ibadan,2026-07-16T07:06:45.293Z,AG-1034,2,17.5,1,20.77,0,0,18,0
122,ACC-100122,Port Harcourt,2026-06-16T07:06:45.293Z,AG-1032,0,0.6,0,15.82,0,8836,12,0
123,ACC-100123,Lagos,2026-06-11T07:06:45.294Z,AG-1033,1,7.3,0,17.57,1,16211,6,0
124,ACC-100124,Ibadan,2026-07-18T07:06:45.294Z,AG-1030,0,12,0,31.5,1,5379,19,0
125,ACC-100125,Lagos,2026-06-19T07:06:45.294Z,AG-1005,1,0,0,11.32,1,0,20,0
126,ACC-100126,Abuja,2026-08-12T07:06:45.294Z,AG-1038,1,87.4,1,16.85,0,0,22,0
127,ACC-100127,Kano,2026-06-20T07:06:45.294Z,AG-1038,2,12.8,1,33.06,1,0,21,0
128,ACC-100128,Port Harcourt,2026-08-14T07:06:45.294Z,AG-1030,0,65.1,0,2.61,0,0,20,0
129,ACC-100129,Port Harcourt,2026-07-03T07:06:45.294Z,AG-1038,0,1.6,0,18.74,0,0,7,0
130,ACC-100130,Kano,2026-06-15T07:06:45.294Z,AG-1009,0,14.7,0,19.58,0,0,10,0
131,ACC-100131,Abuja,2026-08-29T07:06:45.294Z,AG-1022,1,106.5,1,34.2,0,0,8,0
132,ACC-100132,Lagos,2026-07-22T07:06:45.294Z,AG-1013,1,0,1,13.69,1,0,6,0
133,ACC-100133,Ibadan,2026-06-08T07:06:45.294Z,AG-1039,1,43.3,0,17.51,0,0,18,0
134,ACC-100134,Lagos,2026-07-22T07:06:45.294Z,AG-1036,2,8.7,1,10.76,1,0,18,0
135,ACC-100135,Lagos,2026-06-14T07:06:45.294Z,AG-1013,1,15.3,1,0,1,0,9,0
136,ACC-100136,Ibadan,2026-07-22T07:06:45.294Z,AG-1020,1,24.3,0,3.27,1,0,12,0
137,ACC-100137,Abuja,2026-06-15T07:06:45.294Z,AG-1015,1,0,0,0,0,10262,22,0
138,ACC-100138,Lagos,2026-07-21T07:06:45.294Z,AG-1035,4,0,0,24.41,0,12049,19,0
139,ACC-100139,Lagos,2026-07-08T07:06:45.294Z,AG-1003,1,51.7,0,10,0,0,6,0
140,ACC-100140,Lagos,2026-08-24T07:06:45.294Z,AG-1024,2,3.5,1,0.82,0,0,22,0
141,ACC-100141,Ibadan,2026-06-19T07:06:45.294Z,AG-1015,2,2.1,0,16.05,0,0,14,0
142,ACC-100142,Abuja,2026-06-21T07:06:45.294Z,AG-1000,1,72.4,0,22.48,2,0,14,0
143,ACC-100143,Kano,2026-08-30T07:06:45.294Z,AG-1034,2,0,0,15.55,0,0,17,0
144,ACC-100144,Port Harcourt,2026-08-31T07:06:45.294Z,AG-1003,1,24.8,1,4,0,0,13,0
145,ACC-100145,Abuja,2026-07-01T07:06:45.294Z,AG-1017,0,34,0,32.5,1,0,20,0
146,ACC-100146,Lagos,2026-06-17T07:06:45.294Z,AG-1029,0,2.5,0,9.87,1,0,20,0
147,ACC-100147,Kano,2026-08-13T07:06:45.294Z,AG-1002,1,11.4,0,12.33,0,6384,17,0
148,ACC-100148,Port Harcourt,2026-06-07T07:06:45.294Z,AG-1025,0,271.1,0,2.07,3,187479,0,1
149,ACC-100149,Abuja,2026-08-31T07:06:45.294Z,AG-1000,3,0,0,16.72,2,0,15,0
150,ACC-100150,Ibadan,2026-07-28T07:06:45.294Z,AG-1019,0,32.9,0,20.2,2,0,16,0
151,ACC-100151,Lagos,2026-07-31T07:06:45.294Z,AG-1033,1,0,1,30.66,1,0,22,0
152,ACC-100152,Port Harcourt,2026-08-09T07:06:45.294Z,AG-1017,3,20,0,17.78,1,0,17,0
153,ACC-100153,Kano,2026-07-07T07:06:45.294Z,AG-1008,0,0,1,12.76,1,0,21,0
154,ACC-100154,Lagos,2026-08-23T07:06:45.294Z,AG-1004,0,60.6,0,15.35,0,0,10,0
155,ACC-100155,Ibadan,2026-07-25T07:06:45.294Z,AG-1029,0,4.8,0,0,1,0,19,0
156,ACC-100156,Ibadan,2026-08-11T07:06:45.294Z,AG-1005,0,4.9,0,0,2,0,14,0
157,ACC-100157,Kano,2026-07-07T07:06:45.294Z,AG-1033,1,27.2,0,18.86,1,0,20,0
158,ACC-100158,Kano,2026-08-23T07:06:45.294Z,AG-1027,2,1.3,0,12.02,2,0,22,0
159,ACC-100159,Port Harcourt,2026-08-23T07:06:45.294Z,AG-1025,0,32.3,0,0,0,7131,6,0
160,ACC-100160,Ibadan,2026-07-09T07:06:45.294Z,AG-1016,4,0,0,3.08,1,0,12,0
161,ACC-100161,Ibadan,2026-08-01T07:06:45.294Z,AG-1029,0,43.7,0,11.3,0,0,7,0
162,ACC-100162,Abuja,2026-06-27T07:06:45.294Z,AG-1019,3,8.7,0,18.05,0,0,14,0
163,ACC-100163,Lagos,2026-07-02T07:06:45.294Z,AG-1017,1,16.1,0,17.07,1,0,14,0
164,ACC-100164,Kano,2026-08-10T07:06:45.294Z,AG-1016,1,7.8,0,20.19,1,15066,11,0
165,ACC-100165,Kano,2026-07-02T07:06:45.294Z,AG-1002,1,63.6,0,19.86,0,0,16,0
166,ACC-100166,Ibadan,2026-08-30T07:06:45.294Z,AG-1015,2,52.1,1,24.34,0,0,7,0
167,ACC-100167,Port Harcourt,2026-07-14T07:06:45.294Z,AG-1001,3,0,1,35.08,0,0,8,0
168,ACC-100168,Kano,2026-07-31T07:06:45.294Z,AG-1038,1,25,0,20.73,2,0,11,0
169,ACC-100169,Lagos,2026-07-06T07:06:45.294Z,AG-1015,3,26.1,1,15.8,0,0,21,0
170,ACC-100170,Lagos,2026-08-09T07:06:45.294Z,AG-1003,0,13.8,0,15.02,0,0,13,0
171,ACC-100171,Port Harcourt,2026-06-10T07:06:45.294Z,AG-1014,3,5,1,24.95,0,0,6,0
172,ACC-100172,Ibadan,2026-09-01T07:06:45.294Z,AG-1032,0,0,1,9.04,2,0,9,0
173,ACC-100173,Lagos,2026-08-30T07:06:45.295Z,AG-1013,2,10.6,0,21.23,0,0,16,0
174,ACC-100174,Lagos,2026-08-24T07:06:45.295Z,AG-1038,0,0,0,24.53,0,0,12,0
175,ACC-100175,Ibadan,2026-06-09T07:06:45.295Z,AG-1015,0,9.8,0,27.03,1,0,17,0
176,ACC-100176,Port Harcourt,2026-06-30T07:06:45.295Z,AG-1028,2,0,1,11.93,0,0,19,0
177,ACC-100177,Kano,2026-06-26T07:06:45.295Z,AG-1025,0,7.1,0,14.12,1,0,14,0
178,ACC-100178,Abuja,2026-06-12T07:06:45.295Z,AG-1028,3,31.8,1,0,0,0,17,0
179,ACC-100179,Ibadan,2026-07-13T07:06:45.295Z,AG-1028,1,387.8,1,0,7,403088,14,1
180,ACC-100180,Kano,2026-08-15T07:06:45.295Z,AG-1010,4,38.7,1,23.94,0,9103,7,0
181,ACC-100181,Ibadan,2026-06-28T07:06:45.295Z,AG-1004,2,44.6,0,9.4,2,0,13,0
182,ACC-100182,Port Harcourt,2026-06-18T07:06:45.295Z,AG-1016,1,32.3,1,25.52,0,19778,7,0
183,ACC-100183,Kano,2026-06-29T07:06:45.295Z,AG-1039,0,7.1,1,18.98,1,8072,18,0
184,ACC-100184,Ibadan,2026-07-04T07:06:45.295Z,AG-1024,2,3.4,0,17.12,1,0,19,0
185,ACC-100185,Abuja,2026-07-21T07:06:45.295Z,AG-1007,0,12,0,9.12,1,0,22,0
186,ACC-100186,Abuja,2026-07-01T07:06:45.295Z,AG-1033,4,50,0,0,1,0,22,0
187,ACC-100187,Lagos,2026-06-27T07:06:45.295Z,AG-1011,2,21.9,1,14.74,1,0,15,0
188,ACC-100188,Kano,2026-07-12T07:06:45.295Z,AG-1039,2,4.8,0,10.27,0,0,16,0
189,ACC-100189,Kano,2026-06-24T07:06:45.295Z,AG-1020,3,0,0,43.75,1,0,8,0
190,ACC-100190,Port Harcourt,2026-08-23T07:06:45.295Z,AG-1018,4,0,0,17.39,0,0,21,0
191,ACC-100191,Lagos,2026-07-22T07:06:45.295Z,AG-1032,0,46,0,9.95,1,0,6,0
192,ACC-100192,Kano,2026-07-09T07:06:45.295Z,AG-1015,3,12.4,0,20.99,0,0,10,0
193,ACC-100193,Ibadan,2026-08-06T07:06:45.295Z,AG-1034,1,0,1,33.07,1,0,10,0
194,ACC-100194,Kano,2026-08-03T07:06:45.295Z,AG-1016,0,0,0,0,0,0,8,0
195,ACC-100195,Lagos,2026-06-10T07:06:45.295Z,AG-1001,0,10,0,18.79,0,0,15,0
196,ACC-100196,Kano,2026-08-27T07:06:45.295Z,AG-1001,0,0,0,10.67,0,7402,7,0
197,ACC-100197,Abuja,2026-06-18T07:06:45.295Z,AG-1015,3,37.6,0,16.3,1,5303,12,0
198,ACC-100198,Abuja,2026-06-28T07:06:45.295Z,AG-1017,3,23,0,18.11,0,0,13,0
199,ACC-100199,Abuja,2026-06-28T07:06:45.295Z,AG-1001,1,0,0,30.87,1,6158,17,0
200,ACC-100200,Ibadan,2026-08-14T07:06:45.295Z,AG-1022,1,30.1,0,24.11,0,0,22,0
201,ACC-100201,Ibadan,2026-06-18T07:06:45.295Z,AG-1014,2,12.5,1,19.01,0,0,15,0
202,ACC-100202,Port Harcourt,2026-08-14T07:06:45.295Z,AG-1012,2,23.7,0,14.55,1,17417,10,0
203,ACC-100203,Ibadan,2026-08-28T07:06:45.295Z,AG-1039,2,3.9,0,0,0,16313,22,0
204,ACC-100204,Lagos,2026-06-28T07:06:45.295Z,AG-1009,1,45,1,25.48,1,0,21,0
205,ACC-100205,Kano,2026-07-27T07:06:45.295Z,AG-1004,0,8.6,0,14.54,1,0,22,0
206,ACC-100206,Ibadan,2026-08-03T07:06:45.295Z,AG-1011,0,11.8,0,29.81,0,7320,21,0
207,ACC-100207,Port Harcourt,2026-09-03T07:06:45.295Z,AG-1026,1,8.5,1,15.71,1,0,15,0
208,ACC-100208,Port Harcourt,2026-07-24T07:06:45.295Z,AG-1025,1,5.5,1,28.32,0,7882,16,0
209,ACC-100209,Port Harcourt,2026-06-15T07:06:45.295Z,AG-1034,2,18.6,0,11.99,2,0,8,0
210,ACC-100210,Port Harcourt,2026-09-04T07:06:45.295Z,AG-1034,0,20.9,0,0,0,0,11,0
211,ACC-100211,Lagos,2026-06-25T07:06:45.295Z,AG-1018,3,78.4,1,22.3,1,0,9,0
212,ACC-100212,Lagos,2026-07-30T07:06:45.295Z,AG-1002,2,0,0,18.14,1,4963,17,0
213,ACC-100213,Ibadan,2026-08-30T07:06:45.295Z,AG-1038,3,1.9,0,9.34,0,0,11,0
214,ACC-100214,Port Harcourt,2026-07-20T07:06:45.295Z,AG-1024,1,0,1,18.23,0,0,9,0
215,ACC-100215,Ibadan,2026-08-08T07:06:45.295Z,AG-1024,0,0,0,9.51,0,0,9,0
216,ACC-100216,Ibadan,2026-07-11T07:06:45.295Z,AG-1029,0,73,0,8.16,2,0,6,0
217,ACC-100217,Port Harcourt,2026-06-20T07:06:45.295Z,AG-1001,0,65.8,0,9.02,1,0,7,0
218,ACC-100218,Kano,2026-08-02T07:06:45.295Z,AG-1019,1,53.6,0,12.64,1,0,19,0
219,ACC-100219,Kano,2026-07-03T07:06:45.295Z,AG-1039,2,18.9,1,2.21,6,99084,0,1
220,ACC-100220,Port Harcourt,2026-07-12T07:06:45.295Z,AG-1012,0,0,0,27.96,0,0,8,0
221,ACC-100221,Abuja,2026-06-07T07:06:45.296Z,AG-1005,4,245.9,1,0,2,97622,3,1
222,ACC-100222,Abuja,2026-08-06T07:06:45.296Z,AG-1025,2,32.5,0,0,0,0,18,0
223,ACC-100223,Ibadan,2026-08-15T07:06:45.296Z,AG-1015,2,45.1,1,12.97,0,0,18,0
224,ACC-100224,Lagos,2026-07-31T07:06:45.296Z,AG-1006,2,49.3,0,11.53,1,0,13,0
225,ACC-100225,Kano,2026-06-09T07:06:45.296Z,AG-1014,4,38.7,1,16.99,3,0,10,0
226,ACC-100226,Abuja,2026-07-02T07:06:45.296Z,AG-1027,4,10.2,1,4.99,0,0,6,0
227,ACC-100227,Lagos,2026-07-01T07:06:45.296Z,AG-1031,2,0,0,4.57,1,0,16,0
228,ACC-100228,Ibadan,2026-07-06T07:06:45.296Z,AG-1006,1,65.8,1,9.61,0,0,13,0
229,ACC-100229,Port Harcourt,2026-07-28T07:06:45.296Z,AG-1036,3,37.1,0,21.75,1,0,9,0
230,ACC-100230,Lagos,2026-07-22T07:06:45.296Z,AG-1006,2,13.5,0,13.57,0,0,12,0
231,ACC-100231,Ibadan,2026-06-29T07:06:45.296Z,AG-1023,1,11.9,0,8.38,0,0,7,0
232,ACC-100232,Port Harcourt,2026-08-28T07:06:45.296Z,AG-1023,2,2.6,0,10.42,1,0,18,0
233,ACC-100233,Kano,2026-08-29T07:06:45.296Z,AG-1024,1,10,0,14.41,0,0,12,0
234,ACC-100234,Abuja,2026-08-29T07:06:45.296Z,AG-1037,0,36.9,1,6.13,0,0,21,0
235,ACC-100235,Port Harcourt,2026-08-28T07:06:45.296Z,AG-1012,4,0,1,18.57,0,0,15,0
236,ACC-100236,Abuja,2026-07-29T07:06:45.296Z,AG-1004,9,413.6,1,2.89,5,622003,5,1
237,ACC-100237,Kano,2026-07-20T07:06:45.296Z,AG-1018,2,2.8,0,9.91,0,0,11,0
238,ACC-100238,Kano,2026-06-27T07:06:45.296Z,AG-1030,2,21.5,0,15.24,2,0,10,0
239,ACC-100239,Ibadan,2026-07-19T07:06:45.296Z,AG-1022,3,0,1,19.53,0,0,21,0
240,ACC-100240,Port Harcourt,2026-08-23T07:06:45.296Z,AG-1019,3,25.5,0,26.09,0,0,16,0
241,ACC-100241,Port Harcourt,2026-06-07T07:06:45.296Z,AG-1008,2,45.5,0,0,3,0,13,0
242,ACC-100242,Kano,2026-06-07T07:06:45.296Z,AG-1032,3,10.9,0,17.93,1,0,8,0
243,ACC-100243,Port Harcourt,2026-07-25T07:06:45.296Z,AG-1014,1,11.3,0,28.04,0,9464,14,0
244,ACC-100244,Port Harcourt,2026-06-09T07:06:45.296Z,AG-1032,0,21.7,0,18.52,0,0,6,0
245,ACC-100245,Lagos,2026-07-02T07:06:45.296Z,AG-1017,4,11.6,0,13.93,1,0,12,0
246,ACC-100246,Lagos,2026-09-02T07:06:45.296Z,AG-1021,2,45.2,1,30.58,3,0,11,0
247,ACC-100247,Lagos,2026-08-28T07:06:45.296Z,AG-1017,1,46.5,0,2.17,2,8160,12,0
248,ACC-100248,Ibadan,2026-06-15T07:06:45.296Z,AG-1039,2,9,0,0,1,10939,14,0
249,ACC-100249,Abuja,2026-07-15T07:06:45.296Z,AG-1019,0,9.3,0,25.98,1,0,6,0
250,ACC-100250,Abuja,2026-07-29T07:06:45.296Z,AG-1017,3,11.6,1,16.95,0,0,20,0
251,ACC-100251,Abuja,2026-06-10T07:06:45.296Z,AG-1005,4,26.8,0,7.81,0,0,19,0
252,ACC-100252,Ibadan,2026-08-29T07:06:45.296Z,AG-1036,0,59.3,0,11.25,0,0,11,0
253,ACC-100253,Kano,2026-07-13T07:06:45.296Z,AG-1039,1,35.9,0,5.43,1,0,19,0
254,ACC-100254,Abuja,2026-08-14T07:06:45.296Z,AG-1018,0,0,1,2.7,0,0,16,0
255,ACC-100255,Abuja,2026-07-20T07:06:45.296Z,AG-1010,2,1.2,0,11.09,0,0,16,0
256,ACC-100256,Kano,2026-07-07T07:06:45.296Z,AG-1023,2,0,0,11.86,0,0,7,0
257,ACC-100257,Port Harcourt,2026-07-17T07:06:45.296Z,AG-1010,0,33.1,1,1.25,2,0,15,0
258,ACC-100258,Abuja,2026-08-14T07:06:45.296Z,AG-1017,3,32.9,1,22.37,0,0,13,0
259,ACC-100259,Ibadan,2026-07-13T07:06:45.296Z,AG-1002,14,149.6,1,0,1,218328,3,1
260,ACC-100260,Lagos,2026-06-17T07:06:45.296Z,AG-1012,3,0,1,14.87,0,0,22,0
261,ACC-100261,Kano,2026-06-07T07:06:45.296Z,AG-1027,5,6.8,0,0,1,0,8,0
262,ACC-100262,Ibadan,2026-08-29T07:06:45.296Z,AG-1031,3,11.8,0,13.48,1,0,10,0
263,ACC-100263,Ibadan,2026-06-09T07:06:45.296Z,AG-1001,1,26.2,0,6.25,2,0,14,0
264,ACC-100264,Port Harcourt,2026-08-23T07:06:45.296Z,AG-1013,3,0,0,2.1,0,2572,10,0
265,ACC-100265,Ibadan,2026-06-14T07:06:45.296Z,AG-1008,2,16.3,1,23.34,2,1688,20,0
266,ACC-100266,Ibadan,2026-07-30T07:06:45.296Z,AG-1029,2,1.4,1,32,1,11627,22,0
267,ACC-100267,Kano,2026-07-20T07:06:45.297Z,AG-1013,2,0,0,23.13,0,0,6,0
268,ACC-100268,Kano,2026-07-28T07:06:45.297Z,AG-1022,3,52.2,0,21.36,2,0,18,0
269,ACC-100269,Abuja,2026-07-11T07:06:45.297Z,AG-1035,0,0,0,4.09,2,0,12,0
270,ACC-100270,Abuja,2026-06-08T07:06:45.297Z,AG-1035,3,31.6,1,8.56,0,0,21,0
271,ACC-100271,Port Harcourt,2026-07-02T07:06:45.297Z,AG-1036,3,3.5,0,7.9,0,980,22,0
272,ACC-100272,Kano,2026-06-14T07:06:45.297Z,AG-1008,0,25,0,7.42,0,1099,16,0
273,ACC-100273,Port Harcourt,2026-07-17T07:06:45.297Z,AG-1008,0,0,0,13.33,1,0,12,0
274,ACC-100274,Abuja,2026-06-23T07:06:45.297Z,AG-1001,3,36.2,0,17.44,2,0,13,0
275,ACC-100275,Ibadan,2026-07-29T07:06:45.297Z,AG-1017,1,11.4,1,32.85,0,0,13,0
276,ACC-100276,Lagos,2026-07-28T07:06:45.297Z,AG-1011,1,23.6,0,19.54,0,0,22,0
277,ACC-100277,Lagos,2026-08-02T07:06:45.297Z,AG-1004,2,33.9,0,16.43,1,0,14,0
278,ACC-100278,Abuja,2026-08-14T07:06:45.297Z,AG-1013,3,61.5,1,7.57,0,0,14,0
279,ACC-100279,Kano,2026-09-04T07:06:45.297Z,AG-1008,1,2,0,0,2,0,13,0
280,ACC-100280,Port Harcourt,2026-06-08T07:06:45.297Z,AG-1011,0,0,1,0,0,0,15,0
281,ACC-100281,Port Harcourt,2026-06-26T07:06:45.297Z,AG-1017,1,1.6,0,7.66,0,0,7,0
282,ACC-100282,Port Harcourt,2026-06-10T07:06:45.297Z,AG-1038,1,0,1,28.66,1,0,7,0
283,ACC-100283,Lagos,2026-07-10T07:06:45.297Z,AG-1007,3,94,0,35.63,1,0,6,0
284,ACC-100284,Abuja,2026-06-06T07:06:45.297Z,AG-1023,2,19.9,0,18.47,1,0,8,0
285,ACC-100285,Ibadan,2026-08-11T07:06:45.297Z,AG-1025,2,52.7,0,29.53,0,0,8,0
286,ACC-100286,Abuja,2026-08-21T07:06:45.297Z,AG-1028,3,20.9,1,8.61,3,0,17,0
287,ACC-100287,Abuja,2026-07-26T07:06:45.297Z,AG-1006,0,21.4,0,6.52,1,0,8,0
288,ACC-100288,Port Harcourt,2026-08-05T07:06:45.297Z,AG-1019,5,317.1,1,1.47,2,209083,3,1
289,ACC-100289,Kano,2026-07-22T07:06:45.297Z,AG-1034,2,0,0,7.29,0,0,7,0
290,ACC-100290,Abuja,2026-09-03T07:06:45.297Z,AG-1028,3,10.8,0,26.51,1,0,11,0
291,ACC-100291,Abuja,2026-07-14T07:06:45.297Z,AG-1008,0,0,0,8.8,1,0,17,0
292,ACC-100292,Abuja,2026-07-23T07:06:45.297Z,AG-1033,4,49.2,0,14.8,1,0,12,0
293,ACC-100293,Lagos,2026-08-06T07:06:45.297Z,AG-1012,0,11.6,0,12.07,0,0,10,0
294,ACC-100294,Lagos,2026-06-16T07:06:45.297Z,AG-1015,2,4.7,1,0,0,0,17,0
295,ACC-100295,Port Harcourt,2026-06-15T07:06:45.297Z,AG-1014,2,11.2,1,19.22,1,28763,16,0
296,ACC-100296,Kano,2026-07-27T07:06:45.297Z,AG-1002,0,9.4,1,10.09,0,0,10,0
297,ACC-100297,Lagos,2026-06-20T07:06:45.297Z,AG-1001,3,21.6,0,20.31,0,0,17,0
298,ACC-100298,Lagos,2026-07-12T07:06:45.297Z,AG-1025,1,0,1,7.96,0,0,13,0
299,ACC-100299,Port Harcourt,2026-08-15T07:06:45.297Z,AG-1036,1,0.5,1,14.66,0,0,6,0
300,ACC-100300,Port Harcourt,2026-06-06T07:06:45.297Z,AG-1036,1,0,0,1.93,0,0,14,0
301,ACC-100301,Lagos,2026-06-23T07:06:45.297Z,AG-1012,4,9.8,0,0,1,0,19,0
302,ACC-100302,Lagos,2026-06-08T07:06:45.297Z,AG-1019,1,0,0,0,1,0,13,0
303,ACC-100303,Lagos,2026-08-09T07:06:45.297Z,AG-1033,0,64.3,0,0,1,0,19,0
304,ACC-100304,Lagos,2026-07-26T07:06:45.297Z,AG-1032,0,0,0,29.32,1,0,9,0
305,ACC-100305,Port Harcourt,2026-08-25T07:06:45.297Z,AG-1008,2,19.5,0,17.45,2,0,14,0
306,ACC-100306,Lagos,2026-06-17T07:06:45.297Z,AG-1005,1,18.1,0,26.21,1,2927,20,0
307,ACC-100307,Abuja,2026-08-28T07:06:45.297Z,AG-1008,3,0,0,0,1,0,19,0
308,ACC-100308,Ibadan,2026-07-05T07:06:45.297Z,AG-1000,4,0,1,13.1,0,0,16,0
309,ACC-100309,Abuja,2026-08-10T07:06:45.297Z,AG-1012,3,0,1,11.47,0,0,20,0
310,ACC-100310,Lagos,2026-07-30T07:06:45.297Z,AG-1025,4,24.8,0,9.38,1,4171,7,0
311,ACC-100311,Ibadan,2026-06-08T07:06:45.298Z,AG-1027,0,1.4,0,39.13,0,0,11,0
312,ACC-100312,Kano,2026-06-14T07:06:45.298Z,AG-1020,3,31.4,1,17.69,2,0,19,0
313,ACC-100313,Ibadan,2026-06-21T07:06:45.298Z,AG-1009,1,34.9,1,0,2,0,22,0
314,ACC-100314,Abuja,2026-06-25T07:06:45.298Z,AG-1028,1,46.1,0,3.74,1,0,19,0
315,ACC-100315,Abuja,2026-09-03T07:06:45.298Z,AG-1007,0,42.8,1,24.05,2,0,14,0
316,ACC-100316,Port Harcourt,2026-08-13T07:06:45.298Z,AG-1035,1,4.1,1,1.63,2,0,20,0
317,ACC-100317,Lagos,2026-07-27T07:06:45.298Z,AG-1011,0,67.2,0,15.46,1,0,15,0
318,ACC-100318,Port Harcourt,2026-08-22T07:06:45.298Z,AG-1016,2,24.7,1,17.64,0,0,8,0
319,ACC-100319,Kano,2026-07-17T07:06:45.298Z,AG-1002,3,11.8,0,11.76,2,0,19,0
320,ACC-100320,Lagos,2026-07-24T07:06:45.298Z,AG-1039,3,13.9,0,12.35,1,0,8,0
321,ACC-100321,Kano,2026-06-18T07:06:45.298Z,AG-1035,1,30.9,0,16.48,1,0,12,0
322,ACC-100322,Abuja,2026-06-11T07:06:45.298Z,AG-1021,2,3.3,0,0,1,1451,18,0
323,ACC-100323,Kano,2026-06-12T07:06:45.298Z,AG-1010,0,1.2,1,14.27,0,0,9,0
324,ACC-100324,Abuja,2026-06-06T07:06:45.298Z,AG-1032,2,20.3,1,27.48,0,0,22,0
325,ACC-100325,Ibadan,2026-07-06T07:06:45.298Z,AG-1015,2,41.7,1,40.29,0,0,21,0
326,ACC-100326,Kano,2026-07-27T07:06:45.298Z,AG-1012,0,6.1,1,33.68,2,0,7,0
327,ACC-100327,Lagos,2026-07-20T07:06:45.298Z,AG-1027,4,0,0,21.27,0,0,20,0
328,ACC-100328,Kano,2026-08-30T07:06:45.298Z,AG-1036,2,64.1,1,12.23,1,6610,12,0
329,ACC-100329,Kano,2026-07-06T07:06:45.298Z,AG-1008,2,0,0,12.07,0,0,21,0
330,ACC-100330,Port Harcourt,2026-08-17T07:06:45.298Z,AG-1024,3,24.7,1,23.52,0,14664,9,0
331,ACC-100331,Abuja,2026-07-17T07:06:45.298Z,AG-1020,0,21.2,0,4.34,0,1878,18,0
332,ACC-100332,Lagos,2026-06-13T07:06:45.298Z,AG-1006,2,31.9,1,15.6,0,4619,6,0
333,ACC-100333,Ibadan,2026-08-08T07:06:45.298Z,AG-1018,1,50.9,0,0,1,0,19,0
334,ACC-100334,Lagos,2026-08-04T07:06:45.298Z,AG-1029,2,73.5,0,14.25,1,0,14,0
335,ACC-100335,Abuja,2026-07-10T07:06:45.298Z,AG-1009,2,8,0,10.87,0,0,11,0
336,ACC-100336,Ibadan,2026-08-10T07:06:45.298Z,AG-1004,0,0,1,11.58,1,5943,12,0
337,ACC-100337,Lagos,2026-08-25T07:06:45.298Z,AG-1021,4,122.7,1,1.19,5,154798,4,1
338,ACC-100338,Ibadan,2026-06-23T07:06:45.298Z,AG-1014,2,10.4,0,17.2,0,0,7,0
339,ACC-100339,Abuja,2026-06-13T07:06:45.298Z,AG-1005,2,0,0,6.95,1,0,20,0
340,ACC-100340,Port Harcourt,2026-06-20T07:06:45.298Z,AG-1002,0,29.4,0,19.79,0,0,14,0
341,ACC-100341,Kano,2026-06-17T07:06:45.298Z,AG-1023,2,19.1,0,1.5,0,12073,18,0
342,ACC-100342,Port Harcourt,2026-06-12T07:06:45.298Z,AG-1035,1,11.2,0,33.15,2,0,16,0
343,ACC-100343,Lagos,2026-06-25T07:06:45.298Z,AG-1028,2,47.3,1,28.5,1,0,12,0
344,ACC-100344,Abuja,2026-06-22T07:06:45.298Z,AG-1002,2,5.8,0,6.66,0,0,17,0
345,ACC-100345,Abuja,2026-08-21T07:06:45.298Z,AG-1036,0,42.5,0,9.95,0,8238,8,0
346,ACC-100346,Port Harcourt,2026-06-08T07:06:45.298Z,AG-1011,1,106.6,0,9.38,0,0,20,0
347,ACC-100347,Kano,2026-07-16T07:06:45.298Z,AG-1006,0,1.7,0,11.51,0,7649,13,0
348,ACC-100348,Port Harcourt,2026-07-31T07:06:45.298Z,AG-1018,4,36.2,0,23.62,0,0,8,0
349,ACC-100349,Port Harcourt,2026-08-05T07:06:45.298Z,AG-1020,0,46.1,0,4.39,1,10574,17,0
350,ACC-100350,Port Harcourt,2026-08-17T07:06:45.298Z,AG-1022,1,0,0,17.72,0,0,12,0
351,ACC-100351,Abuja,2026-08-08T07:06:45.298Z,AG-1021,3,58.9,0,13.59,0,38,21,0
352,ACC-100352,Abuja,2026-08-11T07:06:45.298Z,AG-1038,2,28.4,0,24.8,0,0,22,0
353,ACC-100353,Ibadan,2026-07-27T07:06:45.298Z,AG-1018,1,0,1,4.7,0,0,11,0
354,ACC-100354,Kano,2026-06-29T07:06:45.301Z,AG-1030,1,24.1,0,4.3,1,0,21,0
355,ACC-100355,Kano,2026-06-11T07:06:45.301Z,AG-1035,1,69.5,0,8.86,0,0,19,0
356,ACC-100356,Lagos,2026-07-26T07:06:45.301Z,AG-1013,4,0.7,0,19.3,1,6688,9,0
357,ACC-100357,Abuja,2026-08-08T07:06:45.301Z,AG-1030,1,20.5,0,27.4,0,0,8,0
358,ACC-100358,Kano,2026-06-12T07:06:45.301Z,AG-1036,4,28.6,0,13.21,0,0,11,0
359,ACC-100359,Abuja,2026-06-26T07:06:45.301Z,AG-1038,0,0,1,9.47,0,0,12,0
360,ACC-100360,Port Harcourt,2026-07-10T07:06:45.301Z,AG-1039,3,4.4,0,3.35,0,0,16,0
361,ACC-100361,Port Harcourt,2026-06-28T07:06:45.301Z,AG-1014,2,44.9,1,21.38,0,0,9,0
362,ACC-100362,Port Harcourt,2026-09-04T07:06:45.301Z,AG-1006,2,20.6,0,27.91,1,0,21,0
363,ACC-100363,Lagos,2026-08-18T07:06:45.301Z,AG-1038,2,0,0,4.2,1,0,12,0
364,ACC-100364,Port Harcourt,2026-07-02T07:06:45.301Z,AG-1032,0,19.3,0,17.92,1,2028,22,0
365,ACC-100365,Abuja,2026-07-28T07:06:45.301Z,AG-1006,4,27.7,0,16.37,1,0,17,0
366,ACC-100366,Kano,2026-06-07T07:06:45.301Z,AG-1013,0,26.9,1,14.05,1,0,12,0
367,ACC-100367,Abuja,2026-07-05T07:06:45.301Z,AG-1011,2,8.5,1,2.08,0,0,9,0
368,ACC-100368,Port Harcourt,2026-08-06T07:06:45.301Z,AG-1021,2,25.6,1,21.27,2,0,7,0
369,ACC-100369,Lagos,2026-06-14T07:06:45.301Z,AG-1001,0,4,0,8.26,0,0,10,0
370,ACC-100370,Lagos,2026-08-26T07:06:45.301Z,AG-1035,3,37.8,0,20.85,0,10603,10,0
371,ACC-100371,Ibadan,2026-07-07T07:06:45.301Z,AG-1017,0,13.2,0,16.26,1,0,13,0
372,ACC-100372,Port Harcourt,2026-08-03T07:06:45.301Z,AG-1013,1,0,1,18.12,1,0,18,0
373,ACC-100373,Abuja,2026-06-28T07:06:45.301Z,AG-1027,2,30.7,0,10.72,1,0,15,0
374,ACC-100374,Kano,2026-06-25T07:06:45.301Z,AG-1017,0,29.6,0,0,3,0,16,0
375,ACC-100375,Abuja,2026-06-25T07:06:45.301Z,AG-1033,2,44.4,1,0.04,0,0,11,0
376,ACC-100376,Kano,2026-08-27T07:06:45.301Z,AG-1018,1,8.4,0,21.95,1,0,13,0
377,ACC-100377,Abuja,2026-08-13T07:06:45.301Z,AG-1032,2,35.4,0,9.86,0,0,20,0
378,ACC-100378,Port Harcourt,2026-08-08T07:06:45.301Z,AG-1029,0,0.3,0,0,0,5658,19,0
379,ACC-100379,Ibadan,2026-07-20T07:06:45.301Z,AG-1000,1,0,1,3.19,1,17501,21,0
380,ACC-100380,Abuja,2026-07-17T07:06:45.301Z,AG-1022,1,53.7,0,22.03,0,0,6,0
381,ACC-100381,Abuja,2026-06-20T07:06:45.301Z,AG-1024,1,17.5,0,0,0,18158,11,0
382,ACC-100382,Ibadan,2026-07-17T07:06:45.301Z,AG-1000,9,127.6,1,1.07,6,553930,12,1
383,ACC-100383,Kano,2026-06-28T07:06:45.301Z,AG-1039,3,8.3,0,13.36,2,0,9,0
384,ACC-100384,Abuja,2026-08-24T07:06:45.301Z,AG-1000,0,18.8,0,14.51,0,19413,13,0
385,ACC-100385,Port Harcourt,2026-07-17T07:06:45.301Z,AG-1008,3,0,0,5.99,0,0,16,0
386,ACC-100386,Abuja,2026-07-31T07:06:45.301Z,AG-1015,2,0,0,13.34,2,0,7,0
387,ACC-100387,Abuja,2026-07-04T07:06:45.301Z,AG-1014,3,20.9,0,0,1,0,19,0
388,ACC-100388,Lagos,2026-08-07T07:06:45.301Z,AG-1030,1,26.7,0,4.89,0,0,18,0
389,ACC-100389,Abuja,2026-08-15T07:06:45.302Z,AG-1023,0,26.3,0,14.65,0,0,20,0
390,ACC-100390,Kano,2026-09-01T07:06:45.302Z,AG-1021,0,6.3,0,14.11,0,0,10,0
391,ACC-100391,Port Harcourt,2026-06-29T07:06:45.302Z,AG-1028,2,2.5,0,9.35,1,38291,14,0
392,ACC-100392,Lagos,2026-08-02T07:06:45.302Z,AG-1020,4,0,1,1.22,0,0,17,0
393,ACC-100393,Abuja,2026-09-01T07:06:45.302Z,AG-1022,2,55.7,1,0,0,21662,7,0
394,ACC-100394,Port Harcourt,2026-07-04T07:06:45.302Z,AG-1007,2,12.8,1,0,0,0,20,0
395,ACC-100395,Lagos,2026-08-17T07:06:45.302Z,AG-1021,2,13.6,0,11.44,2,0,6,0
396,ACC-100396,Ibadan,2026-08-25T07:06:45.302Z,AG-1019,2,1.7,1,18.83,0,268,12,0
397,ACC-100397,Port Harcourt,2026-08-21T07:06:45.302Z,AG-1022,2,74.5,1,3.89,2,0,9,0
398,ACC-100398,Ibadan,2026-08-11T07:06:45.302Z,AG-1013,3,15,0,4.57,1,25403,19,0
399,ACC-100399,Abuja,2026-06-30T07:06:45.302Z,AG-1026,1,0,1,11.26,3,0,22,0
400,ACC-100400,Abuja,2026-08-13T07:06:45.302Z,AG-1036,3,0,0,23.92,0,0,7,0
401,ACC-100401,Kano,2026-07-31T07:06:45.302Z,AG-1013,1,9.4,0,0,0,0,15,0
402,ACC-100402,Kano,2026-08-31T07:06:45.302Z,AG-1013,5,0,1,0,0,13789,11,0
403,ACC-100403,Kano,2026-08-01T07:06:45.302Z,AG-1007,0,10.9,0,2.9,0,0,21,0
404,ACC-100404,Ibadan,2026-07-19T07:06:45.302Z,AG-1029,2,0,0,31.34,2,0,7,0
405,ACC-100405,Lagos,2026-08-24T07:06:45.302Z,AG-1000,2,91.1,0,17.38,0,0,19,0
406,ACC-100406,Lagos,2026-08-18T07:06:45.302Z,AG-1029,4,32.7,0,5.22,0,0,10,0
407,ACC-100407,Abuja,2026-06-13T07:06:45.302Z,AG-1015,2,9.3,0,8.4,0,0,12,0
408,ACC-100408,Port Harcourt,2026-06-30T07:06:45.302Z,AG-1020,5,32.3,0,5.52,1,0,15,0
409,ACC-100409,Lagos,2026-07-15T07:06:45.302Z,AG-1008,0,65.5,0,21.91,0,0,16,0
410,ACC-100410,Ibadan,2026-08-20T07:06:45.302Z,AG-1005,0,39.6,1,13.37,0,0,21,0
411,ACC-100411,Abuja,2026-08-23T07:06:45.302Z,AG-1023,1,0,0,20.55,2,0,7,0
412,ACC-100412,Abuja,2026-08-15T07:06:45.302Z,AG-1023,3,9.3,0,0,0,0,13,0
413,ACC-100413,Kano,2026-07-20T07:06:45.302Z,AG-1036,2,60.8,0,12.9,2,0,11,0
414,ACC-100414,Lagos,2026-08-20T07:06:45.302Z,AG-1002,2,19.9,0,20.98,1,0,20,0
415,ACC-100415,Port Harcourt,2026-08-26T07:06:45.302Z,AG-1022,1,290.7,1,2.15,4,135924,0,1
416,ACC-100416,Port Harcourt,2026-08-21T07:06:45.302Z,AG-1015,1,8,0,11.41,2,0,11,0
417,ACC-100417,Abuja,2026-08-05T07:06:45.302Z,AG-1016,3,48.6,1,19.12,2,0,10,0
418,ACC-100418,Kano,2026-08-20T07:06:45.302Z,AG-1011,1,5.9,1,19.42,2,9797,21,0
419,ACC-100419,Lagos,2026-08-24T07:06:45.302Z,AG-1011,5,0,0,18.52,1,21108,9,0
420,ACC-100420,Ibadan,2026-07-15T07:06:45.302Z,AG-1004,4,20.3,0,0,0,0,10,0
421,ACC-100421,Lagos,2026-07-04T07:06:45.302Z,AG-1008,4,3.9,0,1.35,0,0,15,0
422,ACC-100422,Lagos,2026-09-01T07:06:45.302Z,AG-1023,1,0,0,11.81,0,0,15,0
423,ACC-100423,Port Harcourt,2026-08-02T07:06:45.302Z,AG-1000,2,0,0,27.95,0,0,11,0
424,ACC-100424,Lagos,2026-08-24T07:06:45.302Z,AG-1033,2,0,0,19.78,1,13482,20,0
425,ACC-100425,Kano,2026-07-01T07:06:45.302Z,AG-1035,3,91.4,1,0.11,2,299941,4,1
426,ACC-100426,Lagos,2026-07-13T07:06:45.302Z,AG-1038,3,52,0,14.12,1,0,9,0
427,ACC-100427,Abuja,2026-07-21T07:06:45.302Z,AG-1021,1,21.8,0,18.87,0,0,17,0
428,ACC-100428,Kano,2026-08-13T07:06:45.302Z,AG-1023,2,0,0,6.09,1,0,18,0
429,ACC-100429,Port Harcourt,2026-06-26T07:06:45.302Z,AG-1031,3,39.8,0,15.85,1,7842,14,0
430,ACC-100430,Kano,2026-08-24T07:06:45.302Z,AG-1022,1,45.5,0,21.87,0,0,13,0
431,ACC-100431,Lagos,2026-07-31T07:06:45.302Z,AG-1010,2,29.5,0,4.33,1,0,6,0
432,ACC-100432,Port Harcourt,2026-06-29T07:06:45.302Z,AG-1037,4,50.8,1,0,0,0,22,0
433,ACC-100433,Abuja,2026-08-09T07:06:45.302Z,AG-1028,2,11.8,1,29.53,2,13351,15,0
434,ACC-100434,Ibadan,2026-09-03T07:06:45.302Z,AG-1037,0,41.4,1,23,0,25816,10,0
435,ACC-100435,Kano,2026-06-21T07:06:45.302Z,AG-1009,3,25,0,28.23,1,0,6,0
436,ACC-100436,Port Harcourt,2026-08-17T07:06:45.302Z,AG-1004,10,356,1,0.73,3,511561,13,1
437,ACC-100437,Abuja,2026-06-27T07:06:45.302Z,AG-1004,1,21.6,0,0,1,0,6,0
438,ACC-100438,Lagos,2026-06-12T07:06:45.302Z,AG-1014,3,0,0,8.34,2,0,18,0
439,ACC-100439,Lagos,2026-06-09T07:06:45.303Z,AG-1006,2,0,1,30.69,2,0,16,0
440,ACC-100440,Abuja,2026-06-26T07:06:45.303Z,AG-1005,1,37.5,1,16.72,1,0,7,0
441,ACC-100441,Kano,2026-08-31T07:06:45.303Z,AG-1031,0,24.2,0,14.89,1,1712,15,0
442,ACC-100442,Ibadan,2026-08-06T07:06:45.303Z,AG-1005,1,30.2,1,13.1,0,0,13,0
443,ACC-100443,Lagos,2026-06-22T07:06:45.303Z,AG-1028,2,10,0,15.37,0,0,7,0
444,ACC-100444,Lagos,2026-06-15T07:06:45.303Z,AG-1025,2,51,0,8.85,0,0,8,0
445,ACC-100445,Abuja,2026-07-19T07:06:45.303Z,AG-1004,2,31.2,0,0,1,0,20,0
446,ACC-100446,Ibadan,2026-07-29T07:06:45.303Z,AG-1033,0,62.6,0,0.32,1,0,14,0
447,ACC-100447,Port Harcourt,2026-08-15T07:06:45.303Z,AG-1030,0,10.4,0,26.75,1,1907,14,0
448,ACC-100448,Lagos,2026-06-17T07:06:45.303Z,AG-1025,4,261.1,1,0.78,7,84163,0,1
449,ACC-100449,Abuja,2026-07-22T07:06:45.303Z,AG-1036,1,0,0,0.79,0,0,19,0
450,ACC-100450,Lagos,2026-08-21T07:06:45.303Z,AG-1003,2,15.7,0,12.66,0,0,14,0
451,ACC-100451,Port Harcourt,2026-06-15T07:06:45.303Z,AG-1019,2,0,0,5.46,1,0,13,0
452,ACC-100452,Ibadan,2026-07-08T07:06:45.303Z,AG-1022,2,31.2,1,10.74,0,0,20,0
453,ACC-100453,Kano,2026-06-28T07:06:45.303Z,AG-1005,2,0,0,32.02,0,4615,20,0
454,ACC-100454,Abuja,2026-08-12T07:06:45.303Z,AG-1009,2,13.1,0,10.14,0,0,9,0
455,ACC-100455,Port Harcourt,2026-08-30T07:06:45.303Z,AG-1029,2,43.1,0,11.04,0,0,17,0
456,ACC-100456,Abuja,2026-07-02T07:06:45.303Z,AG-1037,2,3.1,1,5.95,1,0,8,0
457,ACC-100457,Lagos,2026-06-22T07:06:45.303Z,AG-1013,0,9.9,0,33.37,0,9218,16,0
458,ACC-100458,Lagos,2026-07-11T07:06:45.303Z,AG-1001,4,19.3,1,9.21,1,1860,16,0
459,ACC-100459,Lagos,2026-08-09T07:06:45.303Z,AG-1009,5,24.7,1,7.63,0,0,21,0
460,ACC-100460,Port Harcourt,2026-07-05T07:06:45.303Z,AG-1034,3,44,0,0,2,0,20,0
461,ACC-100461,Abuja,2026-06-17T07:06:45.303Z,AG-1014,0,14.7,0,27.02,0,0,15,0
462,ACC-100462,Lagos,2026-07-19T07:06:45.303Z,AG-1017,1,11.2,0,8.08,0,0,14,0
463,ACC-100463,Kano,2026-07-15T07:06:45.303Z,AG-1005,2,19.6,0,5.8,0,0,13,0
464,ACC-100464,Ibadan,2026-06-24T07:06:45.303Z,AG-1025,0,31.5,0,14.51,0,0,14,0
465,ACC-100465,Kano,2026-07-28T07:06:45.303Z,AG-1025,1,31.1,1,22.37,0,0,8,0
466,ACC-100466,Lagos,2026-07-27T07:06:45.303Z,AG-1032,2,17.8,0,15.5,0,0,15,0
467,ACC-100467,Abuja,2026-08-23T07:06:45.303Z,AG-1005,3,40.9,1,11.63,0,0,10,0
468,ACC-100468,Abuja,2026-06-20T07:06:45.303Z,AG-1023,0,65.1,0,10.1,0,0,18,0
469,ACC-100469,Lagos,2026-06-14T07:06:45.303Z,AG-1011,0,0,0,0,0,0,19,0
470,ACC-100470,Port Harcourt,2026-07-05T07:06:45.303Z,AG-1003,1,0,1,9.59,0,0,11,0
471,ACC-100471,Ibadan,2026-09-04T07:06:45.303Z,AG-1004,1,71.8,0,9.85,0,3739,18,0
472,ACC-100472,Kano,2026-06-15T07:06:45.303Z,AG-1015,1,7,0,18.07,1,0,17,0
473,ACC-100473,Ibadan,2026-07-07T07:06:45.303Z,AG-1011,1,0,0,0,0,0,21,0
474,ACC-100474,Ibadan,2026-08-13T07:06:45.303Z,AG-1019,2,11.8,0,19.75,0,9274,18,0
475,ACC-100475,Lagos,2026-06-22T07:06:45.303Z,AG-1008,2,46,0,21.09,0,10449,16,0
476,ACC-100476,Lagos,2026-06-18T07:06:45.303Z,AG-1025,2,28.2,0,0,0,0,22,0
477,ACC-100477,Ibadan,2026-07-07T07:06:45.303Z,AG-1013,1,2.2,0,26.7,1,0,21,0
478,ACC-100478,Ibadan,2026-07-18T07:06:45.303Z,AG-1024,0,20.3,0,36.12,1,0,7,0
479,ACC-100479,Ibadan,2026-08-05T07:06:45.303Z,AG-1035,4,193.5,1,0,5,227820,23,1
480,ACC-100480,Ibadan,2026-08-07T07:06:45.303Z,AG-1008,1,19.9,1,15.83,0,0,19,0
481,ACC-100481,Port Harcourt,2026-06-12T07:06:45.303Z,AG-1007,1,7.1,0,16.15,0,0,11,0
482,ACC-100482,Port Harcourt,2026-08-26T07:06:45.303Z,AG-1009,3,28.9,0,18.55,0,17246,10,0
483,ACC-100483,Ibadan,2026-07-03T07:06:45.303Z,AG-1007,0,10.5,1,16.81,0,0,12,0
484,ACC-100484,Kano,2026-08-06T07:06:45.303Z,AG-1016,3,9.4,0,4.24,0,0,13,0
485,ACC-100485,Port Harcourt,2026-07-16T07:06:45.303Z,AG-1002,16,224.5,0,1.09,2,351994,1,1
486,ACC-100486,Port Harcourt,2026-08-27T07:06:45.303Z,AG-1000,3,32.8,0,11.75,0,17907,10,0
487,ACC-100487,Kano,2026-06-26T07:06:45.303Z,AG-1033,2,16.8,0,28.67,1,0,17,0
488,ACC-100488,Port Harcourt,2026-08-01T07:06:45.303Z,AG-1035,4,32.2,0,10.16,0,0,6,0
489,ACC-100489,Port Harcourt,2026-08-07T07:06:45.304Z,AG-1025,0,261.5,0,0,6,415212,5,1
490,ACC-100490,Lagos,2026-07-18T07:06:45.304Z,AG-1039,3,0,0,5.38,0,0,7,0
491,ACC-100491,Port Harcourt,2026-08-29T07:06:45.304Z,AG-1011,0,0,0,23.3,0,0,13,0
492,ACC-100492,Port Harcourt,2026-08-02T07:06:45.304Z,AG-1029,0,8.9,0,30.42,1,0,8,0
493,ACC-100493,Port Harcourt,2026-07-09T07:06:45.304Z,AG-1017,1,152.1,1,0.02,4,465129,22,1
494,ACC-100494,Port Harcourt,2026-08-28T07:06:45.304Z,AG-1029,3,11.4,0,13.03,2,0,9,0
495,ACC-100495,Port Harcourt,2026-06-12T07:06:45.304Z,AG-1025,2,6.8,1,0.48,0,0,8,0
496,ACC-100496,Kano,2026-08-28T07:06:45.304Z,AG-1030,1,42.8,0,26.86,0,0,10,0
497,ACC-100497,Ibadan,2026-07-03T07:06:45.304Z,AG-1000,2,13.4,0,16.13,0,0,6,0
498,ACC-100498,Abuja,2026-06-09T07:06:45.304Z,AG-1000,1,0,1,14.04,1,0,20,0
499,ACC-100499,Ibadan,2026-08-25T07:06:45.304Z,AG-1000,0,40.5,0,15.42,0,0,14,0
500,ACC-100500,Kano,2026-07-14T07:06:45.304Z,AG-1021,0,25.1,0,29.2,0,3595,9,0
501,ACC-100501,Port Harcourt,2026-08-12T07:06:45.304Z,AG-1004,1,8.1,1,28.61,1,0,18,0
502,ACC-100502,Port Harcourt,2026-06-23T07:06:45.304Z,AG-1028,2,22.1,0,29.33,0,0,17,0
503,ACC-100503,Lagos,2026-06-19T07:06:45.304Z,AG-1014,0,3.7,0,11.41,1,0,13,0
504,ACC-100504,Kano,2026-06-25T07:06:45.304Z,AG-1017,2,13,0,4.7,0,1511,8,0
505,ACC-100505,Kano,2026-08-18T07:06:45.304Z,AG-1011,0,43.8,1,0,0,0,21,0
506,ACC-100506,Ibadan,2026-06-14T07:06:45.304Z,AG-1034,2,55.7,0,1.57,0,0,21,0
507,ACC-100507,Lagos,2026-06-18T07:06:45.304Z,AG-1015,3,24.1,0,28.31,0,5858,22,0
508,ACC-100508,Kano,2026-08-07T07:06:45.304Z,AG-1014,2,38.2,0,27.81,1,0,22,0
509,ACC-100509,Abuja,2026-08-04T07:06:45.304Z,AG-1008,0,874.3,1,1.93,6,322966,0,1
510,ACC-100510,Kano,2026-08-15T07:06:45.304Z,AG-1031,1,11.1,0,9.27,1,0,6,0
511,ACC-100511,Lagos,2026-07-30T07:06:45.304Z,AG-1039,3,0,0,18.52,1,0,6,0
512,ACC-100512,Lagos,2026-07-14T07:06:45.304Z,AG-1032,0,55.7,1,0.86,0,0,17,0
513,ACC-100513,Kano,2026-06-13T07:06:45.304Z,AG-1023,3,24.6,1,11.45,2,0,17,0
514,ACC-100514,Kano,2026-07-01T07:06:45.304Z,AG-1002,1,2.3,0,8.83,0,0,12,0
515,ACC-100515,Ibadan,2026-08-02T07:06:45.304Z,AG-1009,0,50.8,0,19.42,0,0,17,0
516,ACC-100516,Kano,2026-06-24T07:06:45.304Z,AG-1014,0,123.2,1,11.35,1,0,13,0
517,ACC-100517,Ibadan,2026-08-26T07:06:45.304Z,AG-1020,0,28.4,0,11.3,1,0,12,0
518,ACC-100518,Lagos,2026-06-27T07:06:45.304Z,AG-1004,2,6.7,1,24.65,0,0,18,0
519,ACC-100519,Abuja,2026-06-19T07:06:45.304Z,AG-1018,3,13.7,0,14.65,2,0,17,0
520,ACC-100520,Ibadan,2026-08-30T07:06:45.304Z,AG-1038,1,16.2,1,6.59,1,0,10,0
521,ACC-100521,Port Harcourt,2026-09-03T07:06:45.304Z,AG-1003,0,46.5,0,17.79,1,0,18,0
522,ACC-100522,Abuja,2026-07-29T07:06:45.304Z,AG-1020,2,0,0,38.34,1,20825,17,0
523,ACC-100523,Kano,2026-08-29T07:06:45.304Z,AG-1039,1,19.5,0,23.07,0,0,11,0
524,ACC-100524,Port Harcourt,2026-07-05T07:06:45.304Z,AG-1023,2,12.5,0,15.42,0,0,14,0
525,ACC-100525,Kano,2026-08-14T07:06:45.304Z,AG-1036,2,39.9,0,22.18,0,0,20,0
526,ACC-100526,Kano,2026-08-12T07:06:45.304Z,AG-1019,2,5.6,1,8.64,0,0,18,0
527,ACC-100527,Lagos,2026-08-25T07:06:45.304Z,AG-1023,2,17.2,0,17.21,0,0,10,0
528,ACC-100528,Ibadan,2026-08-30T07:06:45.304Z,AG-1011,1,34.9,0,24.11,0,13990,14,0
529,ACC-100529,Abuja,2026-08-09T07:06:45.304Z,AG-1032,0,52.6,1,18.76,0,12921,15,0
530,ACC-100530,Kano,2026-07-17T07:06:45.304Z,AG-1026,1,55.7,0,19.48,2,0,16,0
531,ACC-100531,Abuja,2026-07-12T07:06:45.304Z,AG-1005,1,88.7,0,10.52,3,0,13,0
532,ACC-100532,Ibadan,2026-06-27T07:06:45.304Z,AG-1012,5,2.4,0,24.92,0,0,20,0
533,ACC-100533,Abuja,2026-06-28T07:06:45.304Z,AG-1032,1,16.6,1,6.8,1,0,17,0
534,ACC-100534,Ibadan,2026-07-01T07:06:45.304Z,AG-1015,0,21,0,10.06,2,0,22,0
535,ACC-100535,Kano,2026-07-10T07:06:45.304Z,AG-1039,1,0,0,14.38,1,0,16,0
536,ACC-100536,Port Harcourt,2026-06-24T07:06:45.304Z,AG-1015,0,28.9,0,12.61,0,0,19,0
537,ACC-100537,Kano,2026-07-18T07:06:45.304Z,AG-1033,4,0.2,0,12.2,0,0,8,0
538,ACC-100538,Abuja,2026-06-18T07:06:45.304Z,AG-1019,2,6.5,1,17.51,0,950,14,0
539,ACC-100539,Ibadan,2026-07-06T07:06:45.304Z,AG-1037,1,17.5,0,2.41,0,0,8,0
540,ACC-100540,Abuja,2026-08-20T07:06:45.304Z,AG-1007,0,0,0,4.5,0,10813,18,0
541,ACC-100541,Abuja,2026-06-11T07:06:45.305Z,AG-1012,3,35.8,1,6.49,1,0,18,0
542,ACC-100542,Lagos,2026-07-25T07:06:45.305Z,AG-1012,3,69.1,1,16.43,1,0,6,0
543,ACC-100543,Abuja,2026-06-13T07:06:45.305Z,AG-1035,0,21.6,1,29.02,0,0,17,0
544,ACC-100544,Abuja,2026-08-16T07:06:45.305Z,AG-1007,1,44.5,1,10.41,2,14996,10,0
545,ACC-100545,Abuja,2026-06-18T07:06:45.305Z,AG-1027,0,0,0,13.27,1,8106,17,0
546,ACC-100546,Abuja,2026-07-10T07:06:45.305Z,AG-1007,3,298.5,1,0.29,0,300510,13,1
547,ACC-100547,Port Harcourt,2026-08-27T07:06:45.305Z,AG-1027,1,7.3,0,34.7,0,17526,21,0
548,ACC-100548,Kano,2026-07-01T07:06:45.305Z,AG-1035,1,0,1,2.55,2,0,16,0
549,ACC-100549,Abuja,2026-08-18T07:06:45.305Z,AG-1005,3,0,1,28.63,1,0,12,0
550,ACC-100550,Lagos,2026-08-08T07:06:45.305Z,AG-1025,0,48,1,14.7,2,0,9,0
551,ACC-100551,Port Harcourt,2026-08-20T07:06:45.305Z,AG-1022,3,29,0,30.77,3,0,17,0
552,ACC-100552,Ibadan,2026-07-03T07:06:45.305Z,AG-1023,3,17.4,0,12.69,1,0,10,0
553,ACC-100553,Ibadan,2026-06-25T07:06:45.305Z,AG-1038,2,0,0,10.24,1,15398,14,0
554,ACC-100554,Port Harcourt,2026-07-04T07:06:45.305Z,AG-1019,4,45.2,0,14.91,0,0,22,0
555,ACC-100555,Kano,2026-07-15T07:06:45.305Z,AG-1024,3,18.6,0,1.06,1,13481,12,0
556,ACC-100556,Port Harcourt,2026-08-12T07:06:45.305Z,AG-1029,0,0,0,17.01,1,0,9,0
557,ACC-100557,Abuja,2026-06-23T07:06:45.305Z,AG-1000,1,0,1,18.46,0,0,17,0
558,ACC-100558,Ibadan,2026-08-15T07:06:45.305Z,AG-1038,0,5.6,0,26.24,1,13460,15,0
559,ACC-100559,Port Harcourt,2026-07-20T07:06:45.305Z,AG-1013,2,0,0,0,2,0,12,0
560,ACC-100560,Kano,2026-06-12T07:06:45.305Z,AG-1030,2,20.4,0,32.51,1,12417,16,0
561,ACC-100561,Lagos,2026-06-12T07:06:45.305Z,AG-1017,3,0,0,28.99,0,0,10,0
562,ACC-100562,Ibadan,2026-08-08T07:06:45.305Z,AG-1014,3,18.1,0,3.97,0,0,16,0
563,ACC-100563,Ibadan,2026-07-05T07:06:45.305Z,AG-1034,4,15.8,0,16.81,0,7171,17,0
564,ACC-100564,Lagos,2026-07-27T07:06:45.305Z,AG-1020,1,24.7,0,3.87,1,0,15,0
565,ACC-100565,Kano,2026-08-11T07:06:45.305Z,AG-1025,3,58,0,12.54,0,0,6,0
566,ACC-100566,Lagos,2026-08-05T07:06:45.305Z,AG-1001,3,25,1,12.78,0,0,14,0
567,ACC-100567,Kano,2026-07-06T07:06:45.305Z,AG-1027,4,0,0,8.99,3,0,20,0
568,ACC-100568,Abuja,2026-06-30T07:06:45.305Z,AG-1020,0,25.8,0,29.38,2,0,20,0
569,ACC-100569,Kano,2026-08-22T07:06:45.305Z,AG-1010,4,6.7,1,26.5,0,0,7,0
570,ACC-100570,Port Harcourt,2026-08-03T07:06:45.305Z,AG-1004,2,25.8,0,7.56,1,0,18,0
571,ACC-100571,Lagos,2026-06-08T07:06:45.305Z,AG-1022,2,0,0,8.58,0,0,6,0
572,ACC-100572,Kano,2026-08-02T07:06:45.305Z,AG-1021,3,37,0,13.54,0,0,19,0
573,ACC-100573,Kano,2026-07-13T07:06:45.305Z,AG-1029,1,54.3,0,9.05,2,17596,18,0
574,ACC-100574,Kano,2026-07-31T07:06:45.305Z,AG-1005,2,30.9,1,0,1,0,18,0
575,ACC-100575,Kano,2026-07-26T07:06:45.305Z,AG-1014,0,19.8,0,4.97,0,2916,11,0
576,ACC-100576,Ibadan,2026-07-11T07:06:45.305Z,AG-1017,0,8.3,0,8.31,1,6838,14,0
577,ACC-100577,Abuja,2026-06-08T07:06:45.305Z,AG-1034,2,16.6,0,5.19,0,0,13,0
578,ACC-100578,Lagos,2026-08-27T07:06:45.305Z,AG-1027,1,22.3,0,12.03,0,0,6,0
579,ACC-100579,Ibadan,2026-07-09T07:06:45.305Z,AG-1011,2,0,1,24.1,2,0,10,0
580,ACC-100580,Kano,2026-06-07T07:06:45.305Z,AG-1006,4,52.9,0,13.52,0,0,6,0
581,ACC-100581,Port Harcourt,2026-06-16T07:06:45.306Z,AG-1015,2,6.4,0,10.13,1,0,21,0
582,ACC-100582,Kano,2026-07-15T07:06:45.306Z,AG-1024,0,25.4,0,21.62,0,0,21,0
583,ACC-100583,Ibadan,2026-08-31T07:06:45.306Z,AG-1013,1,0,1,18.72,1,0,11,0
584,ACC-100584,Kano,2026-07-17T07:06:45.306Z,AG-1023,3,96.9,0,9.62,2,0,9,0
585,ACC-100585,Port Harcourt,2026-08-21T07:06:45.306Z,AG-1005,2,0,0,3.39,0,0,22,0
586,ACC-100586,Lagos,2026-08-14T07:06:45.306Z,AG-1037,2,23.1,1,21.16,2,5831,7,0
587,ACC-100587,Port Harcourt,2026-09-04T07:06:45.306Z,AG-1025,4,10.8,1,26.41,0,0,17,0
588,ACC-100588,Kano,2026-07-15T07:06:45.306Z,AG-1015,1,0.7,0,11.61,0,0,9,0
589,ACC-100589,Abuja,2026-09-01T07:06:45.306Z,AG-1033,3,12,0,20.51,1,0,18,0
590,ACC-100590,Kano,2026-06-11T07:06:45.306Z,AG-1033,2,46.6,0,12.51,0,0,20,0
591,ACC-100591,Port Harcourt,2026-07-04T07:06:45.306Z,AG-1003,5,52.2,0,3.36,0,7632,18,0
592,ACC-100592,Ibadan,2026-08-02T07:06:45.306Z,AG-1038,0,0,0,12.27,0,9819,12,0
593,ACC-100593,Ibadan,2026-08-30T07:06:45.306Z,AG-1033,2,17.3,1,20.34,1,0,9,0
594,ACC-100594,Ibadan,2026-06-29T07:06:45.306Z,AG-1035,2,12.7,0,18.64,0,5154,9,0
595,ACC-100595,Abuja,2026-07-28T07:06:45.306Z,AG-1010,1,15,0,14.94,0,0,15,0
596,ACC-100596,Kano,2026-06-11T07:06:45.306Z,AG-1033,0,0,0,3.61,0,0,15,0
597,ACC-100597,Abuja,2026-07-10T07:06:45.306Z,AG-1005,1,0,0,0,0,0,12,0
598,ACC-100598,Port Harcourt,2026-06-21T07:06:45.306Z,AG-1034,2,3.4,0,23.94,0,0,22,0
599,ACC-100599,Abuja,2026-07-24T07:06:45.306Z,AG-1021,3,23.3,1,20.19,1,0,18,0
600,ACC-100600,Kano,2026-08-11T07:06:45.306Z,AG-1002,3,40.6,1,3.56,0,3076,17,0
601,ACC-100601,Kano,2026-08-24T07:06:45.306Z,AG-1030,3,20.8,1,12.26,1,8251,19,0
602,ACC-100602,Port Harcourt,2026-07-22T07:06:45.306Z,AG-1027,3,126.1,1,0,5,616964,14,1
603,ACC-100603,Abuja,2026-07-09T07:06:45.306Z,AG-1004,2,31.1,1,18.76,1,0,11,0
604,ACC-100604,Abuja,2026-09-03T07:06:45.306Z,AG-1023,5,13.2,0,0,0,2190,19,0
605,ACC-100605,Port Harcourt,2026-08-07T07:06:45.306Z,AG-1001,0,59.7,1,0,0,0,15,0
606,ACC-100606,Kano,2026-08-24T07:06:45.306Z,AG-1037,0,12.4,0,10.43,0,0,8,0
607,ACC-100607,Abuja,2026-07-06T07:06:45.306Z,AG-1017,4,15.3,0,16.58,3,18573,18,0
608,ACC-100608,Ibadan,2026-08-31T07:06:45.306Z,AG-1006,2,50.7,0,10.44,1,0,17,0
609,ACC-100609,Port Harcourt,2026-06-06T07:06:45.306Z,AG-1007,1,39.2,0,23.19,0,0,21,0
610,ACC-100610,Ibadan,2026-08-25T07:06:45.306Z,AG-1022,2,0,0,0.97,0,0,8,0
611,ACC-100611,Lagos,2026-06-11T07:06:45.306Z,AG-1000,1,6.4,0,28.35,0,0,12,0
612,ACC-100612,Lagos,2026-08-03T07:06:45.306Z,AG-1032,1,30.2,1,14.09,1,0,8,0
613,ACC-100613,Kano,2026-08-09T07:06:45.306Z,AG-1031,1,4.8,0,33.99,1,19967,16,0
614,ACC-100614,Abuja,2026-09-01T07:06:45.306Z,AG-1004,2,31.3,0,6.74,1,1101,17,0
615,ACC-100615,Ibadan,2026-07-21T07:06:45.306Z,AG-1022,0,22.8,1,15.48,0,0,19,0
616,ACC-100616,Abuja,2026-08-19T07:06:45.306Z,AG-1027,3,0,1,9.52,1,0,19,0
617,ACC-100617,Kano,2026-07-11T07:06:45.307Z,AG-1005,3,15.9,0,9.69,1,0,16,0
618,ACC-100618,Port Harcourt,2026-07-31T07:06:45.307Z,AG-1027,2,55.9,0,12.63,1,0,17,0
619,ACC-100619,Port Harcourt,2026-06-23T07:06:45.307Z,AG-1009,3,0,0,0,1,0,21,0
620,ACC-100620,Port Harcourt,2026-07-03T07:06:45.307Z,AG-1006,3,38.5,1,19.68,1,9219,9,0
621,ACC-100621,Port Harcourt,2026-06-30T07:06:45.307Z,AG-1020,3,32.8,0,37.63,0,0,21,0
622,ACC-100622,Abuja,2026-06-26T07:06:45.307Z,AG-1022,2,101.8,1,1.42,6,195001,3,1
623,ACC-100623,Port Harcourt,2026-06-23T07:06:45.307Z,AG-1014,4,3.4,1,12.61,1,0,9,0
624,ACC-100624,Abuja,2026-08-30T07:06:45.307Z,AG-1028,4,16.1,1,0.98,0,0,21,0
625,ACC-100625,Kano,2026-08-23T07:06:45.307Z,AG-1008,3,16,0,19.35,0,10378,17,0
626,ACC-100626,Abuja,2026-07-24T07:06:45.307Z,AG-1008,2,0,0,19.77,1,0,10,0
627,ACC-100627,Abuja,2026-07-04T07:06:45.307Z,AG-1003,3,0,0,0.63,2,0,7,0
628,ACC-100628,Abuja,2026-06-25T07:06:45.307Z,AG-1027,0,0,0,4.43,1,0,7,0
629,ACC-100629,Ibadan,2026-08-19T07:06:45.307Z,AG-1022,0,17.9,1,23.91,3,1498,20,0
630,ACC-100630,Lagos,2026-07-02T07:06:45.307Z,AG-1018,0,14.4,0,18.46,0,0,20,0
631,ACC-100631,Kano,2026-07-28T07:06:45.307Z,AG-1038,1,43.3,1,19.45,0,0,9,0
632,ACC-100632,Lagos,2026-07-06T07:06:45.307Z,AG-1000,4,5,1,16.39,1,0,19,0
633,ACC-100633,Kano,2026-06-30T07:06:45.307Z,AG-1013,0,20.3,0,24.96,2,0,8,0
634,ACC-100634,Port Harcourt,2026-06-08T07:06:45.307Z,AG-1037,1,66.5,1,11.45,0,6998,6,0
635,ACC-100635,Port Harcourt,2026-06-29T07:06:45.307Z,AG-1005,0,0,0,15.5,0,0,19,0
636,ACC-100636,Port Harcourt,2026-06-07T07:06:45.307Z,AG-1016,1,24.7,0,16.07,0,0,19,0
637,ACC-100637,Kano,2026-07-07T07:06:45.307Z,AG-1022,0,11.9,0,33.54,0,0,12,0
638,ACC-100638,Ibadan,2026-07-02T07:06:45.307Z,AG-1029,3,0,0,3.67,0,0,22,0
639,ACC-100639,Ibadan,2026-06-21T07:06:45.307Z,AG-1022,1,32.2,0,23.03,0,10043,14,0
640,ACC-100640,Kano,2026-08-02T07:06:45.307Z,AG-1017,1,2.8,1,0,0,0,8,0
641,ACC-100641,Abuja,2026-08-14T07:06:45.307Z,AG-1004,4,8.4,0,19.86,0,219,16,0
642,ACC-100642,Lagos,2026-07-03T07:06:45.307Z,AG-1009,2,0,1,13.06,1,21042,14,0
643,ACC-100643,Ibadan,2026-07-07T07:06:45.307Z,AG-1001,1,3.8,1,10.55,1,0,10,0
644,ACC-100644,Abuja,2026-07-07T07:06:45.307Z,AG-1019,0,9.3,1,0,0,0,9,0
645,ACC-100645,Kano,2026-06-17T07:06:45.307Z,AG-1022,1,39.4,1,0.73,0,0,20,0
646,ACC-100646,Ibadan,2026-08-04T07:06:45.307Z,AG-1039,3,13.5,1,2.45,0,0,15,0
647,ACC-100647,Abuja,2026-08-14T07:06:45.307Z,AG-1024,4,28,1,14.22,1,0,18,0
648,ACC-100648,Kano,2026-07-22T07:06:45.307Z,AG-1003,4,10.2,0,14.2,0,21989,12,0
649,ACC-100649,Ibadan,2026-08-03T07:06:45.307Z,AG-1007,0,21.6,0,17.05,0,0,15,0
650,ACC-100650,Lagos,2026-06-07T07:06:45.307Z,AG-1032,1,15.9,0,19.12,0,0,10,0
651,ACC-100651,Kano,2026-06-24T07:06:45.307Z,AG-1002,1,12.5,1,28.96,0,0,21,0
652,ACC-100652,Lagos,2026-09-04T07:06:45.307Z,AG-1033,0,10.2,0,24.54,1,0,22,0
653,ACC-100653,Kano,2026-07-19T07:06:45.307Z,AG-1039,3,28.6,0,23.12,1,7251,15,0
654,ACC-100654,Lagos,2026-08-18T07:06:45.307Z,AG-1009,4,32.2,0,22.21,2,10558,14,0
655,ACC-100655,Port Harcourt,2026-07-07T07:06:45.307Z,AG-1032,3,0,0,20.6,0,0,17,0
656,ACC-100656,Port Harcourt,2026-07-08T07:06:45.307Z,AG-1009,0,21,0,7.4,0,0,19,0
657,ACC-100657,Kano,2026-08-06T07:06:45.307Z,AG-1039,3,0,1,7.57,0,0,19,0
658,ACC-100658,Lagos,2026-07-11T07:06:45.308Z,AG-1026,0,13.6,0,5.24,0,0,8,0
659,ACC-100659,Lagos,2026-08-30T07:06:45.308Z,AG-1033,2,16.7,0,23.13,0,11796,7,0
660,ACC-100660,Port Harcourt,2026-08-22T07:06:45.308Z,AG-1033,1,48.9,1,2.72,1,0,11,0
661,ACC-100661,Ibadan,2026-07-24T07:06:45.308Z,AG-1027,0,28.6,0,13.69,1,0,8,0
662,ACC-100662,Port Harcourt,2026-08-07T07:06:45.308Z,AG-1020,3,0,1,14.93,0,0,14,0
663,ACC-100663,Ibadan,2026-07-31T07:06:45.308Z,AG-1025,1,0,0,8.96,2,0,9,0
664,ACC-100664,Kano,2026-07-05T07:06:45.308Z,AG-1006,0,41.3,0,0,1,0,6,0
665,ACC-100665,Ibadan,2026-06-26T07:06:45.308Z,AG-1016,0,24.5,0,22.21,3,15400,16,0
666,ACC-100666,Kano,2026-08-11T07:06:45.308Z,AG-1028,1,6.5,1,11.98,3,0,6,0
667,ACC-100667,Lagos,2026-06-26T07:06:45.308Z,AG-1030,2,13.1,0,19.44,0,0,10,0
668,ACC-100668,Lagos,2026-08-01T07:06:45.308Z,AG-1013,2,102.6,0,9.78,1,9998,14,0
669,ACC-100669,Lagos,2026-07-30T07:06:45.308Z,AG-1011,0,0,1,7.82,2,0,10,0
670,ACC-100670,Lagos,2026-06-14T07:06:45.308Z,AG-1026,2,19,0,1.64,2,0,10,0
671,ACC-100671,Abuja,2026-08-22T07:06:45.308Z,AG-1036,1,39.5,0,13.78,1,0,21,0
672,ACC-100672,Abuja,2026-07-09T07:06:45.308Z,AG-1015,1,23,1,7.58,0,1965,10,0
673,ACC-100673,Ibadan,2026-07-18T07:06:45.308Z,AG-1012,3,31.3,0,15.76,0,0,12,0
674,ACC-100674,Lagos,2026-07-31T07:06:45.308Z,AG-1026,0,0.8,0,5.55,0,0,6,0
675,ACC-100675,Lagos,2026-06-20T07:06:45.308Z,AG-1035,0,0,1,20.25,0,0,9,0
676,ACC-100676,Kano,2026-07-08T07:06:45.308Z,AG-1033,3,7.7,0,7.4,0,0,19,0
677,ACC-100677,Kano,2026-08-09T07:06:45.308Z,AG-1017,2,3.9,0,21.65,0,8714,10,0
678,ACC-100678,Port Harcourt,2026-06-21T07:06:45.308Z,AG-1039,0,16.6,0,16.24,0,0,14,0
679,ACC-100679,Port Harcourt,2026-07-11T07:06:45.308Z,AG-1004,2,33.2,1,14.12,0,0,20,0
680,ACC-100680,Port Harcourt,2026-09-02T07:06:45.308Z,AG-1019,0,17.8,0,29.38,1,0,22,0
681,ACC-100681,Abuja,2026-07-11T07:06:45.308Z,AG-1039,2,3.8,0,7.83,0,0,18,0
682,ACC-100682,Abuja,2026-08-23T07:06:45.308Z,AG-1022,1,76.9,1,25.51,0,0,18,0
683,ACC-100683,Ibadan,2026-06-21T07:06:45.308Z,AG-1025,4,16.6,1,25.9,0,0,12,0
684,ACC-100684,Port Harcourt,2026-07-07T07:06:45.308Z,AG-1038,2,5.2,1,17.38,1,0,11,0
685,ACC-100685,Kano,2026-06-22T07:06:45.308Z,AG-1014,2,50.7,1,17,0,0,17,0
686,ACC-100686,Ibadan,2026-07-05T07:06:45.308Z,AG-1008,1,43.2,0,20.74,1,0,17,0
687,ACC-100687,Ibadan,2026-07-01T07:06:45.308Z,AG-1034,0,0,1,19.81,0,0,15,0
688,ACC-100688,Ibadan,2026-06-11T07:06:45.308Z,AG-1010,5,50.2,0,10.63,0,0,11,0
689,ACC-100689,Ibadan,2026-06-07T07:06:45.308Z,AG-1030,0,5.3,1,6.59,2,0,9,0
690,ACC-100690,Port Harcourt,2026-06-11T07:06:45.308Z,AG-1030,1,0,1,0,3,0,8,0
691,ACC-100691,Abuja,2026-07-31T07:06:45.308Z,AG-1025,2,0,1,9.35,3,0,17,0
692,ACC-100692,Ibadan,2026-08-06T07:06:45.308Z,AG-1002,0,30.3,1,8.49,1,0,16,0
693,ACC-100693,Abuja,2026-07-08T07:06:45.308Z,AG-1037,2,0,0,26.02,2,0,13,0
694,ACC-100694,Ibadan,2026-09-02T07:06:45.308Z,AG-1003,2,2.7,1,0.16,1,0,22,0
695,ACC-100695,Port Harcourt,2026-08-11T07:06:45.308Z,AG-1015,0,6.5,0,22.34,1,8509,20,0
696,ACC-100696,Kano,2026-07-13T07:06:45.308Z,AG-1031,4,0,0,2.34,0,0,19,0
697,ACC-100697,Port Harcourt,2026-06-29T07:06:45.308Z,AG-1033,1,2.6,0,5.69,1,0,12,0
698,ACC-100698,Port Harcourt,2026-06-18T07:06:45.308Z,AG-1017,2,11.2,0,8.08,1,5475,15,0
699,ACC-100699,Abuja,2026-07-25T07:06:45.308Z,AG-1008,1,30.3,0,22.47,1,858,18,0
700,ACC-100700,Ibadan,2026-08-23T07:06:45.308Z,AG-1024,3,61.1,0,3.11,0,0,20,0
701,ACC-100701,Port Harcourt,2026-07-23T07:06:45.308Z,AG-1034,1,45.5,0,20.05,0,17647,18,0
702,ACC-100702,Port Harcourt,2026-06-27T07:06:45.308Z,AG-1036,2,20.8,0,31.1,1,0,10,0
703,ACC-100703,Lagos,2026-08-23T07:06:45.310Z,AG-1004,1,24.2,1,6.83,0,0,9,0
704,ACC-100704,Port Harcourt,2026-07-25T07:06:45.310Z,AG-1020,0,16,0,13.13,0,0,6,0
705,ACC-100705,Lagos,2026-08-22T07:06:45.310Z,AG-1033,1,21.9,0,13.6,1,0,15,0
706,ACC-100706,Port Harcourt,2026-08-24T07:06:45.310Z,AG-1013,2,27.8,1,20.92,0,0,7,0
707,ACC-100707,Ibadan,2026-08-21T07:06:45.310Z,AG-1005,4,10.7,0,12.66,1,0,10,0
708,ACC-100708,Port Harcourt,2026-07-28T07:06:45.310Z,AG-1016,2,5.1,1,6.53,0,0,14,0
709,ACC-100709,Port Harcourt,2026-06-07T07:06:45.313Z,AG-1004,1,80.8,1,2.75,0,0,20,0
710,ACC-100710,Ibadan,2026-07-20T07:06:45.313Z,AG-1021,3,15.7,0,26.77,0,0,15,0
711,ACC-100711,Kano,2026-08-28T07:06:45.313Z,AG-1007,3,16,1,3.06,1,0,17,0
712,ACC-100712,Kano,2026-07-27T07:06:45.313Z,AG-1015,2,14.1,0,1.08,0,0,11,0
713,ACC-100713,Port Harcourt,2026-07-15T07:06:45.313Z,AG-1010,3,0,1,2.05,6,517930,3,1
714,ACC-100714,Abuja,2026-07-30T07:06:45.313Z,AG-1038,3,23.6,0,8.26,0,7890,20,0
715,ACC-100715,Port Harcourt,2026-08-01T07:06:45.313Z,AG-1030,0,49.3,0,1.05,0,0,21,0
716,ACC-100716,Lagos,2026-06-06T07:06:45.313Z,AG-1005,1,9.8,0,10.63,1,6007,20,0
717,ACC-100717,Ibadan,2026-07-28T07:06:45.313Z,AG-1039,3,58.2,1,10.58,2,0,7,0
718,ACC-100718,Abuja,2026-08-19T07:06:45.313Z,AG-1002,3,45.6,0,16.24,1,0,11,0
719,ACC-100719,Port Harcourt,2026-08-09T07:06:45.313Z,AG-1016,0,77.3,0,15.26,0,0,21,0
720,ACC-100720,Abuja,2026-07-01T07:06:45.313Z,AG-1017,2,17.3,0,13.93,0,0,21,0
721,ACC-100721,Ibadan,2026-06-20T07:06:45.313Z,AG-1014,5,0,1,13.57,0,0,10,0
722,ACC-100722,Kano,2026-07-14T07:06:45.313Z,AG-1026,2,30.2,0,13.38,0,0,7,0
723,ACC-100723,Lagos,2026-07-07T07:06:45.313Z,AG-1010,1,2.5,1,9.61,0,0,19,0
724,ACC-100724,Kano,2026-08-07T07:06:45.313Z,AG-1009,3,22.8,0,23.22,1,0,15,0
725,ACC-100725,Abuja,2026-06-27T07:06:45.313Z,AG-1014,3,196.2,1,1.23,4,583577,9,1
726,ACC-100726,Ibadan,2026-08-30T07:06:45.313Z,AG-1025,2,41.3,0,10.82,2,0,20,0
727,ACC-100727,Kano,2026-08-21T07:06:45.313Z,AG-1012,3,6.5,0,26.91,1,20308,22,0
728,ACC-100728,Ibadan,2026-06-19T07:06:45.313Z,AG-1003,5,0,0,14.55,2,16073,18,0
729,ACC-100729,Port Harcourt,2026-07-26T07:06:45.313Z,AG-1025,0,31.1,0,10.95,1,0,11,0
730,ACC-100730,Ibadan,2026-08-28T07:06:45.313Z,AG-1033,2,18.6,1,5.78,1,0,7,0
731,ACC-100731,Port Harcourt,2026-08-24T07:06:45.313Z,AG-1030,5,0,1,1.76,6,296875,13,1
732,ACC-100732,Port Harcourt,2026-06-30T07:06:45.313Z,AG-1022,2,22,0,16.74,0,0,15,0
733,ACC-100733,Ibadan,2026-08-25T07:06:45.313Z,AG-1004,0,39.3,0,13.39,2,0,17,0
734,ACC-100734,Lagos,2026-06-22T07:06:45.313Z,AG-1029,5,122.2,1,0.24,8,0,15,1
735,ACC-100735,Abuja,2026-06-28T07:06:45.313Z,AG-1039,2,3.7,0,7.62,0,0,6,0
736,ACC-100736,Lagos,2026-08-05T07:06:45.313Z,AG-1038,1,44.2,1,31.83,1,0,18,0
737,ACC-100737,Abuja,2026-08-22T07:06:45.313Z,AG-1015,1,13.8,0,29.38,0,0,12,0
738,ACC-100738,Lagos,2026-06-23T07:06:45.313Z,AG-1000,0,56.8,0,11.47,1,0,12,0
739,ACC-100739,Ibadan,2026-07-31T07:06:45.313Z,AG-1030,1,29.6,0,10.33,1,17049,18,0
740,ACC-100740,Abuja,2026-06-18T07:06:45.313Z,AG-1038,0,300.8,1,2.13,2,56260,3,1
741,ACC-100741,Abuja,2026-06-26T07:06:45.313Z,AG-1025,2,23.9,0,0,1,0,17,0
742,ACC-100742,Ibadan,2026-08-22T07:06:45.313Z,AG-1030,2,2.6,0,27.63,1,4950,19,0
743,ACC-100743,Kano,2026-08-29T07:06:45.313Z,AG-1021,1,44.6,1,27.07,1,0,11,0
744,ACC-100744,Lagos,2026-06-13T07:06:45.313Z,AG-1013,0,6.7,0,25.33,2,0,21,0
745,ACC-100745,Kano,2026-08-15T07:06:45.313Z,AG-1017,0,0,0,4.87,0,0,21,0
746,ACC-100746,Ibadan,2026-06-07T07:06:45.313Z,AG-1011,0,6.2,1,20.74,1,0,11,0
747,ACC-100747,Ibadan,2026-06-26T07:06:45.313Z,AG-1019,2,0,0,16.56,1,14304,14,0
748,ACC-100748,Port Harcourt,2026-09-01T07:06:45.313Z,AG-1004,3,37.1,0,25.54,1,0,21,0
749,ACC-100749,Lagos,2026-08-30T07:06:45.313Z,AG-1005,0,30.6,0,16.25,1,0,9,0
750,ACC-100750,Kano,2026-07-26T07:06:45.313Z,AG-1021,1,48.7,0,1.6,2,0,7,0
751,ACC-100751,Ibadan,2026-06-06T07:06:45.313Z,AG-1037,3,1.9,1,2.14,0,0,18,0
752,ACC-100752,Port Harcourt,2026-08-03T07:06:45.317Z,AG-1008,2,0,0,18.08,0,14225,20,0
753,ACC-100753,Lagos,2026-06-28T07:06:45.317Z,AG-1033,2,44.4,0,12.77,0,10042,7,0
754,ACC-100754,Kano,2026-08-24T07:06:45.317Z,AG-1030,3,14.2,0,0,0,0,22,0
755,ACC-100755,Port Harcourt,2026-08-03T07:06:45.317Z,AG-1025,1,74.5,0,7.19,0,12565,17,0
756,ACC-100756,Kano,2026-09-01T07:06:45.317Z,AG-1020,4,5.9,0,0.97,2,14850,2,1
757,ACC-100757,Abuja,2026-06-26T07:06:45.317Z,AG-1032,0,21.2,0,28.12,1,0,6,0
758,ACC-100758,Kano,2026-08-23T07:06:45.317Z,AG-1006,0,0,1,10.16,1,0,15,0
759,ACC-100759,Lagos,2026-07-27T07:06:45.317Z,AG-1017,2,61.3,0,8.4,1,10657,9,0
760,ACC-100760,Kano,2026-08-31T07:06:45.317Z,AG-1028,5,29.9,0,0.74,0,0,17,0
761,ACC-100761,Abuja,2026-08-23T07:06:45.317Z,AG-1026,3,0,0,24.37,1,0,18,0
762,ACC-100762,Lagos,2026-06-29T07:06:45.317Z,AG-1027,2,23.9,0,24.55,0,15077,15,0
763,ACC-100763,Port Harcourt,2026-08-02T07:06:45.317Z,AG-1025,3,36.3,0,19.12,4,0,17,0
764,ACC-100764,Ibadan,2026-07-24T07:06:45.317Z,AG-1019,3,475.8,1,0.26,2,366893,3,1
765,ACC-100765,Lagos,2026-08-10T07:06:45.317Z,AG-1011,2,2.1,1,31.87,1,0,20,0
766,ACC-100766,Ibadan,2026-08-08T07:06:45.317Z,AG-1015,3,38.5,0,20.42,0,0,15,0
767,ACC-100767,Port Harcourt,2026-06-30T07:06:45.317Z,AG-1007,0,4.6,0,4.8,0,0,20,0
768,ACC-100768,Port Harcourt,2026-08-24T07:06:45.317Z,AG-1016,1,16.6,1,16.71,0,0,12,0
769,ACC-100769,Abuja,2026-06-06T07:06:45.317Z,AG-1037,1,18.6,0,26.45,1,0,8,0
770,ACC-100770,Ibadan,2026-06-27T07:06:45.317Z,AG-1036,1,10.8,0,20.91,0,0,7,0
771,ACC-100771,Lagos,2026-07-29T07:06:45.317Z,AG-1016,3,9.8,0,6.38,1,0,11,0
772,ACC-100772,Lagos,2026-06-25T07:06:45.317Z,AG-1013,2,13.7,0,3.36,0,0,19,0
773,ACC-100773,Port Harcourt,2026-09-03T07:06:45.317Z,AG-1023,1,0,1,2.85,1,0,16,0
774,ACC-100774,Port Harcourt,2026-07-17T07:06:45.317Z,AG-1035,2,12.1,0,16.85,1,0,8,0
775,ACC-100775,Kano,2026-08-25T07:06:45.317Z,AG-1028,1,7,0,11.55,3,0,16,0
776,ACC-100776,Port Harcourt,2026-07-15T07:06:45.317Z,AG-1003,1,50.8,1,16.05,1,0,11,0
777,ACC-100777,Lagos,2026-06-26T07:06:45.317Z,AG-1000,0,19.1,0,13.02,1,0,8,0
778,ACC-100778,Abuja,2026-09-01T07:06:45.317Z,AG-1034,1,8.9,1,4.24,0,0,14,0
779,ACC-100779,Lagos,2026-08-03T07:06:45.317Z,AG-1025,2,13.4,0,18.81,1,0,12,0
780,ACC-100780,Port Harcourt,2026-06-26T07:06:45.317Z,AG-1030,0,0,0,0,0,0,6,0
781,ACC-100781,Port Harcourt,2026-06-18T07:06:45.317Z,AG-1015,2,12.4,0,28.77,1,0,19,0
782,ACC-100782,Abuja,2026-06-29T07:06:45.317Z,AG-1036,3,45.1,0,6.4,1,0,8,0
783,ACC-100783,Port Harcourt,2026-08-03T07:06:45.317Z,AG-1016,2,6.2,0,16.3,0,0,8,0
784,ACC-100784,Ibadan,2026-07-17T07:06:45.317Z,AG-1004,2,54.9,0,17.75,1,0,17,0
785,ACC-100785,Port Harcourt,2026-07-18T07:06:45.317Z,AG-1008,2,15.4,1,0,1,0,15,0
786,ACC-100786,Abuja,2026-08-15T07:06:45.317Z,AG-1037,1,20,1,10,1,0,12,0
787,ACC-100787,Lagos,2026-07-17T07:06:45.317Z,AG-1006,3,22.4,0,17.85,2,0,8,0
788,ACC-100788,Abuja,2026-06-07T07:06:45.317Z,AG-1024,4,11.4,1,5.53,0,15487,19,0
789,ACC-100789,Port Harcourt,2026-07-23T07:06:45.317Z,AG-1010,0,0,0,8.15,2,0,10,0
790,ACC-100790,Abuja,2026-06-22T07:06:45.317Z,AG-1010,0,5.5,0,9.05,2,20121,19,0
791,ACC-100791,Abuja,2026-06-28T07:06:45.317Z,AG-1006,2,8.4,0,12.84,1,9716,18,0
792,ACC-100792,Kano,2026-06-06T07:06:45.317Z,AG-1005,3,0,0,19.22,1,0,6,0
793,ACC-100793,Kano,2026-07-12T07:06:45.317Z,AG-1003,2,12.2,0,28.93,0,9271,11,0
794,ACC-100794,Port Harcourt,2026-06-24T07:06:45.317Z,AG-1022,1,43,0,0,4,0,9,0
795,ACC-100795,Port Harcourt,2026-09-01T07:06:45.317Z,AG-1038,2,0,0,14.87,0,0,8,0
796,ACC-100796,Kano,2026-08-22T07:06:45.317Z,AG-1025,2,32.6,0,3.75,0,11739,9,0
797,ACC-100797,Lagos,2026-08-03T07:06:45.317Z,AG-1025,1,23.8,0,14.25,1,0,22,0
798,ACC-100798,Ibadan,2026-06-20T07:06:45.317Z,AG-1001,1,27.6,0,25.92,1,0,10,0
799,ACC-100799,Port Harcourt,2026-07-26T07:06:45.317Z,AG-1039,1,10.9,0,24.81,0,0,15,0
800,ACC-100800,Kano,2026-07-05T07:06:45.317Z,AG-1000,0,3.5,0,4.74,0,0,22,0
801,ACC-100801,Lagos,2026-08-12T07:06:45.317Z,AG-1030,0,0,1,21.07,0,0,12,0
802,ACC-100802,Lagos,2026-06-08T07:06:45.317Z,AG-1035,2,35.4,0,34.79,1,0,10,0
803,ACC-100803,Port Harcourt,2026-09-04T07:06:45.317Z,AG-1021,4,8.1,0,24.24,1,0,17,0
804,ACC-100804,Ibadan,2026-07-21T07:06:45.317Z,AG-1009,4,16.2,1,14.2,0,0,19,0
805,ACC-100805,Kano,2026-08-14T07:06:45.317Z,AG-1029,0,0,0,32.94,0,25735,12,0
806,ACC-100806,Ibadan,2026-08-16T07:06:45.317Z,AG-1024,4,7,0,2.27,0,8702,8,0
807,ACC-100807,Abuja,2026-06-28T07:06:45.317Z,AG-1019,1,1.3,0,7.61,1,0,11,0
808,ACC-100808,Abuja,2026-08-25T07:06:45.317Z,AG-1013,1,28.1,1,22.53,0,0,20,0
809,ACC-100809,Abuja,2026-07-23T07:06:45.317Z,AG-1027,0,12.4,0,7.47,3,0,19,0
810,ACC-100810,Lagos,2026-08-13T07:06:45.317Z,AG-1032,2,8.8,0,11.94,0,0,11,0
811,ACC-100811,Lagos,2026-07-12T07:06:45.317Z,AG-1039,1,0,1,16.65,1,0,10,0
812,ACC-100812,Kano,2026-08-20T07:06:45.317Z,AG-1032,3,15.6,0,16.67,1,0,9,0
813,ACC-100813,Lagos,2026-07-12T07:06:45.317Z,AG-1004,0,93.3,0,10.35,2,0,21,0
814,ACC-100814,Ibadan,2026-08-24T07:06:45.317Z,AG-1036,0,14.2,0,19.95,1,0,7,0
815,ACC-100815,Port Harcourt,2026-07-26T07:06:45.317Z,AG-1010,4,126.6,0,15.16,1,0,19,0
816,ACC-100816,Lagos,2026-08-14T07:06:45.317Z,AG-1009,3,58.5,1,12.01,0,0,19,0
817,ACC-100817,Abuja,2026-06-06T07:06:45.317Z,AG-1000,3,6.7,0,0,0,4964,17,0
818,ACC-100818,Abuja,2026-08-10T07:06:45.317Z,AG-1035,1,370.1,1,0.54,0,140616,19,1
819,ACC-100819,Port Harcourt,2026-08-27T07:06:45.317Z,AG-1013,0,303.2,1,2.83,3,331146,22,1
820,ACC-100820,Kano,2026-06-10T07:06:45.317Z,AG-1009,0,68.5,0,19.92,0,0,15,0
821,ACC-100821,Port Harcourt,2026-08-21T07:06:45.317Z,AG-1025,1,45,1,13.17,1,20139,22,0
822,ACC-100822,Lagos,2026-06-09T07:06:45.317Z,AG-1033,2,69.7,1,1.72,1,0,18,0
823,ACC-100823,Ibadan,2026-07-25T07:06:45.317Z,AG-1031,3,14,1,11.9,2,0,9,0
824,ACC-100824,Ibadan,2026-07-29T07:06:45.317Z,AG-1011,0,26.9,1,23.44,2,8125,8,0
825,ACC-100825,Port Harcourt,2026-07-12T07:06:45.317Z,AG-1014,1,0,0,16.65,1,0,8,0
826,ACC-100826,Port Harcourt,2026-08-14T07:06:45.317Z,AG-1026,0,24.2,0,0.39,0,0,14,0
827,ACC-100827,Abuja,2026-08-21T07:06:45.317Z,AG-1010,0,49.4,0,22.8,0,0,7,0
828,ACC-100828,Ibadan,2026-07-09T07:06:45.317Z,AG-1036,3,26.7,0,12.71,0,0,8,0
829,ACC-100829,Lagos,2026-08-01T07:06:45.317Z,AG-1005,1,22.2,0,3.05,1,20677,8,0
830,ACC-100830,Lagos,2026-08-17T07:06:45.317Z,AG-1006,8,189.1,0,0.55,6,43432,0,1
831,ACC-100831,Ibadan,2026-06-11T07:06:45.317Z,AG-1034,0,103.9,0,15.82,0,0,8,0
832,ACC-100832,Port Harcourt,2026-07-09T07:06:45.317Z,AG-1005,1,28.4,0,15.25,1,0,15,0
833,ACC-100833,Ibadan,2026-09-02T07:06:45.317Z,AG-1023,1,0,0,21.55,1,0,14,0
834,ACC-100834,Abuja,2026-07-04T07:06:45.317Z,AG-1018,1,35.1,0,1.95,0,0,6,0
835,ACC-100835,Ibadan,2026-07-03T07:06:45.317Z,AG-1008,1,20.9,0,24.32,1,0,12,0
836,ACC-100836,Ibadan,2026-08-14T07:06:45.317Z,AG-1013,0,12.5,0,33.45,0,0,20,0
837,ACC-100837,Kano,2026-08-17T07:06:45.317Z,AG-1007,0,0,0,7.22,0,0,17,0
838,ACC-100838,Ibadan,2026-07-28T07:06:45.317Z,AG-1021,3,13.2,0,10.47,0,0,15,0
839,ACC-100839,Ibadan,2026-06-22T07:06:45.317Z,AG-1013,1,25.8,1,15.55,0,0,19,0
840,ACC-100840,Abuja,2026-07-03T07:06:45.317Z,AG-1027,3,24.4,0,0,0,4930,8,0
841,ACC-100841,Kano,2026-08-02T07:06:45.317Z,AG-1032,3,88.6,0,4.93,2,0,18,0
842,ACC-100842,Port Harcourt,2026-08-03T07:06:45.317Z,AG-1017,1,33.9,0,16.36,1,0,14,0
843,ACC-100843,Abuja,2026-08-08T07:06:45.317Z,AG-1038,1,21.7,0,24.79,3,0,6,0
844,ACC-100844,Lagos,2026-07-02T07:06:45.317Z,AG-1031,2,21.9,1,14.69,1,0,13,0
845,ACC-100845,Ibadan,2026-08-02T07:06:45.317Z,AG-1030,2,27,0,3.18,1,0,15,0
846,ACC-100846,Kano,2026-06-27T07:06:45.317Z,AG-1017,0,0,0,16.73,0,0,18,0
847,ACC-100847,Abuja,2026-08-23T07:06:45.317Z,AG-1038,4,26,0,14.01,0,0,18,0
848,ACC-100848,Lagos,2026-06-21T07:06:45.318Z,AG-1010,0,0,1,11.52,2,25468,8,0
849,ACC-100849,Port Harcourt,2026-07-31T07:06:45.318Z,AG-1001,0,0,1,21.1,0,0,15,0
850,ACC-100850,Kano,2026-06-17T07:06:45.318Z,AG-1012,0,18,1,0.3,0,0,9,0
851,ACC-100851,Port Harcourt,2026-07-16T07:06:45.318Z,AG-1008,2,57.4,1,25.67,0,0,14,0
852,ACC-100852,Abuja,2026-09-04T07:06:45.318Z,AG-1023,0,268,1,0.54,1,142303,3,1
853,ACC-100853,Abuja,2026-07-16T07:06:45.318Z,AG-1039,1,58.7,0,22.97,2,0,21,0
854,ACC-100854,Ibadan,2026-08-04T07:06:45.318Z,AG-1008,0,90.3,0,23.28,0,0,21,0
855,ACC-100855,Lagos,2026-07-28T07:06:45.318Z,AG-1029,3,14.9,0,16.48,1,0,8,0
856,ACC-100856,Lagos,2026-07-03T07:06:45.318Z,AG-1022,1,5.3,1,9.28,0,0,10,0
857,ACC-100857,Lagos,2026-08-22T07:06:45.318Z,AG-1035,0,0,0,17.61,0,27241,16,0
858,ACC-100858,Abuja,2026-08-08T07:06:45.318Z,AG-1022,2,0,0,8.46,1,13163,15,0
859,ACC-100859,Port Harcourt,2026-08-13T07:06:45.318Z,AG-1031,2,39.3,0,13.78,0,0,10,0
860,ACC-100860,Kano,2026-08-19T07:06:45.318Z,AG-1031,3,15,0,0,0,0,22,0
861,ACC-100861,Abuja,2026-06-27T07:06:45.318Z,AG-1024,2,6.7,1,25.48,1,0,15,0
862,ACC-100862,Port Harcourt,2026-08-16T07:06:45.318Z,AG-1033,2,13.7,0,21.5,1,0,10,0
863,ACC-100863,Ibadan,2026-07-09T07:06:45.318Z,AG-1025,0,0,0,3.39,2,0,9,0
864,ACC-100864,Abuja,2026-07-25T07:06:45.318Z,AG-1019,0,341.1,1,1.39,6,76278,0,1
865,ACC-100865,Ibadan,2026-08-19T07:06:45.318Z,AG-1030,2,32.2,0,13.85,0,6110,22,0
866,ACC-100866,Kano,2026-07-17T07:06:45.318Z,AG-1033,4,0,0,17.19,0,0,21,0
867,ACC-100867,Abuja,2026-06-12T07:06:45.318Z,AG-1022,0,0.6,0,34.41,2,0,13,0
868,ACC-100868,Lagos,2026-08-31T07:06:45.318Z,AG-1006,3,7,0,18.09,0,0,14,0
869,ACC-100869,Port Harcourt,2026-07-16T07:06:45.318Z,AG-1035,3,32.8,1,14.12,1,3046,22,0
870,ACC-100870,Lagos,2026-07-12T07:06:45.318Z,AG-1016,1,29.8,0,26.45,0,21894,10,0
871,ACC-100871,Ibadan,2026-08-25T07:06:45.318Z,AG-1020,0,48,0,17.36,0,0,22,0
872,ACC-100872,Lagos,2026-08-12T07:06:45.318Z,AG-1003,1,14,0,11.98,1,0,13,0
873,ACC-100873,Port Harcourt,2026-07-15T07:06:45.318Z,AG-1028,0,40.9,1,24.21,2,0,13,0
874,ACC-100874,Port Harcourt,2026-06-27T07:06:45.318Z,AG-1025,1,32,1,2.15,0,0,21,0
875,ACC-100875,Kano,2026-06-22T07:06:45.318Z,AG-1017,0,12.5,1,6.34,1,0,11,0
876,ACC-100876,Ibadan,2026-07-11T07:06:45.318Z,AG-1019,2,13.8,0,24.33,1,0,22,0
877,ACC-100877,Lagos,2026-09-03T07:06:45.318Z,AG-1018,1,47.6,0,33.54,0,0,16,0
878,ACC-100878,Ibadan,2026-06-06T07:06:45.318Z,AG-1006,0,33.1,0,23.94,2,14764,12,0
879,ACC-100879,Abuja,2026-06-07T07:06:45.318Z,AG-1025,2,22.1,1,22.98,0,0,6,0
880,ACC-100880,Ibadan,2026-07-10T07:06:45.318Z,AG-1002,0,76.2,1,17.65,1,1935,14,0
881,ACC-100881,Abuja,2026-06-19T07:06:45.318Z,AG-1017,4,6.3,1,8.78,1,0,17,0
882,ACC-100882,Lagos,2026-07-09T07:06:45.318Z,AG-1022,3,51.8,0,7.03,0,0,9,0
883,ACC-100883,Lagos,2026-07-28T07:06:45.318Z,AG-1018,3,24.1,0,19.46,1,0,22,0
884,ACC-100884,Port Harcourt,2026-06-30T07:06:45.318Z,AG-1001,10,362.4,1,0.77,4,498842,0,1
885,ACC-100885,Abuja,2026-06-19T07:06:45.318Z,AG-1001,1,1.7,0,23.25,0,0,15,0
886,ACC-100886,Port Harcourt,2026-09-04T07:06:45.318Z,AG-1009,2,0.9,1,4.54,0,0,19,0
887,ACC-100887,Kano,2026-08-21T07:06:45.318Z,AG-1022,0,0,0,9.26,0,0,19,0
888,ACC-100888,Kano,2026-07-31T07:06:45.318Z,AG-1008,0,12.9,0,36.45,1,0,7,0
889,ACC-100889,Port Harcourt,2026-08-08T07:06:45.318Z,AG-1018,3,16.8,0,18.34,2,0,21,0
890,ACC-100890,Abuja,2026-09-02T07:06:45.318Z,AG-1008,0,44.8,0,11.31,0,0,18,0
891,ACC-100891,Port Harcourt,2026-08-17T07:06:45.318Z,AG-1025,0,13.8,0,26.6,1,0,7,0
892,ACC-100892,Lagos,2026-07-11T07:06:45.318Z,AG-1017,3,0,0,17.22,1,0,7,0
893,ACC-100893,Abuja,2026-06-11T07:06:45.318Z,AG-1028,0,27.6,0,20.14,0,0,14,0
894,ACC-100894,Lagos,2026-08-27T07:06:45.318Z,AG-1026,4,0,0,6.79,0,1518,10,0
895,ACC-100895,Kano,2026-06-11T07:06:45.318Z,AG-1019,2,32,1,19.93,0,0,13,0
896,ACC-100896,Kano,2026-07-26T07:06:45.318Z,AG-1038,2,20.6,0,27.86,0,0,22,0
897,ACC-100897,Lagos,2026-06-08T07:06:45.318Z,AG-1028,0,0,0,16.79,1,0,19,0
898,ACC-100898,Kano,2026-07-07T07:06:45.318Z,AG-1005,0,55.9,0,2.59,1,0,6,0
899,ACC-100899,Ibadan,2026-08-07T07:06:45.318Z,AG-1038,2,48.6,0,24.95,1,0,6,0
900,ACC-100900,Kano,2026-06-16T07:06:45.318Z,AG-1030,2,13.3,0,9.61,0,0,20,0
901,ACC-100901,Abuja,2026-06-14T07:06:45.318Z,AG-1034,0,55.7,0,12.01,4,10736,15,0
902,ACC-100902,Port Harcourt,2026-07-01T07:06:45.318Z,AG-1008,0,0,0,2.47,0,0,21,0
903,ACC-100903,Ibadan,2026-09-03T07:06:45.318Z,AG-1015,2,0,0,16.13,0,0,17,0
904,ACC-100904,Lagos,2026-08-15T07:06:45.318Z,AG-1020,3,1.1,0,11.12,0,0,6,0
905,ACC-100905,Abuja,2026-07-30T07:06:45.318Z,AG-1037,1,0.5,1,0,0,453,22,0
906,ACC-100906,Kano,2026-07-10T07:06:45.318Z,AG-1038,2,0,0,21.65,0,0,7,0
907,ACC-100907,Lagos,2026-07-04T07:06:45.318Z,AG-1012,2,62.5,0,12.05,0,0,20,0
908,ACC-100908,Lagos,2026-08-23T07:06:45.318Z,AG-1009,1,7.2,1,29.02,2,0,13,0
909,ACC-100909,Lagos,2026-08-12T07:06:45.318Z,AG-1005,1,36.1,0,0,2,14231,15,0
910,ACC-100910,Kano,2026-08-23T07:06:45.318Z,AG-1008,3,47.2,1,14.2,0,0,11,0
911,ACC-100911,Kano,2026-06-24T07:06:45.318Z,AG-1019,2,35.9,1,10.51,1,0,21,0
912,ACC-100912,Port Harcourt,2026-06-24T07:06:45.318Z,AG-1012,3,39.2,0,18.56,0,0,11,0
913,ACC-100913,Lagos,2026-09-04T07:06:45.318Z,AG-1021,1,37.5,0,5.81,0,0,14,0
914,ACC-100914,Port Harcourt,2026-08-28T07:06:45.318Z,AG-1030,0,10.7,0,7.23,0,0,17,0
915,ACC-100915,Lagos,2026-08-08T07:06:45.318Z,AG-1017,3,39,1,25.18,2,0,7,0
916,ACC-100916,Abuja,2026-06-16T07:06:45.318Z,AG-1033,2,0,1,23.19,1,0,12,0
917,ACC-100917,Kano,2026-06-10T07:06:45.318Z,AG-1031,3,52.7,0,14.57,0,6507,16,0
918,ACC-100918,Kano,2026-09-01T07:06:45.318Z,AG-1000,0,85.4,0,19.36,0,0,15,0
919,ACC-100919,Kano,2026-06-12T07:06:45.318Z,AG-1036,0,0,0,13.66,0,0,16,0
920,ACC-100920,Port Harcourt,2026-07-29T07:06:45.318Z,AG-1000,2,1.7,0,18.19,1,0,19,0
921,ACC-100921,Abuja,2026-08-30T07:06:45.318Z,AG-1006,2,37.4,0,21.87,3,0,6,0
922,ACC-100922,Port Harcourt,2026-08-29T07:06:45.318Z,AG-1036,0,26.7,0,11.34,1,0,12,0
923,ACC-100923,Ibadan,2026-07-31T07:06:45.318Z,AG-1038,2,32.1,0,0,1,0,7,0
924,ACC-100924,Ibadan,2026-08-16T07:06:45.318Z,AG-1003,0,37.1,1,19.02,1,14753,7,0
925,ACC-100925,Ibadan,2026-07-08T07:06:45.318Z,AG-1010,3,8.3,1,36.02,0,7479,17,0
926,ACC-100926,Lagos,2026-08-19T07:06:45.318Z,AG-1020,2,35.6,1,25.59,0,0,6,0
927,ACC-100927,Abuja,2026-08-23T07:06:45.318Z,AG-1032,2,15.4,1,5.35,1,0,7,0
928,ACC-100928,Ibadan,2026-08-08T07:06:45.318Z,AG-1024,4,43.4,0,8.84,3,0,6,0
929,ACC-100929,Port Harcourt,2026-08-11T07:06:45.318Z,AG-1018,0,0,1,34.16,0,0,7,0
930,ACC-100930,Abuja,2026-07-11T07:06:45.318Z,AG-1016,2,29.5,0,11.84,0,0,19,0
931,ACC-100931,Ibadan,2026-08-13T07:06:45.318Z,AG-1026,0,16.8,0,24.18,1,0,22,0
932,ACC-100932,Ibadan,2026-08-21T07:06:45.318Z,AG-1034,0,0,0,24.42,1,0,10,0
933,ACC-100933,Lagos,2026-06-06T07:06:45.318Z,AG-1020,2,23.7,1,12.99,0,0,8,0
934,ACC-100934,Lagos,2026-08-23T07:06:45.318Z,AG-1030,1,20.2,1,10.37,1,0,7,0
935,ACC-100935,Ibadan,2026-08-07T07:06:45.318Z,AG-1009,1,0,0,28.91,0,0,10,0
936,ACC-100936,Abuja,2026-07-24T07:06:45.318Z,AG-1038,1,10.7,1,9.27,3,0,19,0
937,ACC-100937,Kano,2026-08-09T07:06:45.318Z,AG-1004,0,12.4,1,22.35,1,0,22,0
938,ACC-100938,Abuja,2026-06-17T07:06:45.318Z,AG-1010,1,15.7,1,5.83,0,0,10,0
939,ACC-100939,Kano,2026-08-01T07:06:45.318Z,AG-1026,3,80,1,19.47,2,0,11,0
940,ACC-100940,Port Harcourt,2026-09-03T07:06:45.318Z,AG-1028,2,27.2,1,34.88,1,0,7,0
941,ACC-100941,Kano,2026-07-10T07:06:45.318Z,AG-1003,0,11.5,1,9.35,1,0,13,0
942,ACC-100942,Kano,2026-07-09T07:06:45.318Z,AG-1029,2,264.8,1,0,2,590547,2,1
943,ACC-100943,Kano,2026-07-04T07:06:45.318Z,AG-1020,0,9.7,0,15.76,2,0,10,0
944,ACC-100944,Ibadan,2026-07-18T07:06:45.318Z,AG-1010,0,4.7,0,17.95,2,0,12,0
945,ACC-100945,Abuja,2026-07-26T07:06:45.318Z,AG-1030,3,17.5,0,16.2,0,0,22,0
946,ACC-100946,Ibadan,2026-08-09T07:06:45.318Z,AG-1014,2,7.4,0,13.21,0,0,17,0
947,ACC-100947,Abuja,2026-06-16T07:06:45.318Z,AG-1006,1,0,0,25.06,0,1781,9,0
948,ACC-100948,Kano,2026-07-08T07:06:45.318Z,AG-1039,2,9.6,1,8.84,0,0,17,0
949,ACC-100949,Ibadan,2026-09-01T07:06:45.318Z,AG-1033,0,6.5,0,8.7,1,0,10,0
950,ACC-100950,Kano,2026-06-13T07:06:45.318Z,AG-1022,3,18.8,0,33.38,1,0,6,0
951,ACC-100951,Lagos,2026-07-11T07:06:45.318Z,AG-1013,3,18,0,21.01,1,0,13,0
952,ACC-100952,Ibadan,2026-07-01T07:06:45.318Z,AG-1000,3,76.1,0,33.82,0,0,20,0
953,ACC-100953,Port Harcourt,2026-06-08T07:06:45.318Z,AG-1039,4,16.6,0,0,2,4621,10,0
954,ACC-100954,Lagos,2026-08-17T07:06:45.318Z,AG-1011,0,69.7,0,1.71,0,0,9,0
955,ACC-100955,Ibadan,2026-07-19T07:06:45.318Z,AG-1006,0,20.3,0,21.62,0,0,6,0
956,ACC-100956,Ibadan,2026-07-04T07:06:45.318Z,AG-1006,0,28.3,1,21.87,3,0,18,0
957,ACC-100957,Ibadan,2026-07-02T07:06:45.318Z,AG-1025,0,64,1,0.19,0,0,17,0
958,ACC-100958,Abuja,2026-07-01T07:06:45.318Z,AG-1014,5,399.4,1,0.62,6,378917,17,1
959,ACC-100959,Lagos,2026-08-10T07:06:45.318Z,AG-1016,0,0,0,31.04,2,0,9,0
960,ACC-100960,Ibadan,2026-07-14T07:06:45.318Z,AG-1034,4,86.2,0,14.91,1,7878,8,0
961,ACC-100961,Abuja,2026-08-20T07:06:45.318Z,AG-1010,0,7.4,0,0,0,20911,18,0
962,ACC-100962,Port Harcourt,2026-08-27T07:06:45.318Z,AG-1019,1,51.2,0,11.27,1,0,11,0
963,ACC-100963,Abuja,2026-08-02T07:06:45.318Z,AG-1034,5,362.2,1,0.15,1,231951,17,1
964,ACC-100964,Port Harcourt,2026-06-28T07:06:45.318Z,AG-1037,1,19.3,0,6.4,0,16165,17,0
965,ACC-100965,Port Harcourt,2026-06-08T07:06:45.318Z,AG-1013,2,0,0,8.87,2,0,11,0
966,ACC-100966,Kano,2026-09-04T07:06:45.318Z,AG-1022,4,52.7,0,15.75,0,15333,14,0
967,ACC-100967,Kano,2026-08-06T07:06:45.318Z,AG-1014,0,28.1,0,9.38,0,4665,20,0
968,ACC-100968,Port Harcourt,2026-06-23T07:06:45.318Z,AG-1033,0,0,0,13.73,0,10002,6,0
969,ACC-100969,Ibadan,2026-07-11T07:06:45.318Z,AG-1035,0,71.3,1,0,0,0,8,0
970,ACC-100970,Abuja,2026-07-26T07:06:45.318Z,AG-1032,3,54.3,0,4.42,1,22716,18,0
971,ACC-100971,Port Harcourt,2026-07-28T07:06:45.318Z,AG-1033,4,0,0,20.11,1,11092,15,0
972,ACC-100972,Kano,2026-06-11T07:06:45.318Z,AG-1013,0,12.5,0,12.54,0,0,10,0
973,ACC-100973,Port Harcourt,2026-06-22T07:06:45.318Z,AG-1014,2,23.1,0,24.16,0,0,10,0
974,ACC-100974,Lagos,2026-07-05T07:06:45.318Z,AG-1010,2,31.8,1,26.64,0,0,11,0
975,ACC-100975,Kano,2026-07-15T07:06:45.318Z,AG-1012,0,11,0,17.54,1,0,15,0
976,ACC-100976,Abuja,2026-08-19T07:06:45.318Z,AG-1029,3,28.6,1,8.13,0,0,7,0
977,ACC-100977,Abuja,2026-08-18T07:06:45.318Z,AG-1020,0,0,0,6.21,0,0,19,0
978,ACC-100978,Kano,2026-07-28T07:06:45.318Z,AG-1027,1,1.6,0,28.69,1,0,11,0
979,ACC-100979,Kano,2026-06-07T07:06:45.318Z,AG-1026,2,0,1,5.24,0,0,12,0
980,ACC-100980,Port Harcourt,2026-09-01T07:06:45.318Z,AG-1034,3,42.2,1,7.69,3,6417,15,0
981,ACC-100981,Port Harcourt,2026-08-23T07:06:45.318Z,AG-1036,3,30,0,1.95,1,0,7,0
982,ACC-100982,Ibadan,2026-06-25T07:06:45.318Z,AG-1022,1,7.7,0,15.13,3,0,22,0
983,ACC-100983,Kano,2026-06-20T07:06:45.318Z,AG-1031,0,35.7,0,9.71,1,0,20,0
984,ACC-100984,Kano,2026-06-14T07:06:45.318Z,AG-1029,3,0,0,20.47,2,0,11,0
985,ACC-100985,Port Harcourt,2026-06-10T07:06:45.318Z,AG-1032,2,61.6,1,3.14,1,0,12,0
986,ACC-100986,Abuja,2026-08-21T07:06:45.318Z,AG-1006,4,30.3,0,19.53,0,0,12,0
987,ACC-100987,Ibadan,2026-07-05T07:06:45.318Z,AG-1002,0,44.8,1,0,1,0,12,0
988,ACC-100988,Kano,2026-07-02T07:06:45.318Z,AG-1002,15,247.6,0,1.36,2,371581,2,1
989,ACC-100989,Ibadan,2026-07-30T07:06:45.318Z,AG-1021,5,20,0,17.59,1,0,16,0
990,ACC-100990,Ibadan,2026-06-06T07:06:45.318Z,AG-1002,1,48.1,0,2.25,2,1834,21,0
991,ACC-100991,Abuja,2026-07-24T07:06:45.318Z,AG-1025,0,32.7,0,10.04,0,16205,6,0
992,ACC-100992,Abuja,2026-06-09T07:06:45.318Z,AG-1019,2,0,0,0,0,0,17,0
993,ACC-100993,Abuja,2026-07-21T07:06:45.318Z,AG-1007,3,67.7,0,13.23,1,0,7,0
994,ACC-100994,Kano,2026-08-18T07:06:45.318Z,AG-1002,1,28.2,1,5.57,0,0,15,0
995,ACC-100995,Ibadan,2026-08-27T07:06:45.318Z,AG-1016,2,37.9,1,22.73,1,0,18,0
996,ACC-100996,Abuja,2026-07-08T07:06:45.318Z,AG-1037,3,92.9,1,1.64,5,18752,1,1
997,ACC-100997,Ibadan,2026-07-06T07:06:45.318Z,AG-1038,0,18.9,0,3.31,3,0,16,0
998,ACC-100998,Port Harcourt,2026-07-16T07:06:45.318Z,AG-1028,4,0,0,0,0,0,12,0
999,ACC-100999,Port Harcourt,2026-06-16T07:06:45.318Z,AG-1033,1,41.7,1,14.34,0,0,20,0
1000,ACC-101000,Kano,2026-07-23T07:06:45.318Z,AG-1036,0,24.3,0,14.97,0,19217,12,0
1001,ACC-101001,Lagos,2026-07-25T07:06:45.318Z,AG-1034,0,25.7,0,7.53,0,0,17,0
1002,ACC-101002,Port Harcourt,2026-07-05T07:06:45.318Z,AG-1038,0,23.7,1,19.37,0,0,17,0
1003,ACC-101003,Ibadan,2026-08-17T07:06:45.318Z,AG-1029,1,21.2,1,0,0,0,19,0
1004,ACC-101004,Abuja,2026-07-18T07:06:45.318Z,AG-1012,2,0,1,26.69,0,0,21,0
1005,ACC-101005,Kano,2026-06-27T07:06:45.318Z,AG-1033,0,37.6,0,16.89,0,0,9,0
1006,ACC-101006,Lagos,2026-06-30T07:06:45.318Z,AG-1033,3,67,1,33.47,0,7031,9,0
1007,ACC-101007,Lagos,2026-06-30T07:06:45.318Z,AG-1025,0,0,0,16.73,0,0,10,0
1008,ACC-101008,Port Harcourt,2026-07-05T07:06:45.318Z,AG-1033,1,121,1,2.6,7,296141,15,1
1009,ACC-101009,Abuja,2026-06-13T07:06:45.318Z,AG-1015,0,56.8,0,14.96,0,0,22,0
1010,ACC-101010,Port Harcourt,2026-08-10T07:06:45.318Z,AG-1004,1,60.3,1,12.52,1,0,7,0
1011,ACC-101011,Kano,2026-07-29T07:06:45.318Z,AG-1014,3,2.4,1,20.12,0,7101,12,0
1012,ACC-101012,Ibadan,2026-07-25T07:06:45.318Z,AG-1013,2,28.1,1,11.49,0,0,10,0
1013,ACC-101013,Abuja,2026-06-30T07:06:45.318Z,AG-1018,3,30.8,0,20.46,0,0,22,0
1014,ACC-101014,Ibadan,2026-08-05T07:06:45.318Z,AG-1024,5,39.8,0,23.6,3,0,16,0
1015,ACC-101015,Port Harcourt,2026-07-01T07:06:45.318Z,AG-1007,1,32.7,1,26.49,0,0,17,0
1016,ACC-101016,Abuja,2026-08-04T07:06:45.318Z,AG-1023,2,32.3,0,12.59,0,0,15,0
1017,ACC-101017,Abuja,2026-07-25T07:06:45.318Z,AG-1020,1,22.3,0,14.66,0,5959,12,0
1018,ACC-101018,Ibadan,2026-06-10T07:06:45.318Z,AG-1004,0,6.7,1,25.16,0,0,11,0
1019,ACC-101019,Ibadan,2026-08-11T07:06:45.318Z,AG-1033,1,16.1,1,15.33,1,0,19,0
1020,ACC-101020,Lagos,2026-07-14T07:06:45.318Z,AG-1031,3,19,1,18.15,0,0,21,0
1021,ACC-101021,Kano,2026-06-15T07:06:45.318Z,AG-1038,2,11.2,1,17.27,0,0,17,0
1022,ACC-101022,Abuja,2026-06-16T07:06:45.318Z,AG-1007,5,0,1,21.75,1,0,7,0
1023,ACC-101023,Abuja,2026-06-11T07:06:45.318Z,AG-1005,2,1.6,0,19.68,1,0,14,0
1024,ACC-101024,Abuja,2026-07-08T07:06:45.318Z,AG-1011,1,38.8,0,3.13,1,0,11,0
1025,ACC-101025,Ibadan,2026-07-13T07:06:45.318Z,AG-1012,3,10.8,0,16.97,2,0,6,0
1026,ACC-101026,Abuja,2026-08-14T07:06:45.318Z,AG-1032,2,76.4,1,1.08,1,0,19,0
1027,ACC-101027,Abuja,2026-06-14T07:06:45.318Z,AG-1001,1,13,1,25.74,0,0,9,0
1028,ACC-101028,Ibadan,2026-08-23T07:06:45.318Z,AG-1017,2,12.1,0,16.95,1,0,18,0
1029,ACC-101029,Port Harcourt,2026-06-23T07:06:45.318Z,AG-1031,2,11.1,0,13.72,0,24220,20,0
1030,ACC-101030,Kano,2026-06-12T07:06:45.318Z,AG-1035,0,18.8,0,32.06,0,0,6,0
1031,ACC-101031,Ibadan,2026-06-10T07:06:45.318Z,AG-1021,1,0.7,1,17.16,0,0,12,0
1032,ACC-101032,Abuja,2026-09-01T07:06:45.318Z,AG-1015,3,0,0,20.77,1,0,15,0
1033,ACC-101033,Port Harcourt,2026-07-04T07:06:45.318Z,AG-1027,1,20.2,1,0,2,0,14,0
1034,ACC-101034,Port Harcourt,2026-07-11T07:06:45.318Z,AG-1031,1,27.3,0,21.63,0,0,21,0
1035,ACC-101035,Lagos,2026-08-23T07:06:45.318Z,AG-1028,3,16.7,1,0,0,0,6,0
1036,ACC-101036,Lagos,2026-06-17T07:06:45.318Z,AG-1009,2,2.7,0,16.12,0,0,11,0
1037,ACC-101037,Ibadan,2026-07-02T07:06:45.318Z,AG-1032,2,0,0,33.95,1,5881,14,0
1038,ACC-101038,Port Harcourt,2026-07-31T07:06:45.318Z,AG-1031,0,22.4,0,22.11,0,0,20,0
1039,ACC-101039,Abuja,2026-08-27T07:06:45.318Z,AG-1026,0,29.3,1,24.32,0,0,7,0
1040,ACC-101040,Port Harcourt,2026-08-26T07:06:45.318Z,AG-1006,1,0,0,8.47,0,0,11,0
1041,ACC-101041,Lagos,2026-08-20T07:06:45.318Z,AG-1012,1,3,0,14.89,0,0,14,0
1042,ACC-101042,Port Harcourt,2026-08-25T07:06:45.318Z,AG-1011,2,38.4,0,14.64,1,8362,20,0
1043,ACC-101043,Lagos,2026-07-13T07:06:45.318Z,AG-1017,2,36.4,0,25.5,1,8643,11,0
1044,ACC-101044,Abuja,2026-08-08T07:06:45.318Z,AG-1032,1,0,1,21.05,2,0,14,0
1045,ACC-101045,Port Harcourt,2026-06-27T07:06:45.318Z,AG-1028,0,26.1,0,27.34,0,16827,15,0
1046,ACC-101046,Kano,2026-08-29T07:06:45.318Z,AG-1037,3,0,1,20.44,1,0,12,0
1047,ACC-101047,Kano,2026-06-07T07:06:45.318Z,AG-1008,0,8.9,1,7.15,1,0,11,0
1048,ACC-101048,Abuja,2026-06-15T07:06:45.318Z,AG-1035,1,16.1,1,16.48,1,0,12,0
1049,ACC-101049,Lagos,2026-07-21T07:06:45.318Z,AG-1000,0,19.9,0,40.86,1,0,21,0
1050,ACC-101050,Abuja,2026-08-31T07:06:45.318Z,AG-1027,2,94.1,0,28.86,0,0,16,0
1051,ACC-101051,Ibadan,2026-07-03T07:06:45.318Z,AG-1000,1,31.8,1,36.98,1,14540,12,0
1052,ACC-101052,Ibadan,2026-08-31T07:06:45.318Z,AG-1026,0,15,0,17.57,0,0,16,0
1053,ACC-101053,Lagos,2026-06-07T07:06:45.318Z,AG-1011,0,31.2,0,36.59,0,0,13,0
1054,ACC-101054,Kano,2026-08-21T07:06:45.318Z,AG-1018,1,23.8,0,14.03,0,0,18,0
1055,ACC-101055,Ibadan,2026-06-07T07:06:45.318Z,AG-1016,2,6.1,1,23.61,1,0,14,0
1056,ACC-101056,Ibadan,2026-07-11T07:06:45.318Z,AG-1007,1,8.2,0,6.31,0,0,19,0
1057,ACC-101057,Ibadan,2026-07-09T07:06:45.318Z,AG-1011,1,35.8,0,42.39,2,10285,9,0
1058,ACC-101058,Kano,2026-08-09T07:06:45.318Z,AG-1026,2,51.5,0,0.41,0,10815,10,0
1059,ACC-101059,Kano,2026-07-07T07:06:45.318Z,AG-1035,3,30.2,0,4.05,1,14921,9,0
1060,ACC-101060,Lagos,2026-08-12T07:06:45.318Z,AG-1031,2,0.1,0,18.46,1,0,15,0
1061,ACC-101061,Kano,2026-06-13T07:06:45.318Z,AG-1023,1,25,0,8.68,1,0,9,0
1062,ACC-101062,Port Harcourt,2026-06-24T07:06:45.318Z,AG-1037,4,5.2,1,18.29,1,10648,22,0
1063,ACC-101063,Kano,2026-07-22T07:06:45.318Z,AG-1035,2,0,0,11.43,0,0,14,0
1064,ACC-101064,Kano,2026-06-23T07:06:45.318Z,AG-1004,1,16.3,1,25.37,1,0,16,0
1065,ACC-101065,Kano,2026-08-28T07:06:45.318Z,AG-1010,1,42.7,1,0,0,0,15,0
1066,ACC-101066,Port Harcourt,2026-09-01T07:06:45.318Z,AG-1011,2,28.9,0,22.86,0,0,7,0
1067,ACC-101067,Ibadan,2026-08-15T07:06:45.318Z,AG-1035,2,67.1,1,9.84,2,8588,8,0
1068,ACC-101068,Abuja,2026-07-09T07:06:45.318Z,AG-1007,1,43.4,0,22.36,0,0,10,0
1069,ACC-101069,Kano,2026-06-26T07:06:45.318Z,AG-1036,0,18,0,14.05,2,0,11,0
1070,ACC-101070,Port Harcourt,2026-07-15T07:06:45.318Z,AG-1010,1,5.2,0,23.23,1,0,13,0
1071,ACC-101071,Kano,2026-06-07T07:06:45.318Z,AG-1036,0,25.9,0,17.27,0,15771,22,0
1072,ACC-101072,Lagos,2026-06-23T07:06:45.318Z,AG-1008,2,0.6,0,12.6,2,0,13,0
1073,ACC-101073,Port Harcourt,2026-08-04T07:06:45.318Z,AG-1004,2,73.6,0,17.43,0,0,21,0
1074,ACC-101074,Lagos,2026-08-02T07:06:45.318Z,AG-1007,4,3.3,0,13.1,0,9685,13,0
1075,ACC-101075,Port Harcourt,2026-06-16T07:06:45.318Z,AG-1023,0,20.2,0,2.2,0,0,15,0
1076,ACC-101076,Lagos,2026-08-13T07:06:45.318Z,AG-1018,4,18,0,23.62,0,27355,14,0
1077,ACC-101077,Ibadan,2026-08-06T07:06:45.318Z,AG-1037,2,56.6,0,0,0,0,11,0
1078,ACC-101078,Ibadan,2026-06-11T07:06:45.318Z,AG-1014,2,0.1,1,42.59,0,0,6,0
1079,ACC-101079,Lagos,2026-08-21T07:06:45.318Z,AG-1016,1,53.5,0,34.6,0,0,18,0
1080,ACC-101080,Kano,2026-07-23T07:06:45.321Z,AG-1018,1,20.4,0,17.82,1,0,6,0
1081,ACC-101081,Lagos,2026-07-29T07:06:45.321Z,AG-1013,0,41.3,0,13.67,1,0,11,0
1082,ACC-101082,Abuja,2026-08-06T07:06:45.321Z,AG-1007,0,23.3,1,0,2,11930,13,0
1083,ACC-101083,Port Harcourt,2026-08-28T07:06:45.321Z,AG-1002,2,0,0,11.18,0,0,17,0
1084,ACC-101084,Ibadan,2026-07-02T07:06:45.321Z,AG-1036,2,2.5,1,10.23,1,12297,10,0
1085,ACC-101085,Ibadan,2026-09-03T07:06:45.321Z,AG-1026,2,15.5,0,47.3,2,18935,9,0
1086,ACC-101086,Abuja,2026-06-19T07:06:45.321Z,AG-1033,1,0.3,1,17.75,0,0,20,0
1087,ACC-101087,Abuja,2026-07-24T07:06:45.321Z,AG-1016,2,11.5,0,7.46,0,0,13,0
1088,ACC-101088,Port Harcourt,2026-08-15T07:06:45.321Z,AG-1018,1,75.5,0,18.44,0,4805,8,0
1089,ACC-101089,Kano,2026-07-18T07:06:45.321Z,AG-1027,4,31,0,1.87,0,0,6,0
1090,ACC-101090,Lagos,2026-08-12T07:06:45.321Z,AG-1020,0,11.3,0,4.09,1,12732,9,0
1091,ACC-101091,Port Harcourt,2026-08-24T07:06:45.321Z,AG-1029,1,4.4,0,10.94,2,0,8,0
1092,ACC-101092,Abuja,2026-06-19T07:06:45.321Z,AG-1007,4,34.4,0,6.22,1,0,13,0
1093,ACC-101093,Kano,2026-08-04T07:06:45.321Z,AG-1033,2,0,0,15.04,0,0,9,0
1094,ACC-101094,Kano,2026-08-04T07:06:45.321Z,AG-1032,3,4.2,0,0,1,0,20,0
1095,ACC-101095,Ibadan,2026-08-23T07:06:45.321Z,AG-1024,0,12.4,1,18.53,0,0,22,0
1096,ACC-101096,Port Harcourt,2026-07-01T07:06:45.321Z,AG-1008,2,12.1,1,5.35,2,0,10,0
1097,ACC-101097,Abuja,2026-07-22T07:06:45.321Z,AG-1027,1,0,0,3.52,0,0,20,0
1098,ACC-101098,Lagos,2026-07-08T07:06:45.321Z,AG-1039,4,10.3,0,7.13,0,2200,21,0
1099,ACC-101099,Abuja,2026-06-24T07:06:45.321Z,AG-1003,4,66.7,0,8.41,0,0,9,0
1100,ACC-101100,Port Harcourt,2026-08-04T07:06:45.321Z,AG-1000,3,5.3,0,7.25,0,0,12,0
1101,ACC-101101,Ibadan,2026-08-18T07:06:45.321Z,AG-1032,0,0,1,16.05,1,0,14,0
1102,ACC-101102,Abuja,2026-07-08T07:06:45.321Z,AG-1001,0,0,0,11.65,1,0,10,0
1103,ACC-101103,Abuja,2026-08-22T07:06:45.321Z,AG-1018,0,57.9,1,36.81,0,0,8,0
1104,ACC-101104,Ibadan,2026-08-10T07:06:45.321Z,AG-1000,0,37.6,1,5.83,0,10755,16,0
1105,ACC-101105,Kano,2026-07-22T07:06:45.321Z,AG-1005,5,131.4,1,0.1,3,630746,1,1
1106,ACC-101106,Kano,2026-08-23T07:06:45.321Z,AG-1019,3,30.4,0,24.42,0,0,17,0
1107,ACC-101107,Lagos,2026-08-25T07:06:45.321Z,AG-1013,1,21,0,18.8,2,0,17,0
1108,ACC-101108,Abuja,2026-06-18T07:06:45.321Z,AG-1014,1,16.4,0,19.73,0,0,17,0
1109,ACC-101109,Lagos,2026-09-03T07:06:45.321Z,AG-1019,1,29.1,1,29.29,2,0,9,0
1110,ACC-101110,Abuja,2026-07-08T07:06:45.321Z,AG-1037,3,4,1,14.77,0,13187,7,0
1111,ACC-101111,Ibadan,2026-06-12T07:06:45.321Z,AG-1029,0,8.7,1,16.21,0,8234,10,0
1112,ACC-101112,Kano,2026-06-16T07:06:45.321Z,AG-1022,1,8.8,0,20.8,1,0,18,0
1113,ACC-101113,Kano,2026-06-25T07:06:45.321Z,AG-1021,2,24,1,3.59,0,0,8,0
1114,ACC-101114,Abuja,2026-09-03T07:06:45.321Z,AG-1038,0,32.9,0,21.08,0,0,8,0
1115,ACC-101115,Abuja,2026-07-03T07:06:45.321Z,AG-1036,0,42.5,0,5.73,0,0,14,0
1116,ACC-101116,Port Harcourt,2026-08-01T07:06:45.321Z,AG-1017,6,18.8,1,28.3,3,4073,14,0
1117,ACC-101117,Abuja,2026-06-12T07:06:45.321Z,AG-1005,0,17.9,0,10.27,0,23225,10,0
1118,ACC-101118,Port Harcourt,2026-09-03T07:06:45.321Z,AG-1018,1,0,0,0,1,0,13,0
1119,ACC-101119,Ibadan,2026-07-20T07:06:45.321Z,AG-1019,0,35.2,1,14.86,0,0,17,0
1120,ACC-101120,Port Harcourt,2026-06-06T07:06:45.321Z,AG-1011,3,25.9,0,23.3,1,0,22,0
1121,ACC-101121,Kano,2026-08-10T07:06:45.321Z,AG-1015,0,11.7,0,2.04,1,0,20,0
1122,ACC-101122,Lagos,2026-07-05T07:06:45.321Z,AG-1038,3,31.6,0,7.43,0,0,10,0
1123,ACC-101123,Ibadan,2026-07-15T07:06:45.321Z,AG-1036,2,0,0,15.6,0,0,19,0
1124,ACC-101124,Ibadan,2026-07-18T07:06:45.321Z,AG-1033,3,0,0,7.27,0,0,7,0
1125,ACC-101125,Kano,2026-06-23T07:06:45.321Z,AG-1035,0,28.2,1,14.11,0,0,17,0
1126,ACC-101126,Abuja,2026-07-03T07:06:45.321Z,AG-1001,2,19.9,0,25.68,2,0,6,0
1127,ACC-101127,Abuja,2026-07-23T07:06:45.321Z,AG-1026,2,42.3,1,31.37,1,0,16,0
1128,ACC-101128,Lagos,2026-06-27T07:06:45.321Z,AG-1035,1,0,1,27.33,2,0,8,0
1129,ACC-101129,Lagos,2026-07-31T07:06:45.321Z,AG-1014,3,2.3,0,4.8,2,0,11,0
1130,ACC-101130,Abuja,2026-07-31T07:06:45.321Z,AG-1030,1,0,0,16.71,2,0,7,0
1131,ACC-101131,Kano,2026-06-30T07:06:45.321Z,AG-1035,0,5.4,0,25.53,0,0,10,0
1132,ACC-101132,Ibadan,2026-06-21T07:06:45.321Z,AG-1022,1,4.5,1,11.67,0,0,8,0
1133,ACC-101133,Kano,2026-06-09T07:06:45.321Z,AG-1028,1,459.3,1,1.04,7,232747,2,1
1134,ACC-101134,Port Harcourt,2026-07-10T07:06:45.321Z,AG-1030,0,0,1,18.94,0,5767,20,0
1135,ACC-101135,Lagos,2026-07-11T07:06:45.321Z,AG-1003,2,0,0,23.73,0,0,21,0
1136,ACC-101136,Port Harcourt,2026-06-15T07:06:45.321Z,AG-1003,2,24.1,0,20.29,0,0,10,0
1137,ACC-101137,Ibadan,2026-06-27T07:06:45.321Z,AG-1037,2,0,1,14.42,0,0,18,0
1138,ACC-101138,Port Harcourt,2026-06-28T07:06:45.321Z,AG-1007,1,6.3,1,19.16,1,0,14,0
1139,ACC-101139,Lagos,2026-08-11T07:06:45.321Z,AG-1018,1,12.5,1,18.42,0,0,15,0
1140,ACC-101140,Abuja,2026-08-09T07:06:45.321Z,AG-1016,1,13.4,1,12.96,1,0,20,0
1141,ACC-101141,Abuja,2026-07-01T07:06:45.321Z,AG-1029,1,13.1,0,4.48,1,0,10,0
1142,ACC-101142,Lagos,2026-06-25T07:06:45.321Z,AG-1021,2,5.6,1,12.63,0,0,22,0
1143,ACC-101143,Kano,2026-07-02T07:06:45.321Z,AG-1039,1,28.8,0,13.4,0,0,17,0
1144,ACC-101144,Abuja,2026-07-06T07:06:45.321Z,AG-1030,2,28.7,0,33.31,0,0,11,0
1145,ACC-101145,Kano,2026-06-07T07:06:45.321Z,AG-1035,2,15.2,0,15.96,0,0,20,0
1146,ACC-101146,Kano,2026-08-05T07:06:45.321Z,AG-1021,1,81.9,0,14.39,0,0,14,0
1147,ACC-101147,Lagos,2026-06-29T07:06:45.321Z,AG-1008,3,27.1,1,1.87,2,0,12,0
1148,ACC-101148,Lagos,2026-08-24T07:06:45.321Z,AG-1028,4,0,1,0,0,0,11,0
1149,ACC-101149,Lagos,2026-06-12T07:06:45.321Z,AG-1009,1,41.3,0,13.53,3,0,13,0
1150,ACC-101150,Abuja,2026-07-10T07:06:45.321Z,AG-1025,0,0,0,17.83,0,7885,16,0
1151,ACC-101151,Kano,2026-07-02T07:06:45.321Z,AG-1030,1,0,0,18.57,1,0,15,0
1152,ACC-101152,Kano,2026-07-24T07:06:45.321Z,AG-1002,2,0,0,18.33,1,0,8,0
1153,ACC-101153,Kano,2026-07-14T07:06:45.321Z,AG-1019,2,31.9,0,0,1,0,8,0
1154,ACC-101154,Kano,2026-06-17T07:06:45.321Z,AG-1026,0,17.7,0,28.7,0,0,10,0
1155,ACC-101155,Lagos,2026-06-23T07:06:45.321Z,AG-1006,3,5.3,1,8.69,3,17663,12,0
1156,ACC-101156,Kano,2026-06-17T07:06:45.321Z,AG-1030,1,6,1,22.14,0,9371,12,0
1157,ACC-101157,Abuja,2026-06-27T07:06:45.321Z,AG-1004,1,7.4,0,1.18,1,0,7,0
1158,ACC-101158,Lagos,2026-06-23T07:06:45.321Z,AG-1015,3,23.5,1,7.39,2,0,12,0
1159,ACC-101159,Port Harcourt,2026-06-17T07:06:45.321Z,AG-1033,3,26.8,1,13.87,1,3110,6,0
1160,ACC-101160,Kano,2026-07-30T07:06:45.321Z,AG-1033,2,0,0,0,0,0,20,0
1161,ACC-101161,Lagos,2026-07-08T07:06:45.321Z,AG-1012,1,3.2,0,22.52,0,0,22,0
1162,ACC-101162,Abuja,2026-08-17T07:06:45.321Z,AG-1008,3,57.1,0,29.86,0,0,17,0
1163,ACC-101163,Kano,2026-08-31T07:06:45.321Z,AG-1008,1,0,0,0,2,0,20,0
1164,ACC-101164,Port Harcourt,2026-06-08T07:06:45.321Z,AG-1022,4,101.2,0,1.81,6,364795,2,1
1165,ACC-101165,Lagos,2026-07-17T07:06:45.321Z,AG-1027,4,29.9,0,1.04,2,0,12,0
1166,ACC-101166,Kano,2026-07-07T07:06:45.321Z,AG-1008,2,2.2,0,20.71,3,0,21,0
1167,ACC-101167,Port Harcourt,2026-08-24T07:06:45.321Z,AG-1026,0,63.4,1,4.1,0,0,15,0
1168,ACC-101168,Lagos,2026-07-18T07:06:45.321Z,AG-1035,1,24.9,0,4.27,1,0,17,0
1169,ACC-101169,Ibadan,2026-07-16T07:06:45.321Z,AG-1013,5,18.2,1,2.99,4,258378,19,1
1170,ACC-101170,Port Harcourt,2026-06-15T07:06:45.321Z,AG-1024,3,17.8,0,27.35,0,0,6,0
1171,ACC-101171,Abuja,2026-06-10T07:06:45.321Z,AG-1033,2,1.6,0,14.88,0,0,13,0
1172,ACC-101172,Abuja,2026-06-18T07:06:45.321Z,AG-1013,1,0,0,21.33,2,8470,18,0
1173,ACC-101173,Abuja,2026-09-01T07:06:45.321Z,AG-1014,2,26.5,1,13.07,1,0,16,0
1174,ACC-101174,Port Harcourt,2026-06-24T07:06:45.321Z,AG-1012,1,0,0,7.52,1,20171,22,0
1175,ACC-101175,Abuja,2026-06-15T07:06:45.321Z,AG-1020,0,43,1,26.44,1,0,15,0
1176,ACC-101176,Abuja,2026-07-12T07:06:45.321Z,AG-1020,1,44.3,1,18.91,2,7827,6,0
1177,ACC-101177,Abuja,2026-08-11T07:06:45.322Z,AG-1026,1,6.2,0,4.33,0,0,12,0
1178,ACC-101178,Kano,2026-09-02T07:06:45.322Z,AG-1011,4,28.2,0,0.94,2,0,17,0
1179,ACC-101179,Port Harcourt,2026-08-11T07:06:45.322Z,AG-1013,0,42.2,1,9.75,1,0,13,0
1180,ACC-101180,Port Harcourt,2026-07-29T07:06:45.322Z,AG-1011,4,17.7,1,0.85,0,6963,17,0
1181,ACC-101181,Ibadan,2026-07-04T07:06:45.322Z,AG-1004,1,15.6,0,14.99,0,0,13,0
1182,ACC-101182,Kano,2026-07-06T07:06:45.322Z,AG-1030,0,0,0,10.58,1,0,10,0
1183,ACC-101183,Lagos,2026-07-31T07:06:45.322Z,AG-1009,2,113,0,9.18,0,0,8,0
1184,ACC-101184,Port Harcourt,2026-07-31T07:06:45.322Z,AG-1035,0,0,1,26,0,0,15,0
1185,ACC-101185,Ibadan,2026-08-06T07:06:45.322Z,AG-1034,2,20.9,0,17.93,0,0,15,0
1186,ACC-101186,Port Harcourt,2026-06-28T07:06:45.322Z,AG-1012,3,0,0,7.39,1,0,15,0
1187,ACC-101187,Ibadan,2026-09-01T07:06:45.322Z,AG-1017,1,32.4,1,32.36,0,0,21,0
1188,ACC-101188,Kano,2026-07-26T07:06:45.322Z,AG-1001,5,54.4,0,19.92,1,0,6,0
1189,ACC-101189,Lagos,2026-07-13T07:06:45.322Z,AG-1015,2,9.2,0,0,2,7396,14,0
1190,ACC-101190,Port Harcourt,2026-07-20T07:06:45.322Z,AG-1011,2,13.1,1,23.68,2,0,13,0
1191,ACC-101191,Port Harcourt,2026-08-27T07:06:45.322Z,AG-1027,1,32.8,0,18.92,2,0,13,0
1192,ACC-101192,Kano,2026-08-08T07:06:45.322Z,AG-1036,0,0,0,7.17,2,0,11,0
1193,ACC-101193,Lagos,2026-07-22T07:06:45.322Z,AG-1000,5,32.6,0,24.2,0,0,14,0
1194,ACC-101194,Port Harcourt,2026-08-29T07:06:45.322Z,AG-1014,2,9.8,1,0,0,21978,21,0
1195,ACC-101195,Abuja,2026-07-19T07:06:45.322Z,AG-1003,0,0,0,10.33,0,0,8,0
1196,ACC-101196,Kano,2026-06-15T07:06:45.322Z,AG-1030,0,66.8,0,19.88,0,0,8,0
1197,ACC-101197,Port Harcourt,2026-08-03T07:06:45.322Z,AG-1025,2,52.8,1,15.65,0,0,7,0
1198,ACC-101198,Abuja,2026-08-21T07:06:45.322Z,AG-1037,2,70.1,0,25.83,1,0,9,0
1199,ACC-101199,Ibadan,2026-06-25T07:06:45.322Z,AG-1023,1,11.1,0,9.45,1,12952,11,0
1200,ACC-101200,Ibadan,2026-06-13T07:06:45.322Z,AG-1016,1,9.7,0,9.33,0,0,6,0
1201,ACC-101201,Port Harcourt,2026-07-17T07:06:45.322Z,AG-1007,4,34.7,0,8.92,1,0,11,0
1202,ACC-101202,Abuja,2026-08-04T07:06:45.322Z,AG-1035,1,0,0,18.6,0,24798,8,0
1203,ACC-101203,Lagos,2026-07-13T07:06:45.322Z,AG-1026,1,57.2,1,1.6,1,0,21,0
1204,ACC-101204,Ibadan,2026-06-22T07:06:45.322Z,AG-1011,1,37.9,0,22.92,2,19317,20,0
1205,ACC-101205,Ibadan,2026-06-06T07:06:45.322Z,AG-1034,5,12.8,0,22.23,0,11897,17,0
1206,ACC-101206,Ibadan,2026-08-24T07:06:45.322Z,AG-1028,1,35.1,0,30.14,1,0,21,0
1207,ACC-101207,Kano,2026-07-20T07:06:45.322Z,AG-1007,0,15.6,1,24.76,1,0,18,0
1208,ACC-101208,Kano,2026-08-27T07:06:45.322Z,AG-1024,2,8.1,0,11.99,0,0,17,0
1209,ACC-101209,Ibadan,2026-08-31T07:06:45.322Z,AG-1013,2,31.2,0,5.21,1,24720,7,0
1210,ACC-101210,Abuja,2026-08-29T07:06:45.322Z,AG-1003,1,24.6,0,6.69,0,13773,20,0
1211,ACC-101211,Ibadan,2026-06-12T07:06:45.322Z,AG-1004,1,0,1,11.86,0,0,17,0
1212,ACC-101212,Abuja,2026-06-25T07:06:45.322Z,AG-1026,0,0,0,18.9,1,0,19,0
1213,ACC-101213,Abuja,2026-08-07T07:06:45.322Z,AG-1026,5,327.9,1,3.19,5,516028,1,1
1214,ACC-101214,Ibadan,2026-08-23T07:06:45.322Z,AG-1027,1,52.8,0,7.24,1,0,16,0
1215,ACC-101215,Lagos,2026-08-14T07:06:45.322Z,AG-1007,0,0,0,23.41,0,15435,13,0
1216,ACC-101216,Ibadan,2026-08-24T07:06:45.322Z,AG-1026,1,24.3,1,10.32,1,0,15,0
1217,ACC-101217,Port Harcourt,2026-07-07T07:06:45.322Z,AG-1012,0,71.8,0,0.42,0,0,17,0
1218,ACC-101218,Lagos,2026-06-17T07:06:45.322Z,AG-1035,2,23.2,0,32.68,1,0,21,0
1219,ACC-101219,Ibadan,2026-08-22T07:06:45.322Z,AG-1001,0,0,0,17.84,0,81,6,0
1220,ACC-101220,Abuja,2026-07-19T07:06:45.322Z,AG-1010,2,12.1,0,9,2,11592,7,0
1221,ACC-101221,Lagos,2026-07-31T07:06:45.322Z,AG-1000,3,0,0,10.34,1,11759,21,0
1222,ACC-101222,Ibadan,2026-08-26T07:06:45.322Z,AG-1000,3,20,0,3.83,0,0,17,0
1223,ACC-101223,Port Harcourt,2026-07-21T07:06:45.322Z,AG-1034,0,0,1,15.12,0,0,6,0
1224,ACC-101224,Port Harcourt,2026-07-14T07:06:45.322Z,AG-1029,1,80.2,1,14.77,0,0,14,0
1225,ACC-101225,Port Harcourt,2026-06-26T07:06:45.322Z,AG-1025,1,0,1,28.36,1,0,12,0
1226,ACC-101226,Kano,2026-06-26T07:06:45.322Z,AG-1038,0,14.8,0,24.22,0,0,19,0
1227,ACC-101227,Abuja,2026-09-02T07:06:45.322Z,AG-1008,1,0,1,0,1,130061,14,1
1228,ACC-101228,Abuja,2026-08-01T07:06:45.322Z,AG-1031,2,0,0,15.95,0,0,9,0
1229,ACC-101229,Abuja,2026-08-27T07:06:45.322Z,AG-1026,1,61.7,0,6.72,0,0,16,0
1230,ACC-101230,Kano,2026-06-17T07:06:45.322Z,AG-1006,2,43.2,0,9.18,2,0,14,0
1231,ACC-101231,Lagos,2026-07-22T07:06:45.322Z,AG-1002,4,35.7,0,0,2,0,17,0
1232,ACC-101232,Abuja,2026-07-29T07:06:45.322Z,AG-1004,0,13.3,1,17.69,0,0,22,0
1233,ACC-101233,Abuja,2026-07-12T07:06:45.322Z,AG-1028,1,11.4,0,17.24,0,15202,12,0
1234,ACC-101234,Ibadan,2026-07-22T07:06:45.322Z,AG-1012,2,30.6,0,35.48,0,0,8,0
1235,ACC-101235,Kano,2026-08-01T07:06:45.322Z,AG-1016,2,0,1,22.49,1,0,21,0
1236,ACC-101236,Port Harcourt,2026-08-12T07:06:45.322Z,AG-1039,2,0,1,4.21,0,0,22,0
1237,ACC-101237,Lagos,2026-08-05T07:06:45.322Z,AG-1011,0,8.8,1,16.38,1,0,6,0
1238,ACC-101238,Ibadan,2026-08-10T07:06:45.322Z,AG-1035,1,18.8,0,1.55,4,333150,3,1
1239,ACC-101239,Kano,2026-07-17T07:06:45.322Z,AG-1008,1,26.4,1,11.28,1,0,11,0
1240,ACC-101240,Kano,2026-08-21T07:06:45.322Z,AG-1016,1,5.4,0,11.59,1,3912,18,0
1241,ACC-101241,Kano,2026-06-16T07:06:45.322Z,AG-1007,2,5.7,0,23,0,0,20,0
1242,ACC-101242,Abuja,2026-06-15T07:06:45.322Z,AG-1024,1,52.2,0,20.62,0,3282,17,0
1243,ACC-101243,Ibadan,2026-07-09T07:06:45.322Z,AG-1024,2,38.5,0,0,0,0,15,0
1244,ACC-101244,Lagos,2026-09-04T07:06:45.322Z,AG-1032,1,80.6,0,25.29,0,0,13,0
1245,ACC-101245,Ibadan,2026-06-17T07:06:45.322Z,AG-1015,3,12.2,0,15.82,0,0,18,0
1246,ACC-101246,Abuja,2026-09-03T07:06:45.322Z,AG-1007,3,59.7,1,23.05,1,0,16,0
1247,ACC-101247,Abuja,2026-07-07T07:06:45.322Z,AG-1031,2,0,0,20.78,0,0,11,0
1248,ACC-101248,Ibadan,2026-08-13T07:06:45.322Z,AG-1006,0,515,1,0.86,5,110788,19,1
1249,ACC-101249,Kano,2026-08-06T07:06:45.322Z,AG-1023,3,18.8,0,23,0,0,20,0
1250,ACC-101250,Kano,2026-08-17T07:06:45.322Z,AG-1028,1,35.4,0,11.73,2,0,9,0
1251,ACC-101251,Lagos,2026-08-22T07:06:45.322Z,AG-1020,1,5.9,0,33.74,2,0,10,0
1252,ACC-101252,Lagos,2026-07-29T07:06:45.322Z,AG-1005,3,18.6,0,17.27,1,0,11,0
1253,ACC-101253,Lagos,2026-08-27T07:06:45.322Z,AG-1016,2,24.7,0,15.92,1,0,11,0
1254,ACC-101254,Lagos,2026-06-07T07:06:45.322Z,AG-1037,0,93.7,0,28.85,0,5857,8,0
1255,ACC-101255,Kano,2026-07-22T07:06:45.322Z,AG-1024,0,0,0,32.73,3,19168,11,0
1256,ACC-101256,Lagos,2026-08-30T07:06:45.322Z,AG-1000,9,95.9,1,0.22,5,364416,1,1
1257,ACC-101257,Abuja,2026-09-04T07:06:45.322Z,AG-1024,2,0.7,0,11.42,1,0,17,0
1258,ACC-101258,Kano,2026-09-02T07:06:45.322Z,AG-1018,0,30.7,0,12,0,0,20,0
1259,ACC-101259,Kano,2026-06-09T07:06:45.322Z,AG-1039,0,42.5,0,32.44,0,0,15,0
1260,ACC-101260,Port Harcourt,2026-07-15T07:06:45.322Z,AG-1024,2,7.9,0,13.69,1,10552,6,0
1261,ACC-101261,Ibadan,2026-08-23T07:06:45.322Z,AG-1011,0,0,0,14.98,1,0,7,0
1262,ACC-101262,Lagos,2026-06-18T07:06:45.322Z,AG-1033,2,31.4,0,0,0,5050,12,0
1263,ACC-101263,Kano,2026-06-17T07:06:45.322Z,AG-1028,2,0,1,8.94,1,14676,10,0
1264,ACC-101264,Lagos,2026-09-01T07:06:45.322Z,AG-1024,0,40.7,0,0,0,13253,21,0
1265,ACC-101265,Abuja,2026-07-03T07:06:45.322Z,AG-1035,4,197.3,1,1.06,3,563918,0,1
1266,ACC-101266,Port Harcourt,2026-08-12T07:06:45.322Z,AG-1006,2,2.7,0,24.09,1,0,17,0
1267,ACC-101267,Ibadan,2026-08-05T07:06:45.322Z,AG-1028,2,4,0,14,1,0,14,0
1268,ACC-101268,Lagos,2026-06-16T07:06:45.322Z,AG-1034,1,11.7,0,17.8,0,0,21,0
1269,ACC-101269,Port Harcourt,2026-07-07T07:06:45.322Z,AG-1002,1,34.4,0,10.3,0,0,6,0
1270,ACC-101270,Kano,2026-07-06T07:06:45.322Z,AG-1025,2,0,0,13.78,3,4595,21,0
1271,ACC-101271,Abuja,2026-06-13T07:06:45.322Z,AG-1008,3,19.9,0,0,1,0,13,0
1272,ACC-101272,Ibadan,2026-08-05T07:06:45.322Z,AG-1017,3,0,0,0,2,0,22,0
1273,ACC-101273,Port Harcourt,2026-08-03T07:06:45.322Z,AG-1019,0,39.6,0,9.17,0,0,15,0
1274,ACC-101274,Abuja,2026-09-03T07:06:45.322Z,AG-1034,1,103.9,1,17.12,2,16191,17,0
1275,ACC-101275,Port Harcourt,2026-08-13T07:06:45.322Z,AG-1032,3,24.2,0,2.02,1,5369,13,0
1276,ACC-101276,Port Harcourt,2026-08-29T07:06:45.322Z,AG-1015,1,20,1,11.97,0,0,18,0
1277,ACC-101277,Kano,2026-06-17T07:06:45.322Z,AG-1004,4,0,1,15.46,1,0,10,0
1278,ACC-101278,Abuja,2026-08-02T07:06:45.322Z,AG-1022,0,38.5,0,9.61,2,0,21,0
1279,ACC-101279,Lagos,2026-08-08T07:06:45.322Z,AG-1035,2,46.6,0,7.13,0,6255,10,0
1280,ACC-101280,Lagos,2026-09-03T07:06:45.322Z,AG-1020,0,7.6,0,5.34,0,20915,20,0
1281,ACC-101281,Kano,2026-06-20T07:06:45.322Z,AG-1028,2,0,0,16.49,0,0,21,0
1282,ACC-101282,Kano,2026-08-04T07:06:45.322Z,AG-1036,3,29.3,0,0,2,0,13,0
1283,ACC-101283,Kano,2026-08-25T07:06:45.322Z,AG-1030,2,5.7,1,13.04,0,1972,10,0
1284,ACC-101284,Abuja,2026-08-24T07:06:45.322Z,AG-1008,3,71.5,1,0.9,5,486919,19,1
1285,ACC-101285,Abuja,2026-07-19T07:06:45.322Z,AG-1017,1,52.3,0,15.17,2,0,9,0
1286,ACC-101286,Lagos,2026-06-25T07:06:45.322Z,AG-1020,0,1,1,21.24,1,0,21,0
1287,ACC-101287,Lagos,2026-06-16T07:06:45.322Z,AG-1035,1,0,0,25.96,1,0,22,0
1288,ACC-101288,Abuja,2026-08-07T07:06:45.322Z,AG-1020,1,48.2,0,7.06,1,0,8,0
1289,ACC-101289,Port Harcourt,2026-06-30T07:06:45.322Z,AG-1006,3,10,0,17.21,0,0,16,0
1290,ACC-101290,Abuja,2026-06-18T07:06:45.322Z,AG-1033,0,14.9,1,1.31,0,0,6,0
1291,ACC-101291,Abuja,2026-08-21T07:06:45.322Z,AG-1013,0,18,0,0,0,10162,22,0
1292,ACC-101292,Abuja,2026-07-11T07:06:45.322Z,AG-1033,2,264,0,3.14,3,362481,18,1
1293,ACC-101293,Kano,2026-08-04T07:06:45.322Z,AG-1021,0,59,0,19.12,1,0,22,0
1294,ACC-101294,Ibadan,2026-09-03T07:06:45.322Z,AG-1011,1,0,0,9.29,0,0,15,0
1295,ACC-101295,Ibadan,2026-07-08T07:06:45.322Z,AG-1038,1,0,0,13.66,1,0,18,0
1296,ACC-101296,Kano,2026-09-01T07:06:45.322Z,AG-1007,0,0,0,22.12,2,0,21,0
1297,ACC-101297,Kano,2026-08-29T07:06:45.322Z,AG-1020,2,10.2,1,15.47,2,5163,21,0
1298,ACC-101298,Kano,2026-08-17T07:06:45.322Z,AG-1026,2,93.5,1,22.83,0,7509,14,0
1299,ACC-101299,Ibadan,2026-08-18T07:06:45.322Z,AG-1001,2,0,1,5.71,0,0,7,0
1300,ACC-101300,Port Harcourt,2026-07-01T07:06:45.322Z,AG-1025,1,31.5,0,5.26,0,15360,8,0
1301,ACC-101301,Lagos,2026-07-18T07:06:45.322Z,AG-1034,0,1.5,0,10.79,2,21446,9,0
1302,ACC-101302,Kano,2026-07-19T07:06:45.322Z,AG-1010,2,66.9,0,21.28,0,0,18,0
1303,ACC-101303,Abuja,2026-08-04T07:06:45.322Z,AG-1009,1,20,0,8.03,2,0,18,0
1304,ACC-101304,Ibadan,2026-06-21T07:06:45.322Z,AG-1027,1,16.3,1,28.66,0,0,9,0
1305,ACC-101305,Lagos,2026-07-25T07:06:45.322Z,AG-1026,1,0,0,0,1,11638,10,0
1306,ACC-101306,Kano,2026-06-14T07:06:45.322Z,AG-1023,2,0,0,0,1,0,11,0
1307,ACC-101307,Kano,2026-08-13T07:06:45.322Z,AG-1031,1,0,0,17.09,0,0,13,0
1308,ACC-101308,Port Harcourt,2026-06-14T07:06:45.322Z,AG-1039,0,26.3,0,7.36,0,0,12,0
1309,ACC-101309,Kano,2026-06-09T07:06:45.322Z,AG-1029,0,16.9,1,23.13,1,5998,18,0
1310,ACC-101310,Lagos,2026-08-31T07:06:45.322Z,AG-1015,1,55,0,15.57,0,3141,14,0
1311,ACC-101311,Abuja,2026-06-27T07:06:45.322Z,AG-1019,0,15,1,25.81,3,0,8,0
1312,ACC-101312,Lagos,2026-07-09T07:06:45.322Z,AG-1032,4,28.8,0,14.89,0,0,14,0
1313,ACC-101313,Lagos,2026-07-09T07:06:45.322Z,AG-1004,4,24.9,0,26.9,0,0,16,0
1314,ACC-101314,Kano,2026-06-14T07:06:45.322Z,AG-1020,1,21.8,0,1.74,0,21237,8,0
1315,ACC-101315,Kano,2026-06-07T07:06:45.322Z,AG-1006,1,238.4,1,3.76,5,373499,5,1
1316,ACC-101316,Lagos,2026-07-31T07:06:45.322Z,AG-1007,3,3.5,0,22.57,1,0,7,0
1317,ACC-101317,Port Harcourt,2026-06-21T07:06:45.322Z,AG-1032,0,0,0,4.96,1,0,20,0
1318,ACC-101318,Lagos,2026-07-07T07:06:45.322Z,AG-1031,3,17.8,0,15.82,1,0,20,0
1319,ACC-101319,Ibadan,2026-06-09T07:06:45.322Z,AG-1024,1,33.2,0,2.86,0,0,15,0
1320,ACC-101320,Port Harcourt,2026-06-27T07:06:45.322Z,AG-1022,1,58.2,0,11.13,0,0,6,0
1321,ACC-101321,Ibadan,2026-08-17T07:06:45.322Z,AG-1019,0,0,0,20.13,0,0,20,0
1322,ACC-101322,Abuja,2026-06-20T07:06:45.322Z,AG-1006,2,0,0,13.46,0,0,20,0
1323,ACC-101323,Port Harcourt,2026-08-26T07:06:45.322Z,AG-1018,2,22,0,16.33,1,0,11,0
1324,ACC-101324,Lagos,2026-08-06T07:06:45.322Z,AG-1004,1,20.9,0,16.71,1,0,9,0
1325,ACC-101325,Abuja,2026-06-11T07:06:45.322Z,AG-1027,0,36.4,0,19.04,1,12856,20,0
1326,ACC-101326,Lagos,2026-08-07T07:06:45.322Z,AG-1027,0,77.9,0,27.19,1,0,21,0
1327,ACC-101327,Lagos,2026-09-04T07:06:45.322Z,AG-1012,2,2.1,0,12.62,0,0,8,0
1328,ACC-101328,Kano,2026-06-18T07:06:45.322Z,AG-1005,0,9,1,6.48,2,0,12,0
1329,ACC-101329,Kano,2026-07-18T07:06:45.322Z,AG-1030,1,1.9,1,10.52,0,0,15,0
1330,ACC-101330,Kano,2026-08-25T07:06:45.322Z,AG-1001,1,72,1,32.12,0,0,20,0
1331,ACC-101331,Lagos,2026-08-08T07:06:45.322Z,AG-1038,1,0,1,7.95,1,5187,16,0
1332,ACC-101332,Lagos,2026-06-21T07:06:45.322Z,AG-1007,2,15.2,0,19.09,0,0,13,0
1333,ACC-101333,Lagos,2026-08-21T07:06:45.322Z,AG-1001,1,6.9,0,9.68,0,0,12,0
1334,ACC-101334,Lagos,2026-08-14T07:06:45.322Z,AG-1010,0,0,0,16.33,0,19840,17,0
1335,ACC-101335,Lagos,2026-06-20T07:06:45.322Z,AG-1006,1,48.8,0,15.23,0,21133,11,0
1336,ACC-101336,Kano,2026-07-22T07:06:45.322Z,AG-1035,0,47.9,0,25.43,2,0,17,0
1337,ACC-101337,Port Harcourt,2026-07-03T07:06:45.322Z,AG-1039,3,1.6,0,29.44,0,0,6,0
1338,ACC-101338,Ibadan,2026-08-29T07:06:45.322Z,AG-1011,0,0,1,22.41,0,0,21,0
1339,ACC-101339,Kano,2026-07-29T07:06:45.322Z,AG-1028,5,37.8,0,12.49,0,0,10,0
1340,ACC-101340,Lagos,2026-07-30T07:06:45.322Z,AG-1024,1,31,0,32.25,1,0,13,0
1341,ACC-101341,Ibadan,2026-08-26T07:06:45.322Z,AG-1001,0,23,0,12.13,1,16420,13,0
1342,ACC-101342,Lagos,2026-07-31T07:06:45.322Z,AG-1007,3,2.2,0,0.03,1,0,8,0
1343,ACC-101343,Ibadan,2026-08-26T07:06:45.322Z,AG-1025,0,106.5,0,1.07,4,614124,1,1
1344,ACC-101344,Port Harcourt,2026-07-11T07:06:45.322Z,AG-1038,2,51.6,0,24.66,1,15143,18,0
1345,ACC-101345,Kano,2026-07-19T07:06:45.322Z,AG-1039,2,8.1,0,7.35,0,0,12,0
1346,ACC-101346,Abuja,2026-07-22T07:06:45.322Z,AG-1012,2,0,0,18.07,0,11688,21,0
1347,ACC-101347,Lagos,2026-06-29T07:06:45.322Z,AG-1010,0,470.9,1,0.55,0,152089,2,1
1348,ACC-101348,Abuja,2026-06-15T07:06:45.322Z,AG-1021,1,353.5,1,2.62,6,685247,5,1
1349,ACC-101349,Kano,2026-07-30T07:06:45.322Z,AG-1022,2,0,0,25.79,0,0,15,0
1350,ACC-101350,Port Harcourt,2026-08-06T07:06:45.322Z,AG-1030,4,65.1,0,0.1,0,0,6,0
1351,ACC-101351,Lagos,2026-07-21T07:06:45.322Z,AG-1009,3,7.4,1,16.63,1,0,6,0
1352,ACC-101352,Ibadan,2026-08-01T07:06:45.322Z,AG-1036,0,20.1,0,9.26,0,0,11,0
1353,ACC-101353,Kano,2026-09-03T07:06:45.322Z,AG-1024,0,2.4,0,0,1,0,14,0
1354,ACC-101354,Kano,2026-08-20T07:06:45.322Z,AG-1006,2,0,0,5.07,1,0,17,0
1355,ACC-101355,Kano,2026-08-28T07:06:45.322Z,AG-1004,1,28.2,1,16.98,2,0,19,0
1356,ACC-101356,Port Harcourt,2026-06-20T07:06:45.322Z,AG-1004,0,29,1,26.6,2,18196,15,0
1357,ACC-101357,Port Harcourt,2026-09-01T07:06:45.322Z,AG-1032,2,60.8,1,11.38,0,0,19,0
1358,ACC-101358,Kano,2026-07-24T07:06:45.322Z,AG-1018,0,20.6,0,3.57,0,0,10,0
1359,ACC-101359,Lagos,2026-08-10T07:06:45.322Z,AG-1033,1,10,0,17.23,0,0,7,0
1360,ACC-101360,Kano,2026-06-20T07:06:45.322Z,AG-1036,3,45.5,0,11.06,0,0,21,0
1361,ACC-101361,Lagos,2026-07-19T07:06:45.322Z,AG-1001,15,186.8,1,1.43,1,0,1,1
1362,ACC-101362,Kano,2026-07-20T07:06:45.322Z,AG-1034,2,17,1,2.3,2,0,22,0
1363,ACC-101363,Lagos,2026-07-06T07:06:45.322Z,AG-1013,1,16.8,0,2.78,1,0,9,0
1364,ACC-101364,Kano,2026-06-22T07:06:45.322Z,AG-1009,0,2.3,1,13,1,0,13,0
1365,ACC-101365,Kano,2026-07-24T07:06:45.322Z,AG-1013,0,49.8,1,19.97,1,12259,10,0
1366,ACC-101366,Lagos,2026-07-05T07:06:45.322Z,AG-1036,0,22.6,0,5.27,0,3160,20,0
1367,ACC-101367,Port Harcourt,2026-08-31T07:06:45.322Z,AG-1013,4,68.1,0,0.6,6,211139,2,1
1368,ACC-101368,Ibadan,2026-06-23T07:06:45.322Z,AG-1025,1,4.8,0,11.51,2,7829,15,0
1369,ACC-101369,Abuja,2026-08-12T07:06:45.322Z,AG-1014,2,0,0,13.26,1,14981,12,0
1370,ACC-101370,Lagos,2026-08-08T07:06:45.322Z,AG-1026,0,18,1,26.72,1,0,12,0
1371,ACC-101371,Kano,2026-06-19T07:06:45.322Z,AG-1036,3,47.2,0,38.96,0,0,17,0
1372,ACC-101372,Abuja,2026-07-07T07:06:45.322Z,AG-1022,1,35.5,1,26.07,2,0,8,0
1373,ACC-101373,Port Harcourt,2026-07-28T07:06:45.322Z,AG-1010,0,0,0,13.46,0,0,15,0
1374,ACC-101374,Kano,2026-06-17T07:06:45.322Z,AG-1039,1,5.8,1,25.17,0,0,15,0
1375,ACC-101375,Kano,2026-08-12T07:06:45.322Z,AG-1009,0,30.9,0,16.48,1,0,16,0
1376,ACC-101376,Ibadan,2026-07-14T07:06:45.322Z,AG-1019,0,166.7,1,1.22,3,306218,4,1
1377,ACC-101377,Kano,2026-06-22T07:06:45.322Z,AG-1032,5,361.1,0,0,3,6588,12,1
1378,ACC-101378,Ibadan,2026-09-03T07:06:45.322Z,AG-1012,4,36.3,0,5.47,0,0,17,0
1379,ACC-101379,Ibadan,2026-08-21T07:06:45.322Z,AG-1028,2,26.4,1,11.66,2,0,13,0
1380,ACC-101380,Kano,2026-08-03T07:06:45.322Z,AG-1007,0,0,1,19.47,0,23969,20,0
1381,ACC-101381,Abuja,2026-08-26T07:06:45.322Z,AG-1001,1,0,0,0,0,0,20,0
1382,ACC-101382,Ibadan,2026-07-03T07:06:45.322Z,AG-1002,0,0,0,12.36,1,0,12,0
1383,ACC-101383,Ibadan,2026-08-30T07:06:45.322Z,AG-1013,2,108.4,1,1.18,6,121449,3,1
1384,ACC-101384,Lagos,2026-06-18T07:06:45.322Z,AG-1028,4,33.7,0,11.81,0,0,20,0
1385,ACC-101385,Abuja,2026-08-18T07:06:45.322Z,AG-1033,0,33.7,0,28.99,0,0,9,0
1386,ACC-101386,Lagos,2026-08-25T07:06:45.322Z,AG-1001,4,77.6,0,15.65,0,0,22,0
1387,ACC-101387,Abuja,2026-07-08T07:06:45.322Z,AG-1030,2,29.8,0,2.35,0,0,20,0
1388,ACC-101388,Lagos,2026-07-05T07:06:45.322Z,AG-1038,2,0,0,26.02,0,0,19,0
1389,ACC-101389,Lagos,2026-07-28T07:06:45.322Z,AG-1023,3,23,1,10.21,1,0,20,0
1390,ACC-101390,Ibadan,2026-07-22T07:06:45.322Z,AG-1034,2,14.8,1,11.65,0,0,16,0
1391,ACC-101391,Port Harcourt,2026-07-01T07:06:45.322Z,AG-1039,0,47,0,30.52,0,0,18,0
1392,ACC-101392,Lagos,2026-07-30T07:06:45.322Z,AG-1019,0,64,1,15.88,1,0,8,0
1393,ACC-101393,Kano,2026-07-04T07:06:45.322Z,AG-1000,1,5.3,0,7.99,0,0,17,0
1394,ACC-101394,Ibadan,2026-07-17T07:06:45.322Z,AG-1023,4,0,0,25.35,0,0,18,0
1395,ACC-101395,Port Harcourt,2026-08-12T07:06:45.322Z,AG-1021,1,49.3,0,21.39,1,0,11,0
1396,ACC-101396,Ibadan,2026-06-27T07:06:45.322Z,AG-1030,0,0,0,16.84,0,0,22,0
1397,ACC-101397,Lagos,2026-06-27T07:06:45.322Z,AG-1004,1,14,1,4.93,1,0,17,0
1398,ACC-101398,Kano,2026-07-20T07:06:45.322Z,AG-1025,3,8.9,0,7.69,0,0,22,0
1399,ACC-101399,Ibadan,2026-06-14T07:06:45.322Z,AG-1009,4,87.5,1,10.07,1,0,10,0
1400,ACC-101400,Kano,2026-06-15T07:06:45.322Z,AG-1014,0,9.5,0,13.81,0,0,22,0
1401,ACC-101401,Ibadan,2026-08-22T07:06:45.322Z,AG-1018,3,8.8,0,26.81,2,0,16,0
1402,ACC-101402,Lagos,2026-08-13T07:06:45.322Z,AG-1032,1,51.5,0,23.25,1,9544,10,0
1403,ACC-101403,Lagos,2026-07-07T07:06:45.322Z,AG-1011,0,16.4,1,11.96,0,0,16,0
1404,ACC-101404,Ibadan,2026-07-16T07:06:45.322Z,AG-1003,2,13.2,0,16.14,0,0,9,0
1405,ACC-101405,Abuja,2026-07-07T07:06:45.322Z,AG-1026,1,34.7,0,11.11,1,0,20,0
1406,ACC-101406,Ibadan,2026-08-26T07:06:45.322Z,AG-1015,0,21.3,0,3.94,0,0,10,0
1407,ACC-101407,Ibadan,2026-06-06T07:06:45.322Z,AG-1010,5,39.7,0,35.99,1,0,9,0
1408,ACC-101408,Kano,2026-06-26T07:06:45.322Z,AG-1006,3,32,1,1.28,6,0,3,1
1409,ACC-101409,Lagos,2026-06-11T07:06:45.322Z,AG-1029,0,42.8,0,8.06,1,0,9,0
1410,ACC-101410,Ibadan,2026-08-22T07:06:45.322Z,AG-1024,1,8.3,0,16.95,0,0,19,0
1411,ACC-101411,Ibadan,2026-08-23T07:06:45.322Z,AG-1027,6,31,0,16.14,1,0,15,0
1412,ACC-101412,Ibadan,2026-08-05T07:06:45.322Z,AG-1000,0,47.8,0,8.38,0,15768,8,0
1413,ACC-101413,Kano,2026-08-19T07:06:45.322Z,AG-1024,0,0,0,4.46,1,0,12,0
1414,ACC-101414,Ibadan,2026-07-12T07:06:45.322Z,AG-1023,1,12.6,0,15.82,1,23992,15,0
1415,ACC-101415,Abuja,2026-07-12T07:06:45.322Z,AG-1028,0,8.4,0,11.88,1,7836,13,0
1416,ACC-101416,Lagos,2026-08-12T07:06:45.322Z,AG-1011,3,17.1,1,0.74,0,0,14,0
1417,ACC-101417,Abuja,2026-08-14T07:06:45.322Z,AG-1018,0,4.1,1,12.03,0,0,19,0
1418,ACC-101418,Port Harcourt,2026-07-15T07:06:45.322Z,AG-1026,2,32.1,1,0.56,2,0,13,0
1419,ACC-101419,Port Harcourt,2026-07-22T07:06:45.322Z,AG-1009,3,4.6,1,20.16,0,0,12,0
1420,ACC-101420,Ibadan,2026-08-18T07:06:45.322Z,AG-1001,0,31.7,1,0,0,16678,13,0
1421,ACC-101421,Kano,2026-09-04T07:06:45.322Z,AG-1021,4,0,1,21.24,0,0,15,0
1422,ACC-101422,Ibadan,2026-07-23T07:06:45.322Z,AG-1000,5,0,1,0,0,14236,8,0
1423,ACC-101423,Kano,2026-06-27T07:06:45.322Z,AG-1037,1,34.3,0,11.73,0,0,6,0
1424,ACC-101424,Abuja,2026-08-06T07:06:45.322Z,AG-1019,1,37.5,1,27.93,0,28926,19,0
1425,ACC-101425,Port Harcourt,2026-08-31T07:06:45.322Z,AG-1005,1,17.1,0,18.01,0,6977,21,0
1426,ACC-101426,Lagos,2026-08-19T07:06:45.322Z,AG-1011,3,26.9,0,5.04,2,690,10,0
1427,ACC-101427,Ibadan,2026-08-03T07:06:45.322Z,AG-1011,2,61.5,0,7.16,0,0,18,0
1428,ACC-101428,Abuja,2026-08-16T07:06:45.322Z,AG-1002,0,6,0,6.25,0,13903,8,0
1429,ACC-101429,Ibadan,2026-08-20T07:06:45.323Z,AG-1033,0,8.9,0,18.34,1,6334,17,0
1430,ACC-101430,Abuja,2026-07-22T07:06:45.323Z,AG-1022,4,70,1,10.23,1,0,15,0
1431,ACC-101431,Ibadan,2026-07-18T07:06:45.323Z,AG-1002,0,57.2,0,29.71,0,0,20,0
1432,ACC-101432,Lagos,2026-07-28T07:06:45.323Z,AG-1001,1,0,0,17.19,0,0,22,0
1433,ACC-101433,Lagos,2026-08-24T07:06:45.323Z,AG-1027,5,33.7,0,29.75,0,0,18,0
1434,ACC-101434,Port Harcourt,2026-08-21T07:06:45.323Z,AG-1028,4,45.2,1,1,9,239854,4,1
1435,ACC-101435,Kano,2026-06-26T07:06:45.323Z,AG-1010,4,5,1,10.19,0,8269,9,0
1436,ACC-101436,Abuja,2026-08-07T07:06:45.323Z,AG-1023,1,89.2,0,16.77,3,0,6,0
1437,ACC-101437,Ibadan,2026-06-25T07:06:45.323Z,AG-1037,1,0,0,2.79,2,0,13,0
1438,ACC-101438,Ibadan,2026-08-26T07:06:45.323Z,AG-1031,4,30.4,1,21.38,0,7700,17,0
1439,ACC-101439,Abuja,2026-07-23T07:06:45.323Z,AG-1019,1,478.3,1,0.73,6,619000,5,1
1440,ACC-101440,Kano,2026-07-08T07:06:45.323Z,AG-1011,0,0,1,2.09,0,0,9,0
1441,ACC-101441,Ibadan,2026-06-30T07:06:45.323Z,AG-1029,2,3,1,15.57,0,0,12,0
1442,ACC-101442,Abuja,2026-06-19T07:06:45.323Z,AG-1023,1,0,0,32.35,0,0,22,0
1443,ACC-101443,Port Harcourt,2026-08-08T07:06:45.323Z,AG-1001,1,28.3,1,4.64,1,0,16,0
1444,ACC-101444,Ibadan,2026-06-16T07:06:45.323Z,AG-1007,0,2.9,0,10.45,0,0,19,0
1445,ACC-101445,Ibadan,2026-07-06T07:06:45.323Z,AG-1014,0,29.6,1,4.92,0,0,14,0
1446,ACC-101446,Kano,2026-07-06T07:06:45.323Z,AG-1038,3,10.6,0,20.41,1,0,17,0
1447,ACC-101447,Ibadan,2026-06-07T07:06:45.323Z,AG-1007,0,10.6,0,10.08,2,9656,10,0
1448,ACC-101448,Lagos,2026-06-06T07:06:45.323Z,AG-1006,1,33.8,0,9.44,1,1531,6,0
1449,ACC-101449,Kano,2026-06-22T07:06:45.323Z,AG-1020,3,55.2,0,2.9,2,0,11,0
1450,ACC-101450,Kano,2026-06-14T07:06:45.329Z,AG-1004,0,6.3,1,15.41,0,0,12,0
1451,ACC-101451,Ibadan,2026-06-30T07:06:45.329Z,AG-1036,0,4.8,0,4.47,1,0,19,0
1452,ACC-101452,Ibadan,2026-07-01T07:06:45.329Z,AG-1016,2,374.5,1,1.43,3,277024,6,1
1453,ACC-101453,Ibadan,2026-07-09T07:06:45.329Z,AG-1036,4,28.5,1,14.7,0,4179,17,0
1454,ACC-101454,Port Harcourt,2026-07-18T07:06:45.329Z,AG-1004,3,38.7,0,30.03,0,0,6,0
1455,ACC-101455,Kano,2026-06-21T07:06:45.329Z,AG-1006,1,49.2,0,0,0,0,17,0
1456,ACC-101456,Abuja,2026-07-12T07:06:45.329Z,AG-1010,2,0,0,3.12,1,0,7,0
1457,ACC-101457,Port Harcourt,2026-08-18T07:06:45.329Z,AG-1029,1,33.4,1,3.31,0,0,7,0
1458,ACC-101458,Lagos,2026-07-01T07:06:45.329Z,AG-1026,3,0,0,10.14,0,18108,22,0
1459,ACC-101459,Port Harcourt,2026-06-30T07:06:45.329Z,AG-1008,5,41,1,25.52,0,5283,16,0
1460,ACC-101460,Lagos,2026-07-30T07:06:45.329Z,AG-1030,1,0,0,0,2,0,8,0
1461,ACC-101461,Abuja,2026-06-19T07:06:45.329Z,AG-1010,1,0,1,0,0,0,21,0
1462,ACC-101462,Abuja,2026-07-16T07:06:45.329Z,AG-1006,2,0,0,21.22,0,0,17,0
1463,ACC-101463,Lagos,2026-08-05T07:06:45.329Z,AG-1029,2,23,0,10.13,0,0,10,0
1464,ACC-101464,Abuja,2026-06-25T07:06:45.329Z,AG-1021,3,0,1,24.54,1,14463,6,0
1465,ACC-101465,Ibadan,2026-08-12T07:06:45.329Z,AG-1037,5,62.9,0,27,0,0,19,0
1466,ACC-101466,Kano,2026-08-17T07:06:45.329Z,AG-1007,3,34.4,0,0,1,0,21,0
1467,ACC-101467,Ibadan,2026-08-08T07:06:45.329Z,AG-1025,1,44.9,0,14.75,2,0,19,0
1468,ACC-101468,Abuja,2026-09-04T07:06:45.329Z,AG-1024,0,0,1,1.67,2,0,11,0
1469,ACC-101469,Lagos,2026-07-22T07:06:45.329Z,AG-1019,1,38,0,0,1,14518,10,0
1470,ACC-101470,Kano,2026-06-15T07:06:45.329Z,AG-1033,0,6.1,0,12.56,1,0,20,0
1471,ACC-101471,Port Harcourt,2026-08-10T07:06:45.329Z,AG-1014,2,18.8,1,21.93,0,0,22,0
1472,ACC-101472,Kano,2026-06-22T07:06:45.329Z,AG-1039,4,27.9,0,23.01,0,0,21,0
1473,ACC-101473,Port Harcourt,2026-08-07T07:06:45.329Z,AG-1012,1,0,0,3.55,0,0,21,0
1474,ACC-101474,Lagos,2026-07-11T07:06:45.329Z,AG-1000,3,11.6,0,30.46,1,0,8,0
1475,ACC-101475,Port Harcourt,2026-07-02T07:06:45.329Z,AG-1015,1,0,0,17.54,0,19647,17,0
1476,ACC-101476,Ibadan,2026-06-25T07:06:45.329Z,AG-1021,1,19.9,0,6.57,3,0,18,0
1477,ACC-101477,Kano,2026-06-08T07:06:45.329Z,AG-1000,2,28.8,1,0,1,0,8,0
1478,ACC-101478,Lagos,2026-07-06T07:06:45.329Z,AG-1020,0,8.2,0,19.44,2,9759,20,0
1479,ACC-101479,Abuja,2026-07-13T07:06:45.329Z,AG-1031,2,50.7,0,19.36,0,0,17,0
1480,ACC-101480,Ibadan,2026-08-27T07:06:45.329Z,AG-1020,3,22.7,1,8.57,0,0,11,0
1481,ACC-101481,Kano,2026-07-15T07:06:45.329Z,AG-1011,0,27.6,0,8.07,1,0,9,0
1482,ACC-101482,Kano,2026-07-14T07:06:45.329Z,AG-1033,3,0,0,16.78,1,0,13,0
1483,ACC-101483,Port Harcourt,2026-08-09T07:06:45.329Z,AG-1003,2,0,0,4.08,0,0,7,0
1484,ACC-101484,Kano,2026-08-21T07:06:45.329Z,AG-1002,1,0,1,4.52,1,0,21,0
1485,ACC-101485,Port Harcourt,2026-08-23T07:06:45.329Z,AG-1034,1,9.4,1,18.02,0,15045,10,0
1486,ACC-101486,Ibadan,2026-07-14T07:06:45.329Z,AG-1005,0,9.2,1,3.48,1,0,6,0
1487,ACC-101487,Port Harcourt,2026-08-02T07:06:45.329Z,AG-1023,1,17.6,0,8.89,0,0,8,0
1488,ACC-101488,Abuja,2026-07-04T07:06:45.329Z,AG-1021,1,0,0,24.7,1,0,16,0
1489,ACC-101489,Port Harcourt,2026-07-23T07:06:45.329Z,AG-1005,3,62,1,13.12,0,18320,9,0
1490,ACC-101490,Ibadan,2026-06-09T07:06:45.329Z,AG-1011,2,46.6,0,3.22,0,0,11,0
1491,ACC-101491,Lagos,2026-06-22T07:06:45.329Z,AG-1015,0,10,1,9.74,1,1998,8,0
1492,ACC-101492,Port Harcourt,2026-08-09T07:06:45.329Z,AG-1034,1,15.3,0,20.43,1,0,12,0
1493,ACC-101493,Port Harcourt,2026-06-18T07:06:45.329Z,AG-1007,2,14.5,0,2.49,0,0,22,0
1494,ACC-101494,Lagos,2026-07-06T07:06:45.329Z,AG-1031,1,28.2,1,32.29,0,0,20,0
1495,ACC-101495,Abuja,2026-07-12T07:06:45.329Z,AG-1015,0,4.9,0,13.51,2,0,8,0
1496,ACC-101496,Kano,2026-08-29T07:06:45.329Z,AG-1031,1,107.4,0,9.32,0,0,16,0
1497,ACC-101497,Ibadan,2026-06-15T07:06:45.329Z,AG-1014,1,0,0,26.25,3,0,8,0
1498,ACC-101498,Abuja,2026-07-12T07:06:45.329Z,AG-1013,1,44.6,0,15.37,0,0,19,0
1499,ACC-101499,Lagos,2026-08-13T07:06:45.329Z,AG-1008,2,26.1,1,4.16,0,0,9,0
1500,ACC-101500,Ibadan,2026-07-30T07:06:45.329Z,AG-1028,0,64.1,0,10.85,0,0,8,0
1501,ACC-101501,Port Harcourt,2026-08-10T07:06:45.329Z,AG-1013,0,0,0,21.17,1,0,10,0
1502,ACC-101502,Kano,2026-09-03T07:06:45.329Z,AG-1038,0,0,1,16.04,1,0,19,0
1503,ACC-101503,Kano,2026-08-21T07:06:45.329Z,AG-1030,6,0,1,14.06,0,0,13,0
1504,ACC-101504,Kano,2026-07-13T07:06:45.329Z,AG-1009,6,4.2,1,8.63,1,7976,13,0
1505,ACC-101505,Ibadan,2026-07-08T07:06:45.329Z,AG-1010,0,3.9,0,25.6,0,0,21,0
1506,ACC-101506,Kano,2026-06-11T07:06:45.329Z,AG-1014,3,66.1,0,8.14,0,0,14,0
1507,ACC-101507,Port Harcourt,2026-07-09T07:06:45.329Z,AG-1020,2,17.4,1,21.83,1,0,22,0
1508,ACC-101508,Kano,2026-08-30T07:06:45.329Z,AG-1032,3,3.7,0,7.94,0,0,19,0
1509,ACC-101509,Abuja,2026-07-08T07:06:45.329Z,AG-1019,2,34,0,29.02,0,9362,10,0
1510,ACC-101510,Ibadan,2026-06-14T07:06:45.329Z,AG-1002,1,14.6,1,37.14,0,0,22,0
1511,ACC-101511,Port Harcourt,2026-06-29T07:06:45.329Z,AG-1030,0,0,0,30.54,2,34167,22,0
1512,ACC-101512,Kano,2026-07-21T07:06:45.329Z,AG-1024,1,1.4,0,20.58,0,0,19,0
1513,ACC-101513,Kano,2026-06-30T07:06:45.329Z,AG-1012,5,0,0,17.29,1,8392,9,0
1514,ACC-101514,Port Harcourt,2026-08-18T07:06:45.329Z,AG-1011,2,362.1,1,0.38,3,811590,0,1
1515,ACC-101515,Port Harcourt,2026-08-23T07:06:45.329Z,AG-1011,3,35.3,1,22.17,0,0,10,0
1516,ACC-101516,Abuja,2026-06-30T07:06:45.329Z,AG-1008,1,4.9,0,27.59,0,12535,18,0
1517,ACC-101517,Kano,2026-08-12T07:06:45.329Z,AG-1039,1,0,0,13.37,0,13563,22,0
1518,ACC-101518,Kano,2026-08-07T07:06:45.329Z,AG-1015,2,0,0,42.08,1,0,18,0
1519,ACC-101519,Kano,2026-06-09T07:06:45.329Z,AG-1009,6,154,1,1.17,5,109402,0,1
1520,ACC-101520,Abuja,2026-06-20T07:06:45.329Z,AG-1025,1,0,0,13.86,2,0,12,0
1521,ACC-101521,Lagos,2026-08-07T07:06:45.329Z,AG-1025,6,24,1,9.86,2,0,11,0
1522,ACC-101522,Lagos,2026-06-23T07:06:45.329Z,AG-1001,0,0,0,23.89,2,0,8,0
1523,ACC-101523,Kano,2026-08-22T07:06:45.329Z,AG-1029,1,73.4,0,0.38,0,0,10,0
1524,ACC-101524,Abuja,2026-08-31T07:06:45.329Z,AG-1023,0,19.8,0,16.59,1,0,18,0
1525,ACC-101525,Ibadan,2026-07-22T07:06:45.329Z,AG-1033,1,103.7,1,0,3,447202,5,1
1526,ACC-101526,Abuja,2026-06-11T07:06:45.329Z,AG-1000,3,13.2,0,3.72,0,0,6,0
1527,ACC-101527,Lagos,2026-08-29T07:06:45.329Z,AG-1003,0,4.5,0,10.79,0,0,15,0
1528,ACC-101528,Kano,2026-07-21T07:06:45.329Z,AG-1007,1,0,0,13.23,2,0,19,0
1529,ACC-101529,Ibadan,2026-08-23T07:06:45.329Z,AG-1017,0,37,0,12.1,0,0,21,0
1530,ACC-101530,Abuja,2026-07-29T07:06:45.329Z,AG-1035,3,35,0,9.31,1,0,9,0
1531,ACC-101531,Lagos,2026-06-23T07:06:45.329Z,AG-1006,1,22,0,18.75,0,0,6,0
1532,ACC-101532,Lagos,2026-08-13T07:06:45.330Z,AG-1028,1,0,0,0,1,0,11,0
1533,ACC-101533,Port Harcourt,2026-08-23T07:06:45.330Z,AG-1018,0,1.2,0,10.54,0,0,12,0
1534,ACC-101534,Abuja,2026-07-24T07:06:45.330Z,AG-1038,3,10.9,0,12.15,3,0,10,0
1535,ACC-101535,Port Harcourt,2026-06-08T07:06:45.330Z,AG-1004,0,0,0,10.12,0,0,18,0
1536,ACC-101536,Lagos,2026-07-11T07:06:45.330Z,AG-1028,4,33.2,1,29.92,1,0,16,0
1537,ACC-101537,Kano,2026-08-10T07:06:45.330Z,AG-1031,2,0,0,26.86,0,17234,10,0
1538,ACC-101538,Lagos,2026-08-21T07:06:45.330Z,AG-1029,0,53,1,20.02,1,0,10,0
1539,ACC-101539,Kano,2026-06-23T07:06:45.330Z,AG-1016,2,0,0,27.61,1,0,16,0
1540,ACC-101540,Lagos,2026-08-23T07:06:45.330Z,AG-1013,2,0.2,0,6.93,0,0,7,0
1541,ACC-101541,Port Harcourt,2026-07-10T07:06:45.330Z,AG-1003,2,0,1,16,0,0,18,0
1542,ACC-101542,Abuja,2026-07-15T07:06:45.330Z,AG-1035,1,35.5,0,0,0,0,16,0
1543,ACC-101543,Port Harcourt,2026-07-31T07:06:45.330Z,AG-1038,0,0,1,23.25,0,0,20,0
1544,ACC-101544,Abuja,2026-06-09T07:06:45.330Z,AG-1017,2,37.8,1,7.52,0,0,14,0
1545,ACC-101545,Port Harcourt,2026-08-08T07:06:45.330Z,AG-1020,1,14.5,1,25.93,1,0,19,0
1546,ACC-101546,Ibadan,2026-06-26T07:06:45.330Z,AG-1016,1,62.7,0,21,1,0,21,0
1547,ACC-101547,Abuja,2026-08-19T07:06:45.330Z,AG-1023,0,12.1,0,9.83,0,0,15,0
1548,ACC-101548,Port Harcourt,2026-07-14T07:06:45.330Z,AG-1001,13,0,1,1.48,3,810123,5,1
1549,ACC-101549,Abuja,2026-08-04T07:06:45.330Z,AG-1008,1,0,0,0,1,0,22,0
1550,ACC-101550,Abuja,2026-06-21T07:06:45.330Z,AG-1020,2,14,1,15.5,0,18811,12,0
1551,ACC-101551,Kano,2026-07-10T07:06:45.330Z,AG-1005,0,5.9,0,11.97,0,0,8,0
1552,ACC-101552,Kano,2026-08-01T07:06:45.330Z,AG-1014,0,0,0,6.04,1,0,8,0
1553,ACC-101553,Ibadan,2026-07-17T07:06:45.330Z,AG-1014,0,13.3,1,12.46,2,0,8,0
1554,ACC-101554,Ibadan,2026-08-08T07:06:45.330Z,AG-1005,3,0,0,16.24,0,0,11,0
1555,ACC-101555,Kano,2026-07-17T07:06:45.330Z,AG-1020,1,20.3,0,18.35,1,0,21,0
1556,ACC-101556,Port Harcourt,2026-07-11T07:06:45.330Z,AG-1030,2,66.6,1,35.12,2,0,16,0
1557,ACC-101557,Port Harcourt,2026-08-24T07:06:45.330Z,AG-1039,1,491.2,1,0,5,454174,12,1
1558,ACC-101558,Abuja,2026-07-25T07:06:45.330Z,AG-1027,0,21.1,0,21.84,0,0,13,0
1559,ACC-101559,Ibadan,2026-06-26T07:06:45.330Z,AG-1033,2,19.8,0,26.77,0,0,10,0
1560,ACC-101560,Lagos,2026-08-11T07:06:45.330Z,AG-1021,2,14.6,1,18.75,0,15896,18,0
1561,ACC-101561,Kano,2026-07-02T07:06:45.330Z,AG-1020,0,3,0,0,2,0,10,0
1562,ACC-101562,Kano,2026-08-24T07:06:45.330Z,AG-1013,3,43.4,0,15.81,0,0,15,0
1563,ACC-101563,Kano,2026-06-17T07:06:45.330Z,AG-1025,4,7,0,22.86,1,0,21,0
1564,ACC-101564,Lagos,2026-08-27T07:06:45.330Z,AG-1021,2,10.4,1,27.69,0,0,7,0
1565,ACC-101565,Lagos,2026-08-01T07:06:45.330Z,AG-1004,2,52.6,0,0,1,0,18,0
1566,ACC-101566,Ibadan,2026-08-17T07:06:45.330Z,AG-1031,2,14.1,0,12.48,2,6085,19,0
1567,ACC-101567,Lagos,2026-08-15T07:06:45.330Z,AG-1039,2,85,1,18.76,0,0,17,0
1568,ACC-101568,Port Harcourt,2026-08-11T07:06:45.330Z,AG-1036,1,9,0,0,2,0,15,0
1569,ACC-101569,Lagos,2026-07-31T07:06:45.330Z,AG-1027,0,0,0,5.73,1,13706,17,0
1570,ACC-101570,Lagos,2026-07-02T07:06:45.330Z,AG-1038,0,0,1,10.14,1,0,8,0
1571,ACC-101571,Ibadan,2026-08-11T07:06:45.330Z,AG-1001,0,31.2,0,15.35,1,0,14,0
1572,ACC-101572,Port Harcourt,2026-06-06T07:06:45.330Z,AG-1012,1,57.5,0,18.71,1,0,14,0
1573,ACC-101573,Port Harcourt,2026-08-23T07:06:45.330Z,AG-1000,1,32.7,0,12.34,0,0,19,0
1574,ACC-101574,Kano,2026-06-08T07:06:45.330Z,AG-1019,1,1.6,1,10.1,1,11985,19,0
1575,ACC-101575,Abuja,2026-07-19T07:06:45.330Z,AG-1013,4,21.9,0,16.92,2,0,22,0
1576,ACC-101576,Ibadan,2026-08-02T07:06:45.330Z,AG-1014,4,6.9,0,12.7,0,9720,10,0
1577,ACC-101577,Lagos,2026-08-19T07:06:45.330Z,AG-1014,0,0,0,0,1,0,13,0
1578,ACC-101578,Kano,2026-06-17T07:06:45.330Z,AG-1004,3,20.5,1,22.46,0,0,12,0
1579,ACC-101579,Ibadan,2026-06-22T07:06:45.330Z,AG-1009,3,0,0,23.24,0,0,14,0
1580,ACC-101580,Ibadan,2026-07-11T07:06:45.330Z,AG-1034,1,0,1,18.04,0,0,7,0
1581,ACC-101581,Kano,2026-07-20T07:06:45.330Z,AG-1005,1,9.6,0,30.26,0,0,6,0
1582,ACC-101582,Lagos,2026-06-29T07:06:45.330Z,AG-1009,0,14.8,0,3.66,1,0,16,0
1583,ACC-101583,Abuja,2026-06-23T07:06:45.330Z,AG-1036,2,30.6,0,7.24,0,0,15,0
1584,ACC-101584,Kano,2026-06-09T07:06:45.330Z,AG-1017,1,43.5,1,6.83,1,0,19,0
1585,ACC-101585,Port Harcourt,2026-07-06T07:06:45.330Z,AG-1026,2,15.9,0,11.36,0,14857,18,0
1586,ACC-101586,Port Harcourt,2026-09-03T07:06:45.330Z,AG-1015,1,38.2,0,4.19,0,5128,18,0
1587,ACC-101587,Kano,2026-08-25T07:06:45.330Z,AG-1009,1,16.4,0,8.76,0,5023,16,0
1588,ACC-101588,Port Harcourt,2026-09-04T07:06:45.330Z,AG-1031,3,2.8,1,0,0,22251,7,0
1589,ACC-101589,Ibadan,2026-07-07T07:06:45.330Z,AG-1010,5,54.3,1,9.72,0,0,18,0
1590,ACC-101590,Lagos,2026-07-07T07:06:45.330Z,AG-1008,1,1.1,1,0,0,0,19,0
1591,ACC-101591,Kano,2026-06-19T07:06:45.330Z,AG-1031,0,0,0,11.81,0,0,10,0
1592,ACC-101592,Abuja,2026-08-16T07:06:45.330Z,AG-1008,2,27.7,0,16.81,1,0,18,0
1593,ACC-101593,Ibadan,2026-08-02T07:06:45.330Z,AG-1030,2,8.1,0,0,0,0,18,0
1594,ACC-101594,Lagos,2026-06-15T07:06:45.330Z,AG-1005,3,7.7,0,24.67,1,0,21,0
1595,ACC-101595,Port Harcourt,2026-06-18T07:06:45.330Z,AG-1001,1,7.5,0,18.2,0,0,11,0
1596,ACC-101596,Ibadan,2026-08-31T07:06:45.330Z,AG-1011,4,57.5,0,27.96,1,0,11,0
1597,ACC-101597,Abuja,2026-06-12T07:06:45.330Z,AG-1008,2,0,1,2.49,2,0,12,0
1598,ACC-101598,Port Harcourt,2026-06-30T07:06:45.330Z,AG-1027,0,0,0,27.81,0,0,18,0
1599,ACC-101599,Abuja,2026-08-29T07:06:45.330Z,AG-1027,3,7.5,0,0,2,0,14,0
1600,ACC-101600,Lagos,2026-07-08T07:06:45.330Z,AG-1033,0,0.1,0,18.41,1,7314,20,0
1601,ACC-101601,Port Harcourt,2026-09-03T07:06:45.330Z,AG-1018,1,64.7,0,23.66,2,0,16,0
1602,ACC-101602,Kano,2026-08-23T07:06:45.330Z,AG-1034,1,40.2,1,0,1,0,22,0
1603,ACC-101603,Lagos,2026-08-18T07:06:45.330Z,AG-1010,2,20.8,0,7.17,3,19030,7,0
1604,ACC-101604,Lagos,2026-07-03T07:06:45.330Z,AG-1027,1,66.8,0,16.92,0,3591,22,0
1605,ACC-101605,Lagos,2026-08-18T07:06:45.330Z,AG-1009,4,13.2,0,23.61,2,9114,20,0
1606,ACC-101606,Port Harcourt,2026-08-14T07:06:45.330Z,AG-1007,2,0,1,6.39,0,13922,17,0
1607,ACC-101607,Port Harcourt,2026-07-27T07:06:45.330Z,AG-1011,3,0,1,7.71,3,0,22,0
1608,ACC-101608,Kano,2026-08-25T07:06:45.330Z,AG-1020,0,45.1,1,13.1,1,12142,15,0
1609,ACC-101609,Kano,2026-08-01T07:06:45.330Z,AG-1025,2,14.5,0,26.69,1,0,21,0
1610,ACC-101610,Ibadan,2026-07-10T07:06:45.330Z,AG-1033,0,14.3,0,21.51,0,0,19,0
1611,ACC-101611,Ibadan,2026-06-14T07:06:45.330Z,AG-1021,1,35,1,10.14,0,0,16,0
1612,ACC-101612,Abuja,2026-07-12T07:06:45.330Z,AG-1025,2,12.8,0,14.24,0,0,22,0
1613,ACC-101613,Kano,2026-07-01T07:06:45.330Z,AG-1033,2,0,0,25.02,1,0,20,0
1614,ACC-101614,Kano,2026-06-25T07:06:45.330Z,AG-1008,2,25.9,1,23.67,0,0,22,0
1615,ACC-101615,Abuja,2026-08-17T07:06:45.330Z,AG-1025,3,50.7,1,0,1,10178,6,0
1616,ACC-101616,Ibadan,2026-06-08T07:06:45.330Z,AG-1024,1,32.3,0,13.14,1,0,9,0
1617,ACC-101617,Lagos,2026-08-18T07:06:45.330Z,AG-1039,1,6.2,0,10.51,0,0,17,0
1618,ACC-101618,Kano,2026-08-29T07:06:45.330Z,AG-1023,1,0,0,11.77,0,0,16,0
1619,ACC-101619,Kano,2026-07-28T07:06:45.330Z,AG-1009,1,25,1,11.63,2,0,15,0
1620,ACC-101620,Abuja,2026-08-20T07:06:45.330Z,AG-1021,5,0,1,14.55,1,0,17,0
1621,ACC-101621,Abuja,2026-08-31T07:06:45.330Z,AG-1012,3,2.8,1,11.01,0,29083,20,0
1622,ACC-101622,Abuja,2026-06-17T07:06:45.330Z,AG-1034,5,24.8,1,23.75,1,8547,19,0
1623,ACC-101623,Abuja,2026-08-28T07:06:45.330Z,AG-1016,1,0,0,19.77,1,17319,20,0
1624,ACC-101624,Ibadan,2026-07-26T07:06:45.330Z,AG-1037,1,19.6,0,3.33,0,0,13,0
1625,ACC-101625,Lagos,2026-06-08T07:06:45.330Z,AG-1016,1,6.8,0,7.12,2,0,15,0
1626,ACC-101626,Lagos,2026-07-26T07:06:45.330Z,AG-1000,1,28.6,0,6.41,0,23623,11,0
1627,ACC-101627,Lagos,2026-08-31T07:06:45.330Z,AG-1032,4,16.5,0,19.99,0,0,11,0
1628,ACC-101628,Abuja,2026-07-09T07:06:45.330Z,AG-1026,1,61.1,1,19.11,1,0,17,0
1629,ACC-101629,Ibadan,2026-06-09T07:06:45.330Z,AG-1014,1,35.6,1,1.53,0,9918,10,0
1630,ACC-101630,Port Harcourt,2026-08-14T07:06:45.330Z,AG-1025,1,140.2,1,2.93,5,284632,1,1
1631,ACC-101631,Ibadan,2026-07-20T07:06:45.330Z,AG-1038,3,196.5,1,0,5,750779,4,1
1632,ACC-101632,Lagos,2026-08-10T07:06:45.330Z,AG-1019,3,0,0,20.45,0,0,12,0
1633,ACC-101633,Kano,2026-06-08T07:06:45.330Z,AG-1013,3,0,0,6.79,0,0,9,0
1634,ACC-101634,Abuja,2026-07-16T07:06:45.330Z,AG-1007,2,8.3,0,2.26,1,0,11,0
1635,ACC-101635,Kano,2026-07-31T07:06:45.330Z,AG-1022,5,2.5,0,32.25,2,0,18,0
1636,ACC-101636,Lagos,2026-06-27T07:06:45.330Z,AG-1029,3,16.5,0,6.3,0,0,11,0
1637,ACC-101637,Ibadan,2026-08-30T07:06:45.330Z,AG-1019,1,53.6,0,23.75,1,0,19,0
1638,ACC-101638,Lagos,2026-06-09T07:06:45.330Z,AG-1019,1,0,0,21.94,1,0,11,0
1639,ACC-101639,Port Harcourt,2026-08-20T07:06:45.330Z,AG-1039,0,27,0,8.36,1,0,21,0
1640,ACC-101640,Port Harcourt,2026-07-21T07:06:45.330Z,AG-1029,4,9,1,18.77,0,14820,16,0
1641,ACC-101641,Ibadan,2026-07-14T07:06:45.330Z,AG-1034,1,0,1,25.12,1,0,12,0
1642,ACC-101642,Abuja,2026-08-09T07:06:45.330Z,AG-1010,1,6,0,12.03,0,0,18,0
1643,ACC-101643,Port Harcourt,2026-06-10T07:06:45.330Z,AG-1031,1,14.8,0,0,2,0,18,0
1644,ACC-101644,Abuja,2026-08-12T07:06:45.330Z,AG-1003,2,50.7,0,21.75,2,0,11,0
1645,ACC-101645,Kano,2026-08-02T07:06:45.330Z,AG-1033,1,6.5,0,22.66,0,0,15,0
1646,ACC-101646,Lagos,2026-06-26T07:06:45.330Z,AG-1000,1,49.9,0,23.16,0,0,11,0
1647,ACC-101647,Ibadan,2026-06-15T07:06:45.330Z,AG-1035,1,65.7,0,6.09,0,0,16,0
1648,ACC-101648,Port Harcourt,2026-07-29T07:06:45.330Z,AG-1000,1,3.9,1,24.68,2,0,13,0
1649,ACC-101649,Abuja,2026-07-30T07:06:45.330Z,AG-1010,0,57.2,0,0,0,0,13,0
1650,ACC-101650,Lagos,2026-07-21T07:06:45.330Z,AG-1033,4,15.4,1,25.93,0,0,10,0
1651,ACC-101651,Abuja,2026-08-13T07:06:45.330Z,AG-1010,2,26.6,0,39.34,1,0,22,0
1652,ACC-101652,Port Harcourt,2026-06-15T07:06:45.330Z,AG-1027,0,65.7,0,19.9,0,0,16,0
1653,ACC-101653,Kano,2026-07-10T07:06:45.330Z,AG-1037,2,0,0,19.1,0,6077,18,0
1654,ACC-101654,Ibadan,2026-08-23T07:06:45.330Z,AG-1026,1,0,0,22.56,1,0,6,0
1655,ACC-101655,Lagos,2026-06-07T07:06:45.330Z,AG-1036,1,48.8,0,22.81,2,0,15,0
1656,ACC-101656,Lagos,2026-07-07T07:06:45.330Z,AG-1017,1,45.2,0,11.76,0,0,22,0
1657,ACC-101657,Abuja,2026-07-11T07:06:45.330Z,AG-1038,2,0.5,1,17.8,1,0,22,0
1658,ACC-101658,Kano,2026-06-11T07:06:45.330Z,AG-1010,1,0,1,6.57,2,27874,14,0
1659,ACC-101659,Port Harcourt,2026-08-05T07:06:45.330Z,AG-1007,0,80.9,0,31.57,1,0,19,0
1660,ACC-101660,Port Harcourt,2026-08-01T07:06:45.330Z,AG-1014,2,27.1,0,13.4,0,17442,20,0
1661,ACC-101661,Abuja,2026-08-18T07:06:45.330Z,AG-1005,2,0,0,0,1,0,16,0
1662,ACC-101662,Lagos,2026-06-09T07:06:45.330Z,AG-1001,0,23.1,1,20.97,0,0,6,0
1663,ACC-101663,Kano,2026-07-20T07:06:45.330Z,AG-1000,2,71.3,0,6.29,0,15587,7,0
1664,ACC-101664,Lagos,2026-08-26T07:06:45.330Z,AG-1003,2,0,0,0,1,0,12,0
1665,ACC-101665,Port Harcourt,2026-07-02T07:06:45.330Z,AG-1004,2,35.3,1,28.91,1,1980,19,0
1666,ACC-101666,Lagos,2026-07-09T07:06:45.330Z,AG-1019,4,183,1,2.75,4,628660,0,1
1667,ACC-101667,Lagos,2026-07-18T07:06:45.330Z,AG-1000,0,24.4,0,9.92,0,0,19,0
1668,ACC-101668,Abuja,2026-08-28T07:06:45.330Z,AG-1032,0,4.5,1,11.59,1,0,14,0
1669,ACC-101669,Abuja,2026-07-27T07:06:45.330Z,AG-1021,1,35.6,1,0,2,7726,13,0
1670,ACC-101670,Kano,2026-08-30T07:06:45.330Z,AG-1017,0,7,1,0,1,0,21,0
1671,ACC-101671,Lagos,2026-07-10T07:06:45.330Z,AG-1027,2,0,0,7.21,0,0,9,0
1672,ACC-101672,Lagos,2026-07-20T07:06:45.330Z,AG-1032,2,18.1,1,7.17,0,9369,13,0
1673,ACC-101673,Kano,2026-08-10T07:06:45.330Z,AG-1015,6,16,1,5.68,0,0,17,0
1674,ACC-101674,Port Harcourt,2026-08-06T07:06:45.330Z,AG-1006,2,22.3,0,18.51,1,0,10,0
1675,ACC-101675,Port Harcourt,2026-09-04T07:06:45.330Z,AG-1019,1,0,0,39.82,0,0,6,0
1676,ACC-101676,Ibadan,2026-06-29T07:06:45.330Z,AG-1000,5,0,0,14.85,1,0,13,0
1677,ACC-101677,Lagos,2026-06-09T07:06:45.330Z,AG-1031,4,43,0,24.34,2,0,8,0
1678,ACC-101678,Lagos,2026-06-24T07:06:45.330Z,AG-1035,1,23.8,0,17.59,2,0,12,0
1679,ACC-101679,Lagos,2026-07-30T07:06:45.330Z,AG-1008,0,23.6,1,1.99,0,0,9,0
1680,ACC-101680,Ibadan,2026-06-15T07:06:45.330Z,AG-1014,0,8.9,1,7.78,0,0,12,0
1681,ACC-101681,Port Harcourt,2026-08-08T07:06:45.330Z,AG-1001,3,5.6,1,14.11,1,8470,6,0
1682,ACC-101682,Port Harcourt,2026-08-06T07:06:45.330Z,AG-1011,0,33.6,1,0.11,7,203440,19,1
1683,ACC-101683,Lagos,2026-08-27T07:06:45.330Z,AG-1030,2,1,1,7.66,0,8477,18,0
1684,ACC-101684,Abuja,2026-08-13T07:06:45.330Z,AG-1012,2,44.9,0,22.75,1,0,8,0
1685,ACC-101685,Abuja,2026-07-05T07:06:45.330Z,AG-1005,1,5.9,1,9.94,0,0,17,0
1686,ACC-101686,Lagos,2026-07-20T07:06:45.330Z,AG-1001,1,0,0,26.72,1,0,14,0
1687,ACC-101687,Ibadan,2026-07-23T07:06:45.330Z,AG-1023,1,46,1,25.38,1,10869,9,0
1688,ACC-101688,Port Harcourt,2026-07-02T07:06:45.330Z,AG-1000,2,56,1,20.36,0,13873,16,0
1689,ACC-101689,Lagos,2026-06-20T07:06:45.330Z,AG-1020,0,0,1,9.85,0,0,21,0
1690,ACC-101690,Lagos,2026-08-09T07:06:45.330Z,AG-1002,1,20.7,0,0,0,0,6,0
1691,ACC-101691,Ibadan,2026-06-14T07:06:45.330Z,AG-1034,3,0,0,32.36,1,0,11,0
1692,ACC-101692,Abuja,2026-06-16T07:06:45.330Z,AG-1023,4,201.7,1,2.18,4,480813,22,1
1693,ACC-101693,Abuja,2026-09-02T07:06:45.330Z,AG-1021,2,0,0,0.05,1,0,9,0
1694,ACC-101694,Abuja,2026-07-16T07:06:45.330Z,AG-1021,3,27.6,0,22.29,0,0,10,0
1695,ACC-101695,Kano,2026-08-07T07:06:45.330Z,AG-1033,2,1.6,0,20.39,1,0,11,0
1696,ACC-101696,Lagos,2026-06-06T07:06:45.330Z,AG-1036,3,24.5,0,26.61,2,3716,12,0
1697,ACC-101697,Lagos,2026-08-13T07:06:45.330Z,AG-1031,1,50.1,0,5.75,2,0,6,0
1698,ACC-101698,Lagos,2026-07-09T07:06:45.330Z,AG-1006,1,11.1,0,12.78,1,0,11,0
1699,ACC-101699,Ibadan,2026-06-22T07:06:45.330Z,AG-1018,2,2.4,0,18.4,1,4822,12,0
1700,ACC-101700,Abuja,2026-09-01T07:06:45.330Z,AG-1009,1,20.7,0,17.18,1,0,19,0
1701,ACC-101701,Lagos,2026-07-01T07:06:45.330Z,AG-1029,3,118.2,1,18.9,2,19547,14,0
1702,ACC-101702,Kano,2026-08-07T07:06:45.330Z,AG-1011,2,33.5,0,10.59,0,2585,17,0
1703,ACC-101703,Lagos,2026-07-19T07:06:45.330Z,AG-1015,0,19.1,1,13.28,1,11629,21,0
1704,ACC-101704,Abuja,2026-08-16T07:06:45.330Z,AG-1002,0,0.2,1,32.09,0,0,15,0
1705,ACC-101705,Lagos,2026-06-16T07:06:45.330Z,AG-1009,1,0,1,27.57,0,0,11,0
1706,ACC-101706,Lagos,2026-07-01T07:06:45.330Z,AG-1009,1,7.4,1,23.88,2,0,7,0
1707,ACC-101707,Lagos,2026-06-15T07:06:45.330Z,AG-1013,0,9.1,0,18.75,1,0,18,0
1708,ACC-101708,Abuja,2026-06-22T07:06:45.330Z,AG-1032,1,31.5,0,24.18,0,0,19,0
1709,ACC-101709,Port Harcourt,2026-07-23T07:06:45.330Z,AG-1015,0,8.3,0,20.87,1,5985,22,0
1710,ACC-101710,Port Harcourt,2026-08-02T07:06:45.330Z,AG-1021,0,0,1,13.56,0,0,16,0
1711,ACC-101711,Kano,2026-07-02T07:06:45.330Z,AG-1015,0,42.7,0,12.43,0,0,14,0
1712,ACC-101712,Abuja,2026-07-14T07:06:45.330Z,AG-1039,0,0,0,28.18,0,0,9,0
1713,ACC-101713,Lagos,2026-06-11T07:06:45.330Z,AG-1019,4,15,1,0,0,0,20,0
1714,ACC-101714,Kano,2026-06-21T07:06:45.330Z,AG-1033,0,51,1,21.4,0,0,9,0
1715,ACC-101715,Port Harcourt,2026-08-05T07:06:45.330Z,AG-1003,0,7,0,31,1,2662,20,0
1716,ACC-101716,Lagos,2026-06-27T07:06:45.330Z,AG-1035,2,35.3,0,5.67,3,18967,21,0
1717,ACC-101717,Ibadan,2026-08-05T07:06:45.330Z,AG-1014,1,0,0,9.04,0,0,7,0
1718,ACC-101718,Port Harcourt,2026-08-26T07:06:45.330Z,AG-1013,6,2.4,0,19.97,0,10502,16,0
1719,ACC-101719,Port Harcourt,2026-07-02T07:06:45.330Z,AG-1007,1,43.7,1,18.18,1,0,10,0
1720,ACC-101720,Ibadan,2026-06-21T07:06:45.330Z,AG-1020,0,1.1,0,0.44,0,0,15,0
1721,ACC-101721,Lagos,2026-07-15T07:06:45.330Z,AG-1012,3,10.9,0,27.4,0,18104,9,0
1722,ACC-101722,Port Harcourt,2026-07-05T07:06:45.330Z,AG-1016,0,58.6,0,17.23,0,0,12,0
1723,ACC-101723,Ibadan,2026-07-31T07:06:45.330Z,AG-1004,0,33.3,0,11.3,0,0,11,0
1724,ACC-101724,Ibadan,2026-07-22T07:06:45.330Z,AG-1028,2,38.8,0,28.86,0,0,20,0
1725,ACC-101725,Ibadan,2026-08-31T07:06:45.330Z,AG-1023,0,0,0,8.94,1,3316,16,0
1726,ACC-101726,Port Harcourt,2026-07-15T07:06:45.330Z,AG-1022,2,5.9,1,10.78,0,0,12,0
1727,ACC-101727,Lagos,2026-07-05T07:06:45.330Z,AG-1013,2,28.6,0,15.13,0,0,14,0
1728,ACC-101728,Ibadan,2026-07-27T07:06:45.330Z,AG-1039,3,14,0,0.78,0,0,6,0
1729,ACC-101729,Ibadan,2026-08-16T07:06:45.330Z,AG-1034,2,0,1,17.52,0,0,15,0
1730,ACC-101730,Lagos,2026-07-20T07:06:45.330Z,AG-1039,2,25.9,0,15.35,1,0,10,0
1731,ACC-101731,Kano,2026-07-22T07:06:45.330Z,AG-1031,2,13.7,0,31.9,0,0,14,0
1732,ACC-101732,Ibadan,2026-09-02T07:06:45.330Z,AG-1007,1,37.2,0,8.14,0,16569,21,0
1733,ACC-101733,Port Harcourt,2026-06-15T07:06:45.330Z,AG-1019,4,0,0,7.81,1,0,11,0
1734,ACC-101734,Port Harcourt,2026-07-31T07:06:45.330Z,AG-1001,1,5.4,0,15.49,0,0,22,0
1735,ACC-101735,Ibadan,2026-09-02T07:06:45.330Z,AG-1017,2,7.9,1,9.58,2,0,17,0
1736,ACC-101736,Abuja,2026-08-26T07:06:45.330Z,AG-1011,2,6,0,20.46,0,0,21,0
1737,ACC-101737,Lagos,2026-08-17T07:06:45.330Z,AG-1038,3,37.3,1,23.23,0,0,21,0
1738,ACC-101738,Kano,2026-06-14T07:06:45.330Z,AG-1031,0,29.4,0,25.23,0,7894,9,0
1739,ACC-101739,Lagos,2026-07-29T07:06:45.330Z,AG-1015,3,9.8,0,13.41,0,25403,12,0
1740,ACC-101740,Lagos,2026-08-25T07:06:45.330Z,AG-1003,0,0,0,17.33,0,570,21,0
1741,ACC-101741,Kano,2026-06-30T07:06:45.330Z,AG-1004,0,13.4,1,14.47,1,0,16,0
1742,ACC-101742,Port Harcourt,2026-08-17T07:06:45.330Z,AG-1011,2,53.3,0,22.93,0,0,8,0
1743,ACC-101743,Ibadan,2026-09-03T07:06:45.330Z,AG-1020,2,8.8,1,11.41,0,0,13,0
1744,ACC-101744,Kano,2026-06-24T07:06:45.330Z,AG-1001,0,14.2,0,22.1,1,0,12,0
1745,ACC-101745,Port Harcourt,2026-08-24T07:06:45.330Z,AG-1037,2,51.3,1,15.45,0,0,10,0
1746,ACC-101746,Lagos,2026-08-13T07:06:45.330Z,AG-1021,3,24.8,0,34.78,0,0,22,0
1747,ACC-101747,Port Harcourt,2026-08-12T07:06:45.330Z,AG-1008,2,25.1,0,7.63,0,6052,8,0
1748,ACC-101748,Kano,2026-06-08T07:06:45.330Z,AG-1027,2,21.9,1,35.6,0,0,13,0
1749,ACC-101749,Lagos,2026-08-07T07:06:45.330Z,AG-1012,2,281.1,1,0.05,2,129155,17,1
1750,ACC-101750,Lagos,2026-08-06T07:06:45.330Z,AG-1035,0,50.2,0,19.67,1,17497,20,0
1751,ACC-101751,Ibadan,2026-08-09T07:06:45.330Z,AG-1036,0,21,0,28.1,0,0,11,0
1752,ACC-101752,Abuja,2026-08-26T07:06:45.330Z,AG-1015,3,47.8,1,0.74,0,0,21,0
1753,ACC-101753,Ibadan,2026-06-08T07:06:45.330Z,AG-1023,2,17,1,3.08,1,0,7,0
1754,ACC-101754,Kano,2026-07-05T07:06:45.330Z,AG-1029,2,48.8,0,17.21,0,0,18,0
1755,ACC-101755,Port Harcourt,2026-08-05T07:06:45.330Z,AG-1013,3,34.4,0,40.51,0,0,20,0
1756,ACC-101756,Port Harcourt,2026-07-11T07:06:45.330Z,AG-1019,1,0.7,0,20.7,2,0,7,0
1757,ACC-101757,Lagos,2026-06-29T07:06:45.330Z,AG-1017,2,86.4,1,1.19,2,0,18,0
1758,ACC-101758,Port Harcourt,2026-08-22T07:06:45.330Z,AG-1013,3,0,0,19.07,2,0,15,0
1759,ACC-101759,Kano,2026-08-23T07:06:45.330Z,AG-1010,2,0,0,16.51,0,0,21,0
1760,ACC-101760,Abuja,2026-08-22T07:06:45.330Z,AG-1035,0,27.7,0,0,1,0,6,0
1761,ACC-101761,Abuja,2026-08-03T07:06:45.330Z,AG-1009,2,47,1,8.01,2,3013,16,0
1762,ACC-101762,Abuja,2026-08-29T07:06:45.330Z,AG-1010,1,31.1,1,0,0,0,12,0
1763,ACC-101763,Abuja,2026-07-08T07:06:45.330Z,AG-1028,0,23.2,0,20.33,2,0,19,0
1764,ACC-101764,Ibadan,2026-07-31T07:06:45.330Z,AG-1036,2,57.2,0,24.49,0,0,13,0
1765,ACC-101765,Lagos,2026-06-27T07:06:45.330Z,AG-1027,3,24.1,1,17.54,1,0,6,0
1766,ACC-101766,Abuja,2026-07-29T07:06:45.330Z,AG-1014,2,0,0,5.16,1,0,11,0
1767,ACC-101767,Abuja,2026-07-01T07:06:45.330Z,AG-1020,1,0,0,0,1,0,13,0
1768,ACC-101768,Ibadan,2026-09-01T07:06:45.330Z,AG-1037,4,30.9,0,11.12,2,0,14,0
1769,ACC-101769,Kano,2026-08-17T07:06:45.330Z,AG-1003,16,346.7,1,0.92,5,0,0,1
1770,ACC-101770,Abuja,2026-07-02T07:06:45.330Z,AG-1034,2,20.8,0,10.6,1,0,19,0
1771,ACC-101771,Lagos,2026-06-19T07:06:45.330Z,AG-1014,3,42.8,1,23.62,1,0,16,0
1772,ACC-101772,Lagos,2026-07-22T07:06:45.330Z,AG-1020,1,9.4,0,28.46,0,8117,13,0
1773,ACC-101773,Abuja,2026-08-22T07:06:45.330Z,AG-1004,1,0,0,11.64,1,0,12,0
1774,ACC-101774,Port Harcourt,2026-06-13T07:06:45.330Z,AG-1007,1,39.8,0,29.8,1,14251,7,0
1775,ACC-101775,Ibadan,2026-09-02T07:06:45.330Z,AG-1030,0,29.1,0,19.46,0,6630,14,0
1776,ACC-101776,Port Harcourt,2026-06-16T07:06:45.330Z,AG-1022,3,15,1,18.69,0,0,6,0
1777,ACC-101777,Abuja,2026-06-07T07:06:45.330Z,AG-1016,3,3.4,1,8.55,1,0,18,0
1778,ACC-101778,Ibadan,2026-07-23T07:06:45.330Z,AG-1025,5,63.7,1,6,0,5861,19,0
1779,ACC-101779,Abuja,2026-07-27T07:06:45.330Z,AG-1038,2,0,0,30.15,2,0,7,0
1780,ACC-101780,Lagos,2026-07-26T07:06:45.330Z,AG-1005,3,36.7,0,16.37,2,9862,6,0
1781,ACC-101781,Kano,2026-07-03T07:06:45.330Z,AG-1004,1,9.6,0,18.55,1,0,18,0
1782,ACC-101782,Ibadan,2026-09-02T07:06:45.330Z,AG-1025,0,0,1,0,0,14831,11,0
1783,ACC-101783,Ibadan,2026-08-22T07:06:45.330Z,AG-1038,1,21.4,0,10.47,3,0,20,0
1784,ACC-101784,Lagos,2026-08-26T07:06:45.330Z,AG-1025,0,32.8,1,8.47,0,0,21,0
1785,ACC-101785,Port Harcourt,2026-08-30T07:06:45.330Z,AG-1010,4,9.2,0,13.05,0,0,18,0
1786,ACC-101786,Kano,2026-06-15T07:06:45.330Z,AG-1020,4,2.2,1,16.74,0,0,10,0
1787,ACC-101787,Ibadan,2026-08-10T07:06:45.331Z,AG-1020,2,0,1,6.03,1,0,11,0
1788,ACC-101788,Ibadan,2026-08-04T07:06:45.331Z,AG-1006,2,49.9,0,11.23,1,0,21,0
1789,ACC-101789,Kano,2026-09-03T07:06:45.331Z,AG-1039,0,60.1,0,5.5,0,0,20,0
1790,ACC-101790,Kano,2026-08-14T07:06:45.331Z,AG-1029,3,5.7,0,0,0,18586,11,0
1791,ACC-101791,Port Harcourt,2026-07-17T07:06:45.331Z,AG-1027,0,0,0,16.19,0,16054,9,0
1792,ACC-101792,Abuja,2026-06-08T07:06:45.331Z,AG-1016,4,6,1,0,1,0,10,0
1793,ACC-101793,Abuja,2026-06-25T07:06:45.331Z,AG-1000,1,0,0,0,1,0,6,0
1794,ACC-101794,Kano,2026-07-05T07:06:45.331Z,AG-1001,2,50,0,14.1,1,0,10,0
1795,ACC-101795,Abuja,2026-07-28T07:06:45.331Z,AG-1009,3,0,0,5.91,0,0,6,0
1796,ACC-101796,Kano,2026-08-23T07:06:45.331Z,AG-1015,2,27.8,0,32,1,16384,6,0
1797,ACC-101797,Kano,2026-07-18T07:06:45.331Z,AG-1019,3,0,0,7.35,3,15077,17,0
1798,ACC-101798,Ibadan,2026-07-20T07:06:45.331Z,AG-1013,0,0,0,18.9,1,0,13,0
1799,ACC-101799,Kano,2026-06-09T07:06:45.331Z,AG-1008,1,9.3,1,14.65,0,0,16,0
1800,ACC-101800,Lagos,2026-08-02T07:06:45.331Z,AG-1013,0,33,1,4.74,1,0,7,0
1801,ACC-101801,Lagos,2026-08-13T07:06:45.331Z,AG-1011,3,39.1,0,20.23,1,23066,14,0
1802,ACC-101802,Kano,2026-06-08T07:06:45.331Z,AG-1020,0,13.3,1,25.95,2,0,12,0
1803,ACC-101803,Port Harcourt,2026-06-29T07:06:45.331Z,AG-1029,5,96.7,1,1.43,5,470241,21,1
1804,ACC-101804,Lagos,2026-07-07T07:06:45.331Z,AG-1034,1,33.1,1,22.29,0,27837,17,0
1805,ACC-101805,Lagos,2026-07-27T07:06:45.331Z,AG-1025,1,0,1,27.09,0,14789,8,0
1806,ACC-101806,Ibadan,2026-06-17T07:06:45.331Z,AG-1033,3,286.9,1,0.65,5,369157,9,1
1807,ACC-101807,Abuja,2026-08-05T07:06:45.331Z,AG-1028,3,0,1,21.85,0,0,8,0
1808,ACC-101808,Abuja,2026-07-07T07:06:45.331Z,AG-1006,0,27.9,1,20.41,0,0,19,0
1809,ACC-101809,Abuja,2026-06-27T07:06:45.331Z,AG-1014,1,5.2,1,15.21,0,0,16,0
1810,ACC-101810,Kano,2026-08-07T07:06:45.331Z,AG-1014,6,291.6,1,0.69,4,343833,19,1
1811,ACC-101811,Lagos,2026-07-15T07:06:45.331Z,AG-1018,1,41.3,0,7.73,0,0,11,0
1812,ACC-101812,Kano,2026-08-08T07:06:45.331Z,AG-1037,0,4.1,0,9.78,0,5471,14,0
1813,ACC-101813,Abuja,2026-06-16T07:06:45.331Z,AG-1007,1,3.8,0,0,0,16243,12,0
1814,ACC-101814,Kano,2026-06-24T07:06:45.331Z,AG-1015,3,56.4,1,4.49,1,0,15,0
1815,ACC-101815,Kano,2026-07-25T07:06:45.331Z,AG-1004,0,4.9,0,3.96,1,0,13,0
1816,ACC-101816,Port Harcourt,2026-06-28T07:06:45.331Z,AG-1010,0,0,1,0,0,0,16,0
1817,ACC-101817,Kano,2026-06-09T07:06:45.331Z,AG-1003,1,3.2,0,12.64,1,0,12,0
1818,ACC-101818,Kano,2026-06-22T07:06:45.331Z,AG-1035,4,70.3,1,18.34,1,16456,21,0
1819,ACC-101819,Ibadan,2026-06-08T07:06:45.331Z,AG-1039,1,6.4,0,17.88,0,30673,20,0
1820,ACC-101820,Port Harcourt,2026-06-13T07:06:45.331Z,AG-1024,2,2.7,0,11.25,1,0,10,0
1821,ACC-101821,Lagos,2026-07-23T07:06:45.331Z,AG-1022,0,6.4,0,33.06,1,0,22,0
1822,ACC-101822,Lagos,2026-07-13T07:06:45.331Z,AG-1036,2,17,0,16.81,1,0,6,0
1823,ACC-101823,Kano,2026-07-10T07:06:45.331Z,AG-1009,2,0,0,3.36,1,0,14,0
1824,ACC-101824,Ibadan,2026-07-11T07:06:45.331Z,AG-1030,1,40.4,1,12.9,0,0,10,0
1825,ACC-101825,Lagos,2026-06-23T07:06:45.331Z,AG-1039,3,42.4,1,14.07,0,0,18,0
1826,ACC-101826,Lagos,2026-08-01T07:06:45.331Z,AG-1014,1,14.2,0,19.72,2,0,18,0
1827,ACC-101827,Lagos,2026-08-30T07:06:45.336Z,AG-1013,0,12.3,0,25.9,0,0,15,0
1828,ACC-101828,Lagos,2026-06-17T07:06:45.336Z,AG-1036,0,33,0,7.35,1,0,14,0
1829,ACC-101829,Kano,2026-08-22T07:06:45.336Z,AG-1005,2,26.8,0,4.12,3,0,13,0
1830,ACC-101830,Abuja,2026-06-07T07:06:45.336Z,AG-1007,2,39.3,1,0,1,0,18,0
1831,ACC-101831,Kano,2026-06-21T07:06:45.336Z,AG-1033,2,0,0,6.62,2,0,14,0
1832,ACC-101832,Ibadan,2026-06-17T07:06:45.336Z,AG-1032,0,100.4,1,1.76,1,465602,0,1
1833,ACC-101833,Abuja,2026-06-17T07:06:45.336Z,AG-1036,0,0.5,0,19.66,0,20987,6,0
1834,ACC-101834,Ibadan,2026-07-20T07:06:45.336Z,AG-1007,3,0,1,15.47,0,0,9,0
1835,ACC-101835,Ibadan,2026-06-26T07:06:45.336Z,AG-1018,0,165.4,1,1.29,5,469204,2,1
1836,ACC-101836,Kano,2026-07-05T07:06:45.336Z,AG-1015,0,7.2,0,22.36,2,0,17,0
1837,ACC-101837,Abuja,2026-08-21T07:06:45.336Z,AG-1033,0,10.6,0,10.3,0,0,18,0
1838,ACC-101838,Port Harcourt,2026-06-30T07:06:45.336Z,AG-1004,5,32.5,0,7.29,0,0,10,0
1839,ACC-101839,Abuja,2026-07-20T07:06:45.336Z,AG-1021,3,21.5,0,0,1,0,9,0
1840,ACC-101840,Port Harcourt,2026-08-29T07:06:45.336Z,AG-1024,0,23.4,0,3.09,2,0,13,0
1841,ACC-101841,Abuja,2026-08-24T07:06:45.336Z,AG-1035,1,6,1,13.59,1,0,18,0
1842,ACC-101842,Lagos,2026-07-18T07:06:45.336Z,AG-1032,1,49.4,1,3.35,1,0,9,0
1843,ACC-101843,Port Harcourt,2026-07-12T07:06:45.336Z,AG-1007,2,43.1,1,16.11,1,0,13,0
1844,ACC-101844,Abuja,2026-07-28T07:06:45.336Z,AG-1033,3,17,0,10.28,0,0,20,0
1845,ACC-101845,Ibadan,2026-07-08T07:06:45.336Z,AG-1026,3,42.3,1,5.75,0,10694,10,0
1846,ACC-101846,Kano,2026-08-05T07:06:45.336Z,AG-1032,1,25.4,0,16.79,0,12937,16,0
1847,ACC-101847,Lagos,2026-06-19T07:06:45.336Z,AG-1025,3,39.6,1,11.63,2,9322,21,0
1848,ACC-101848,Kano,2026-06-10T07:06:45.336Z,AG-1010,1,27.7,0,26.46,2,0,22,0
1849,ACC-101849,Abuja,2026-07-20T07:06:45.336Z,AG-1021,2,57.7,0,0,0,0,20,0
1850,ACC-101850,Kano,2026-07-18T07:06:45.336Z,AG-1037,1,91.9,0,9.47,0,0,14,0
1851,ACC-101851,Kano,2026-07-15T07:06:45.336Z,AG-1024,1,58.2,0,1.59,3,0,11,0
1852,ACC-101852,Ibadan,2026-07-31T07:06:45.336Z,AG-1029,2,27,0,19.86,0,0,8,0
1853,ACC-101853,Lagos,2026-06-08T07:06:45.336Z,AG-1016,2,346.3,1,1.22,3,646010,4,1
1854,ACC-101854,Ibadan,2026-07-29T07:06:45.336Z,AG-1012,2,15.4,0,4.62,1,0,11,0
1855,ACC-101855,Kano,2026-07-06T07:06:45.336Z,AG-1004,11,179.5,1,0.37,7,400310,4,1
1856,ACC-101856,Port Harcourt,2026-06-30T07:06:45.336Z,AG-1021,4,47.8,0,11.24,2,16262,7,0
1857,ACC-101857,Ibadan,2026-08-22T07:06:45.336Z,AG-1007,2,52.9,0,7.51,0,29385,20,0
1858,ACC-101858,Kano,2026-07-12T07:06:45.336Z,AG-1005,2,57.2,0,19.44,0,0,7,0
1859,ACC-101859,Abuja,2026-07-27T07:06:45.336Z,AG-1031,0,75.3,1,11.06,1,0,21,0
1860,ACC-101860,Lagos,2026-07-12T07:06:45.336Z,AG-1025,4,20,0,30.45,1,0,22,0
1861,ACC-101861,Ibadan,2026-06-21T07:06:45.336Z,AG-1035,0,0,0,25.3,0,3861,20,0
1862,ACC-101862,Ibadan,2026-08-18T07:06:45.336Z,AG-1030,0,3,1,32.97,0,10215,15,0
1863,ACC-101863,Kano,2026-08-03T07:06:45.336Z,AG-1036,1,10.6,0,9.02,1,0,9,0
1864,ACC-101864,Ibadan,2026-08-19T07:06:45.336Z,AG-1015,2,0,0,7.74,1,0,7,0
1865,ACC-101865,Lagos,2026-09-04T07:06:45.336Z,AG-1035,0,41.4,0,15.93,2,7475,18,0
1866,ACC-101866,Ibadan,2026-08-02T07:06:45.336Z,AG-1038,0,23.8,1,6.03,2,0,19,0
1867,ACC-101867,Lagos,2026-08-15T07:06:45.336Z,AG-1015,3,6.3,0,15.1,0,0,6,0
1868,ACC-101868,Port Harcourt,2026-07-27T07:06:45.336Z,AG-1025,3,29.4,1,16.05,1,0,7,0
1869,ACC-101869,Port Harcourt,2026-07-11T07:06:45.336Z,AG-1020,4,32.7,0,23.86,0,0,14,0
1870,ACC-101870,Port Harcourt,2026-06-19T07:06:45.336Z,AG-1022,2,41.3,0,17.28,2,0,22,0
1871,ACC-101871,Port Harcourt,2026-08-24T07:06:45.336Z,AG-1006,2,5.1,0,18.73,2,16571,21,0
1872,ACC-101872,Ibadan,2026-08-19T07:06:45.336Z,AG-1012,3,2.3,1,17.1,1,0,11,0
1873,ACC-101873,Port Harcourt,2026-08-15T07:06:45.336Z,AG-1029,0,14,0,7.96,1,0,19,0
1874,ACC-101874,Ibadan,2026-07-22T07:06:45.336Z,AG-1010,2,50.2,0,19.45,0,7551,20,0
1875,ACC-101875,Ibadan,2026-07-15T07:06:45.336Z,AG-1023,2,0,0,10.08,1,0,10,0
1876,ACC-101876,Ibadan,2026-06-18T07:06:45.336Z,AG-1025,0,13.2,0,4.16,0,14709,15,0
1877,ACC-101877,Kano,2026-06-18T07:06:45.336Z,AG-1013,0,20.8,0,12.04,2,0,13,0
1878,ACC-101878,Abuja,2026-06-07T07:06:45.336Z,AG-1022,1,0,0,23.57,1,0,21,0
1879,ACC-101879,Kano,2026-08-06T07:06:45.336Z,AG-1005,3,75.5,0,12.28,1,0,11,0
1880,ACC-101880,Kano,2026-06-20T07:06:45.336Z,AG-1004,2,62.6,1,37.33,1,0,8,0
1881,ACC-101881,Abuja,2026-08-27T07:06:45.336Z,AG-1018,1,0,0,0,1,9420,10,0
1882,ACC-101882,Port Harcourt,2026-07-23T07:06:45.336Z,AG-1014,0,50.9,0,0,0,14803,14,0
1883,ACC-101883,Kano,2026-06-22T07:06:45.336Z,AG-1016,0,21.7,0,11.12,0,0,22,0
1884,ACC-101884,Lagos,2026-07-22T07:06:45.336Z,AG-1002,1,18.2,0,22.22,0,0,19,0
1885,ACC-101885,Abuja,2026-06-29T07:06:45.336Z,AG-1019,3,9.1,0,10.9,0,16379,12,0
1886,ACC-101886,Lagos,2026-08-29T07:06:45.336Z,AG-1039,1,2.5,0,20.81,1,0,11,0
1887,ACC-101887,Abuja,2026-06-06T07:06:45.336Z,AG-1037,1,51.8,0,13.13,1,0,12,0
1888,ACC-101888,Lagos,2026-08-12T07:06:45.336Z,AG-1001,1,33.7,1,13.99,0,0,14,0
1889,ACC-101889,Ibadan,2026-07-20T07:06:45.336Z,AG-1010,2,316.4,1,0.17,4,0,21,1
1890,ACC-101890,Kano,2026-08-12T07:06:45.336Z,AG-1013,0,0.4,0,2.85,1,0,7,0
1891,ACC-101891,Abuja,2026-06-07T07:06:45.336Z,AG-1028,2,0,1,0,0,0,13,0
1892,ACC-101892,Ibadan,2026-08-07T07:06:45.336Z,AG-1003,0,0,0,17.51,0,0,12,0
1893,ACC-101893,Ibadan,2026-07-20T07:06:45.336Z,AG-1013,0,33.1,1,13.4,1,0,14,0
1894,ACC-101894,Kano,2026-06-06T07:06:45.336Z,AG-1002,2,5,0,23.84,0,0,9,0
1895,ACC-101895,Kano,2026-07-16T07:06:45.336Z,AG-1037,3,27.5,0,0,0,15438,15,0
1896,ACC-101896,Port Harcourt,2026-08-14T07:06:45.336Z,AG-1002,0,103.3,1,10.3,0,8370,16,0
1897,ACC-101897,Kano,2026-07-03T07:06:45.336Z,AG-1011,0,18.6,0,24.07,1,0,22,0
1898,ACC-101898,Lagos,2026-08-10T07:06:45.336Z,AG-1007,2,52.1,1,21.58,1,0,21,0
1899,ACC-101899,Kano,2026-07-05T07:06:45.336Z,AG-1035,1,0,1,19.53,0,0,7,0
1900,ACC-101900,Abuja,2026-08-13T07:06:45.336Z,AG-1031,4,57.3,0,20.96,1,0,19,0
1901,ACC-101901,Abuja,2026-07-28T07:06:45.336Z,AG-1034,4,7.8,0,10.95,0,0,16,0
1902,ACC-101902,Abuja,2026-08-23T07:06:45.336Z,AG-1026,3,0,1,24.42,1,0,22,0
1903,ACC-101903,Ibadan,2026-07-22T07:06:45.336Z,AG-1005,0,0,0,0.96,1,0,10,0
1904,ACC-101904,Lagos,2026-08-29T07:06:45.336Z,AG-1032,0,5.9,0,6.67,3,28451,12,0
1905,ACC-101905,Abuja,2026-08-08T07:06:45.336Z,AG-1012,0,43.2,0,13.33,1,8053,14,0
1906,ACC-101906,Abuja,2026-06-13T07:06:45.336Z,AG-1031,3,37.6,0,15.02,0,0,10,0
1907,ACC-101907,Ibadan,2026-06-10T07:06:45.336Z,AG-1027,0,33.3,0,6.42,1,0,17,0
1908,ACC-101908,Lagos,2026-06-17T07:06:45.336Z,AG-1026,1,38,1,0.63,1,14655,19,0
1909,ACC-101909,Abuja,2026-09-03T07:06:45.336Z,AG-1012,1,20.1,0,27.93,0,6470,22,0
1910,ACC-101910,Kano,2026-06-23T07:06:45.336Z,AG-1027,2,33.1,1,9.78,0,0,10,0
1911,ACC-101911,Kano,2026-07-16T07:06:45.336Z,AG-1009,1,13.7,0,9.6,0,0,14,0
1912,ACC-101912,Abuja,2026-08-20T07:06:45.336Z,AG-1023,5,25.7,0,19.26,0,0,20,0
1913,ACC-101913,Abuja,2026-08-22T07:06:45.336Z,AG-1029,0,4.5,1,0,1,0,10,0
1914,ACC-101914,Port Harcourt,2026-07-17T07:06:45.336Z,AG-1003,1,14.7,0,0,1,0,8,0
1915,ACC-101915,Lagos,2026-06-25T07:06:45.336Z,AG-1003,2,13.5,1,16.83,1,0,9,0
1916,ACC-101916,Abuja,2026-07-27T07:06:45.336Z,AG-1005,2,8.5,1,10.92,1,0,16,0
1917,ACC-101917,Port Harcourt,2026-08-03T07:06:45.336Z,AG-1030,0,11.4,0,15.81,2,0,14,0
1918,ACC-101918,Abuja,2026-06-12T07:06:45.336Z,AG-1012,0,17,0,20.15,0,0,9,0
1919,ACC-101919,Ibadan,2026-08-27T07:06:45.336Z,AG-1029,3,189.3,0,1.63,2,656993,4,1
1920,ACC-101920,Ibadan,2026-07-05T07:06:45.336Z,AG-1034,2,20.8,1,23.9,0,0,21,0
1921,ACC-101921,Kano,2026-09-03T07:06:45.336Z,AG-1033,0,76.8,1,19.16,1,11528,11,0
1922,ACC-101922,Abuja,2026-07-25T07:06:45.336Z,AG-1028,1,0,1,5.49,2,0,18,0
1923,ACC-101923,Abuja,2026-08-18T07:06:45.336Z,AG-1018,2,73.1,0,10.9,1,0,6,0
1924,ACC-101924,Lagos,2026-08-19T07:06:45.336Z,AG-1016,4,0,0,2.35,2,0,21,0
1925,ACC-101925,Kano,2026-06-26T07:06:45.336Z,AG-1026,0,0.5,1,22.17,1,0,17,0
1926,ACC-101926,Port Harcourt,2026-08-14T07:06:45.336Z,AG-1029,3,0,0,0,2,0,16,0
1927,ACC-101927,Lagos,2026-08-31T07:06:45.336Z,AG-1030,2,21.9,1,3.4,1,0,12,0
1928,ACC-101928,Lagos,2026-06-13T07:06:45.336Z,AG-1039,3,0,0,4.73,0,18819,18,0
1929,ACC-101929,Kano,2026-08-05T07:06:45.336Z,AG-1010,4,5.9,0,12.59,2,0,11,0
1930,ACC-101930,Lagos,2026-08-09T07:06:45.336Z,AG-1021,4,0,1,11.15,0,0,11,0
1931,ACC-101931,Port Harcourt,2026-08-10T07:06:45.336Z,AG-1003,1,0,0,5.52,1,6579,20,0
1932,ACC-101932,Abuja,2026-07-22T07:06:45.336Z,AG-1015,2,6.2,0,10.53,0,0,12,0
1933,ACC-101933,Lagos,2026-09-01T07:06:45.336Z,AG-1034,0,0,0,21.43,0,11893,20,0
1934,ACC-101934,Abuja,2026-08-14T07:06:45.336Z,AG-1030,4,16.1,1,0,2,0,20,0
1935,ACC-101935,Port Harcourt,2026-08-29T07:06:45.336Z,AG-1034,0,12.8,1,25.34,0,0,11,0
1936,ACC-101936,Lagos,2026-07-25T07:06:45.336Z,AG-1037,3,0,0,16.66,1,0,10,0
1937,ACC-101937,Lagos,2026-07-22T07:06:45.336Z,AG-1022,3,68.6,0,41.95,0,1575,7,0
1938,ACC-101938,Ibadan,2026-06-30T07:06:45.336Z,AG-1024,4,7.8,0,28.44,1,0,22,0
1939,ACC-101939,Lagos,2026-06-14T07:06:45.336Z,AG-1029,2,3.5,1,10.96,1,10761,13,0
1940,ACC-101940,Lagos,2026-06-12T07:06:45.336Z,AG-1022,4,184.7,1,1.19,4,282286,1,1
1941,ACC-101941,Abuja,2026-06-07T07:06:45.336Z,AG-1025,1,18.1,0,10.28,1,1709,13,0
1942,ACC-101942,Lagos,2026-06-10T07:06:45.336Z,AG-1036,2,62.4,0,11.99,2,0,9,0
1943,ACC-101943,Abuja,2026-08-08T07:06:45.336Z,AG-1025,3,11.7,1,9.45,0,22149,21,0
1944,ACC-101944,Kano,2026-07-09T07:06:45.336Z,AG-1028,4,0,1,5.92,1,0,19,0
1945,ACC-101945,Lagos,2026-07-25T07:06:45.336Z,AG-1031,1,10.1,0,16.86,0,0,16,0
1946,ACC-101946,Port Harcourt,2026-06-06T07:06:45.336Z,AG-1018,1,74,0,11.61,0,0,16,0
1947,ACC-101947,Abuja,2026-08-25T07:06:45.336Z,AG-1007,3,48.5,0,14.68,1,0,18,0
1948,ACC-101948,Abuja,2026-07-13T07:06:45.336Z,AG-1027,2,0,0,19.5,0,0,12,0
1949,ACC-101949,Port Harcourt,2026-06-26T07:06:45.336Z,AG-1018,2,0,0,21.12,1,0,6,0
1950,ACC-101950,Lagos,2026-08-23T07:06:45.336Z,AG-1025,3,0,1,15.82,0,0,17,0
1951,ACC-101951,Abuja,2026-06-11T07:06:45.336Z,AG-1035,1,0,1,17.97,3,0,6,0
1952,ACC-101952,Port Harcourt,2026-07-07T07:06:45.336Z,AG-1013,1,0,1,5.87,2,0,13,0
1953,ACC-101953,Port Harcourt,2026-07-17T07:06:45.336Z,AG-1004,1,0,0,21.32,3,6085,9,0
1954,ACC-101954,Abuja,2026-07-08T07:06:45.336Z,AG-1031,0,0,0,18.31,1,0,12,0
1955,ACC-101955,Abuja,2026-08-21T07:06:45.336Z,AG-1019,0,5.4,1,1.72,0,0,7,0
1956,ACC-101956,Lagos,2026-07-13T07:06:45.336Z,AG-1024,0,15.7,0,12.75,1,0,22,0
1957,ACC-101957,Kano,2026-06-18T07:06:45.336Z,AG-1037,0,74.6,0,19.59,1,0,9,0
1958,ACC-101958,Port Harcourt,2026-06-21T07:06:45.336Z,AG-1008,2,12.3,0,21.5,0,0,6,0
1959,ACC-101959,Lagos,2026-08-30T07:06:45.336Z,AG-1001,0,33.2,0,20.66,2,11744,16,0
1960,ACC-101960,Kano,2026-08-14T07:06:45.336Z,AG-1028,0,29.7,0,1.42,0,0,19,0
1961,ACC-101961,Port Harcourt,2026-08-09T07:06:45.336Z,AG-1001,0,28.9,1,0,1,0,22,0
1962,ACC-101962,Ibadan,2026-08-04T07:06:45.336Z,AG-1018,3,45.6,0,10.5,2,0,8,0
1963,ACC-101963,Kano,2026-07-17T07:06:45.336Z,AG-1018,1,0,0,13.9,2,0,6,0
1964,ACC-101964,Kano,2026-06-06T07:06:45.336Z,AG-1012,1,12.8,0,24.8,0,0,20,0
1965,ACC-101965,Kano,2026-06-07T07:06:45.336Z,AG-1029,1,22.9,1,18.87,1,0,9,0
1966,ACC-101966,Port Harcourt,2026-09-03T07:06:45.336Z,AG-1020,1,4,0,18.96,1,0,13,0
1967,ACC-101967,Lagos,2026-08-28T07:06:45.336Z,AG-1026,2,13.6,0,12.49,1,0,17,0
1968,ACC-101968,Ibadan,2026-07-29T07:06:45.337Z,AG-1010,5,234.9,0,0.37,4,316816,15,1
1969,ACC-101969,Kano,2026-07-26T07:06:45.337Z,AG-1002,0,28.9,0,0,2,0,6,0
1970,ACC-101970,Abuja,2026-06-19T07:06:45.337Z,AG-1035,3,74.4,0,20.94,0,0,7,0
1971,ACC-101971,Lagos,2026-06-14T07:06:45.337Z,AG-1013,4,0,0,13.69,0,0,16,0
1972,ACC-101972,Lagos,2026-08-22T07:06:45.337Z,AG-1036,3,40.9,0,26.28,0,0,7,0
1973,ACC-101973,Ibadan,2026-07-05T07:06:45.337Z,AG-1019,3,27.5,0,14.36,1,0,21,0
1974,ACC-101974,Port Harcourt,2026-08-20T07:06:45.337Z,AG-1037,3,38.7,0,28.79,0,0,17,0
1975,ACC-101975,Port Harcourt,2026-08-27T07:06:45.337Z,AG-1014,1,4.9,1,17.59,1,0,21,0
1976,ACC-101976,Ibadan,2026-07-20T07:06:45.337Z,AG-1018,0,0,0,15.93,2,0,22,0
1977,ACC-101977,Kano,2026-08-09T07:06:45.337Z,AG-1000,1,26,1,17.51,1,0,16,0
1978,ACC-101978,Port Harcourt,2026-08-07T07:06:45.337Z,AG-1037,0,0,1,11.58,1,0,17,0
1979,ACC-101979,Kano,2026-06-18T07:06:45.337Z,AG-1005,1,34.7,1,3.95,2,5167,19,0
1980,ACC-101980,Kano,2026-06-20T07:06:45.337Z,AG-1021,0,0,1,17.88,2,20786,11,0
1981,ACC-101981,Kano,2026-08-09T07:06:45.337Z,AG-1032,1,36.9,0,25.74,2,0,9,0
1982,ACC-101982,Lagos,2026-06-28T07:06:45.337Z,AG-1020,5,0,0,15.25,0,7846,13,0
1983,ACC-101983,Port Harcourt,2026-07-19T07:06:45.337Z,AG-1019,0,38.3,1,5.18,1,8625,6,0
1984,ACC-101984,Kano,2026-08-12T07:06:45.337Z,AG-1028,2,0,1,15.11,1,0,12,0
1985,ACC-101985,Ibadan,2026-06-14T07:06:45.337Z,AG-1022,1,11.4,0,0,1,0,20,0
1986,ACC-101986,Kano,2026-07-27T07:06:45.337Z,AG-1029,3,0.8,0,21.11,2,12383,20,0
1987,ACC-101987,Lagos,2026-08-14T07:06:45.337Z,AG-1023,2,55.4,0,22.19,0,0,20,0
1988,ACC-101988,Ibadan,2026-06-27T07:06:45.337Z,AG-1014,1,37.3,0,20.34,2,0,21,0
1989,ACC-101989,Kano,2026-07-24T07:06:45.337Z,AG-1030,2,13.8,0,14.29,1,0,17,0
1990,ACC-101990,Abuja,2026-08-09T07:06:45.337Z,AG-1035,4,69.8,1,6.93,0,0,15,0
1991,ACC-101991,Port Harcourt,2026-08-03T07:06:45.337Z,AG-1010,3,30.6,0,19.87,1,0,7,0
1992,ACC-101992,Lagos,2026-07-01T07:06:45.337Z,AG-1037,1,74.9,0,32.07,2,0,22,0
1993,ACC-101993,Ibadan,2026-09-01T07:06:45.337Z,AG-1036,4,30.4,0,14.36,0,0,20,0
1994,ACC-101994,Ibadan,2026-06-11T07:06:45.337Z,AG-1039,4,17.3,0,0,1,5695,22,0
1995,ACC-101995,Abuja,2026-06-27T07:06:45.337Z,AG-1024,3,6.8,0,35.96,0,0,6,0
1996,ACC-101996,Kano,2026-08-28T07:06:45.337Z,AG-1037,1,26.3,0,11.43,2,0,8,0
1997,ACC-101997,Kano,2026-08-26T07:06:45.337Z,AG-1030,2,0,1,38.08,1,0,14,0
1998,ACC-101998,Lagos,2026-07-09T07:06:45.337Z,AG-1016,2,25.7,0,27.08,2,0,9,0
1999,ACC-101999,Lagos,2026-06-06T07:06:45.337Z,AG-1027,3,111,0,20.15,0,0,13,0
2000,ACC-102000,Kano,2026-07-10T07:06:45.337Z,AG-1025,2,0,0,17.27,0,0,19,0
2001,ACC-102001,Kano,2026-08-22T07:06:45.337Z,AG-1036,0,0,0,20.8,0,0,12,0
2002,ACC-102002,Abuja,2026-08-15T07:06:45.337Z,AG-1030,1,108.6,1,2.05,1,289980,18,1
2003,ACC-102003,Kano,2026-06-20T07:06:45.337Z,AG-1027,1,26.1,1,5.16,0,0,8,0
2004,ACC-102004,Lagos,2026-06-07T07:06:45.337Z,AG-1015,1,8.7,0,18.12,2,0,22,0
2005,ACC-102005,Abuja,2026-07-15T07:06:45.337Z,AG-1002,2,57.2,0,11.46,0,0,12,0
2006,ACC-102006,Kano,2026-07-25T07:06:45.337Z,AG-1021,2,43.6,0,18.03,1,0,16,0
2007,ACC-102007,Ibadan,2026-07-22T07:06:45.337Z,AG-1009,0,19.2,1,6.33,0,0,9,0
2008,ACC-102008,Abuja,2026-06-11T07:06:45.337Z,AG-1038,0,62.8,0,12.04,1,0,21,0
2009,ACC-102009,Port Harcourt,2026-08-08T07:06:45.337Z,AG-1004,2,91.2,1,5.79,0,0,13,0
2010,ACC-102010,Abuja,2026-08-15T07:06:45.337Z,AG-1018,1,2.2,0,23.09,2,0,16,0
2011,ACC-102011,Port Harcourt,2026-07-09T07:06:45.337Z,AG-1018,1,15.1,0,13.54,0,6133,11,0
2012,ACC-102012,Lagos,2026-08-05T07:06:45.337Z,AG-1019,2,2.7,1,19.97,1,18454,17,0
2013,ACC-102013,Abuja,2026-07-09T07:06:45.337Z,AG-1005,3,6.7,0,11.45,1,0,12,0
2014,ACC-102014,Port Harcourt,2026-08-28T07:06:45.337Z,AG-1007,3,0,0,1.68,1,0,10,0
2015,ACC-102015,Lagos,2026-07-18T07:06:45.337Z,AG-1026,2,29.5,1,16.5,0,0,20,0
2016,ACC-102016,Port Harcourt,2026-06-28T07:06:45.337Z,AG-1006,2,30,0,14.16,0,0,17,0
2017,ACC-102017,Ibadan,2026-08-15T07:06:45.337Z,AG-1030,1,0,0,28.33,1,0,13,0
2018,ACC-102018,Kano,2026-08-26T07:06:45.337Z,AG-1009,0,1.8,1,6.58,2,4502,18,0
2019,ACC-102019,Lagos,2026-07-16T07:06:45.337Z,AG-1036,4,24.7,1,34.09,2,0,12,0
2020,ACC-102020,Port Harcourt,2026-08-11T07:06:45.337Z,AG-1029,1,13.4,0,10.97,1,14444,19,0
2021,ACC-102021,Ibadan,2026-06-12T07:06:45.337Z,AG-1027,4,2.2,0,5.79,1,0,20,0
2022,ACC-102022,Kano,2026-08-09T07:06:45.337Z,AG-1002,2,15.1,1,41.22,1,0,20,0
2023,ACC-102023,Port Harcourt,2026-06-12T07:06:45.337Z,AG-1022,3,0,1,24.85,0,0,20,0
2024,ACC-102024,Port Harcourt,2026-07-04T07:06:45.337Z,AG-1038,1,0,1,31.16,1,0,13,0
2025,ACC-102025,Port Harcourt,2026-07-21T07:06:45.337Z,AG-1029,2,0,0,4.56,0,18929,16,0
2026,ACC-102026,Port Harcourt,2026-06-18T07:06:45.337Z,AG-1032,3,31.2,1,0,0,0,9,0
2027,ACC-102027,Lagos,2026-08-14T07:06:45.337Z,AG-1009,0,1.4,1,8.33,0,0,6,0
2028,ACC-102028,Kano,2026-06-21T07:06:45.337Z,AG-1013,2,0,0,25.48,0,0,15,0
2029,ACC-102029,Kano,2026-06-10T07:06:45.337Z,AG-1019,3,61.9,0,1,0,0,14,0
2030,ACC-102030,Kano,2026-09-03T07:06:45.337Z,AG-1023,1,56.6,0,16.16,1,0,19,0
2031,ACC-102031,Ibadan,2026-07-03T07:06:45.337Z,AG-1020,0,56.5,1,12.94,0,0,12,0
2032,ACC-102032,Kano,2026-08-27T07:06:45.337Z,AG-1010,9,0,1,2.27,2,680794,2,1
2033,ACC-102033,Lagos,2026-06-28T07:06:45.337Z,AG-1033,0,5.7,1,8.51,2,0,19,0
2034,ACC-102034,Ibadan,2026-06-24T07:06:45.337Z,AG-1024,3,0,0,39.5,1,0,20,0
2035,ACC-102035,Abuja,2026-06-21T07:06:45.337Z,AG-1005,0,25.6,0,33.33,1,13595,16,0
2036,ACC-102036,Lagos,2026-06-06T07:06:45.337Z,AG-1018,2,0,0,24.39,1,0,10,0
2037,ACC-102037,Port Harcourt,2026-07-19T07:06:45.337Z,AG-1020,0,66.5,0,27.49,0,13655,12,0
2038,ACC-102038,Lagos,2026-07-20T07:06:45.337Z,AG-1011,0,9.6,0,19.78,0,0,22,0
2039,ACC-102039,Abuja,2026-07-25T07:06:45.337Z,AG-1022,4,148.8,1,0.42,8,225386,0,1
2040,ACC-102040,Abuja,2026-08-23T07:06:45.337Z,AG-1000,0,20.1,1,11.58,0,0,11,0
2041,ACC-102041,Ibadan,2026-06-16T07:06:45.337Z,AG-1018,0,14.1,0,14.06,0,0,12,0
2042,ACC-102042,Lagos,2026-09-03T07:06:45.337Z,AG-1007,3,276.3,1,1.11,7,226900,19,1
2043,ACC-102043,Ibadan,2026-07-16T07:06:45.337Z,AG-1027,1,0,0,15.72,0,0,12,0
2044,ACC-102044,Lagos,2026-06-21T07:06:45.337Z,AG-1034,1,0,0,11.5,1,0,14,0
2045,ACC-102045,Lagos,2026-06-28T07:06:45.337Z,AG-1005,0,18.1,0,16.08,0,12913,18,0
2046,ACC-102046,Abuja,2026-07-08T07:06:45.337Z,AG-1023,4,0,0,11.94,2,0,20,0
2047,ACC-102047,Abuja,2026-07-25T07:06:45.337Z,AG-1009,0,7.5,0,6.55,0,0,14,0
2048,ACC-102048,Abuja,2026-06-16T07:06:45.337Z,AG-1014,0,0,0,10.22,0,0,12,0
2049,ACC-102049,Ibadan,2026-06-19T07:06:45.337Z,AG-1039,1,9.8,1,0,0,0,7,0
2050,ACC-102050,Abuja,2026-07-11T07:06:45.337Z,AG-1026,2,11.2,0,15.86,1,17085,21,0
2051,ACC-102051,Kano,2026-06-07T07:06:45.337Z,AG-1023,6,159.9,1,3.05,5,338012,3,1
2052,ACC-102052,Abuja,2026-07-25T07:06:45.337Z,AG-1002,1,5.1,0,17.57,2,0,15,0
2053,ACC-102053,Abuja,2026-08-07T07:06:45.337Z,AG-1029,1,0,1,22.7,1,0,16,0
2054,ACC-102054,Abuja,2026-07-13T07:06:45.337Z,AG-1017,3,30.9,1,17.33,0,0,13,0
2055,ACC-102055,Kano,2026-08-20T07:06:45.337Z,AG-1030,0,0,1,0,1,0,16,0
2056,ACC-102056,Lagos,2026-07-04T07:06:45.337Z,AG-1018,0,0.5,0,26.09,1,0,20,0
2057,ACC-102057,Abuja,2026-06-29T07:06:45.337Z,AG-1004,4,9.6,0,8.82,0,0,20,0
2058,ACC-102058,Kano,2026-07-08T07:06:45.337Z,AG-1028,2,54.1,0,11.26,2,0,10,0
2059,ACC-102059,Abuja,2026-08-19T07:06:45.337Z,AG-1008,0,0,0,14.73,0,0,17,0
2060,ACC-102060,Lagos,2026-08-06T07:06:45.337Z,AG-1012,2,47.3,0,30.06,0,0,10,0
2061,ACC-102061,Kano,2026-07-14T07:06:45.337Z,AG-1011,3,264.5,1,2.53,4,140749,12,1
2062,ACC-102062,Ibadan,2026-08-09T07:06:45.337Z,AG-1005,2,13.1,0,7.37,2,20779,21,0
2063,ACC-102063,Kano,2026-06-28T07:06:45.337Z,AG-1038,4,0.6,1,0,0,19780,14,0
2064,ACC-102064,Port Harcourt,2026-06-11T07:06:45.337Z,AG-1002,3,49.9,1,26.55,0,12781,15,0
2065,ACC-102065,Ibadan,2026-08-25T07:06:45.337Z,AG-1034,1,0,1,11.59,2,0,9,0
2066,ACC-102066,Lagos,2026-07-29T07:06:45.337Z,AG-1035,0,71.5,1,0,5,584072,22,1
2067,ACC-102067,Ibadan,2026-07-15T07:06:45.337Z,AG-1029,4,86.7,0,35.64,1,0,22,0
2068,ACC-102068,Lagos,2026-07-09T07:06:45.337Z,AG-1031,2,15.7,0,22.16,1,0,13,0
2069,ACC-102069,Ibadan,2026-06-07T07:06:45.337Z,AG-1032,3,5.4,0,23.66,0,10472,9,0
2070,ACC-102070,Lagos,2026-07-07T07:06:45.337Z,AG-1027,6,254.8,0,1.3,4,257356,2,1
2071,ACC-102071,Port Harcourt,2026-07-26T07:06:45.337Z,AG-1010,0,3.8,0,15.14,1,0,22,0
2072,ACC-102072,Abuja,2026-07-28T07:06:45.337Z,AG-1003,0,12,0,24.91,0,14799,21,0
2073,ACC-102073,Ibadan,2026-06-09T07:06:45.337Z,AG-1025,3,12.1,0,12.92,0,0,13,0
2074,ACC-102074,Lagos,2026-08-28T07:06:45.337Z,AG-1039,3,9,1,10.39,1,0,8,0
2075,ACC-102075,Kano,2026-08-28T07:06:45.337Z,AG-1002,0,10,0,12.53,0,0,17,0
2076,ACC-102076,Ibadan,2026-07-09T07:06:45.337Z,AG-1020,3,34.4,1,0,1,0,7,0
2077,ACC-102077,Ibadan,2026-08-07T07:06:45.337Z,AG-1026,0,0,0,13.24,0,0,10,0
2078,ACC-102078,Abuja,2026-07-02T07:06:45.337Z,AG-1019,2,25.1,0,12.08,0,0,20,0
2079,ACC-102079,Ibadan,2026-08-22T07:06:45.337Z,AG-1038,1,15.6,1,24.42,0,0,7,0
2080,ACC-102080,Kano,2026-07-27T07:06:45.337Z,AG-1029,0,0,0,4.13,1,0,21,0
2081,ACC-102081,Lagos,2026-06-22T07:06:45.337Z,AG-1025,1,38.9,0,15.09,1,0,19,0
2082,ACC-102082,Abuja,2026-08-04T07:06:45.337Z,AG-1030,2,23.9,1,25.85,0,0,17,0
2083,ACC-102083,Kano,2026-06-07T07:06:45.337Z,AG-1032,4,7.8,1,11.71,1,0,9,0
2084,ACC-102084,Lagos,2026-06-21T07:06:45.337Z,AG-1009,1,0,0,12.35,1,0,7,0
2085,ACC-102085,Ibadan,2026-07-07T07:06:45.337Z,AG-1005,0,39.7,0,17.02,1,0,9,0
2086,ACC-102086,Abuja,2026-07-03T07:06:45.337Z,AG-1036,2,33.6,0,19.89,1,0,14,0
2087,ACC-102087,Lagos,2026-06-06T07:06:45.337Z,AG-1036,2,25.1,0,20.96,0,0,9,0
2088,ACC-102088,Kano,2026-07-08T07:06:45.337Z,AG-1004,0,31,0,12.98,0,3952,10,0
2089,ACC-102089,Kano,2026-09-04T07:06:45.337Z,AG-1028,1,13.4,0,12.52,0,0,17,0
2090,ACC-102090,Ibadan,2026-07-31T07:06:45.337Z,AG-1036,3,13.4,1,8.89,0,0,14,0
2091,ACC-102091,Lagos,2026-08-15T07:06:45.337Z,AG-1000,15,0,1,0.88,2,471280,7,1
2092,ACC-102092,Port Harcourt,2026-08-03T07:06:45.337Z,AG-1017,4,6.1,0,19.42,0,7213,9,0
2093,ACC-102093,Port Harcourt,2026-08-18T07:06:45.337Z,AG-1009,1,13.1,0,21.99,0,0,16,0
2094,ACC-102094,Kano,2026-07-14T07:06:45.337Z,AG-1031,5,263.5,1,1.5,3,458906,1,1
2095,ACC-102095,Port Harcourt,2026-08-11T07:06:45.337Z,AG-1022,0,24.5,1,23.72,1,10804,19,0
2096,ACC-102096,Lagos,2026-08-30T07:06:45.337Z,AG-1015,0,15.6,1,20.63,1,0,9,0
2097,ACC-102097,Ibadan,2026-08-04T07:06:45.337Z,AG-1012,0,23.8,0,18.58,0,0,14,0
2098,ACC-102098,Ibadan,2026-07-12T07:06:45.337Z,AG-1019,4,30.8,1,10.53,0,0,21,0
2099,ACC-102099,Lagos,2026-07-21T07:06:45.337Z,AG-1028,5,171.5,1,0,3,117970,8,1
2100,ACC-102100,Port Harcourt,2026-06-13T07:06:45.337Z,AG-1027,0,75.9,0,12.19,1,0,11,0
2101,ACC-102101,Abuja,2026-07-02T07:06:45.337Z,AG-1032,3,17.3,0,12.13,0,14566,7,0
2102,ACC-102102,Abuja,2026-07-27T07:06:45.337Z,AG-1038,2,0,0,35.55,1,0,17,0
2103,ACC-102103,Kano,2026-09-01T07:06:45.337Z,AG-1024,0,35,0,16.88,0,0,13,0
2104,ACC-102104,Ibadan,2026-08-03T07:06:45.337Z,AG-1024,3,21,0,6.74,1,0,22,0
2105,ACC-102105,Abuja,2026-08-03T07:06:45.337Z,AG-1000,2,33,1,20.69,1,6641,6,0
2106,ACC-102106,Port Harcourt,2026-07-19T07:06:45.337Z,AG-1039,2,33.6,0,14.09,1,0,18,0
2107,ACC-102107,Ibadan,2026-07-06T07:06:45.337Z,AG-1027,2,44.2,0,19.55,0,12113,13,0
2108,ACC-102108,Abuja,2026-07-07T07:06:45.337Z,AG-1008,4,24.3,0,13.3,2,0,8,0
2109,ACC-102109,Ibadan,2026-08-24T07:06:45.337Z,AG-1019,1,6,0,7.92,1,0,6,0
2110,ACC-102110,Port Harcourt,2026-07-03T07:06:45.337Z,AG-1016,3,0.1,0,17.16,1,0,10,0
2111,ACC-102111,Lagos,2026-07-01T07:06:45.337Z,AG-1035,2,58,0,12.53,1,0,17,0
2112,ACC-102112,Port Harcourt,2026-08-15T07:06:45.337Z,AG-1032,2,0,1,15.63,0,0,20,0
2113,ACC-102113,Lagos,2026-06-24T07:06:45.337Z,AG-1008,2,25.7,0,9.03,0,0,21,0
2114,ACC-102114,Port Harcourt,2026-08-07T07:06:45.337Z,AG-1016,4,2.6,0,10.52,1,0,12,0
2115,ACC-102115,Lagos,2026-06-28T07:06:45.337Z,AG-1003,5,39.6,0,18.64,0,0,15,0
2116,ACC-102116,Kano,2026-08-08T07:06:45.337Z,AG-1016,3,0,0,21.99,1,0,16,0
2117,ACC-102117,Kano,2026-07-10T07:06:45.337Z,AG-1022,1,9.8,1,18.21,2,0,13,0
2118,ACC-102118,Ibadan,2026-06-21T07:06:45.337Z,AG-1008,3,54.2,0,15.13,0,0,16,0
2119,ACC-102119,Lagos,2026-08-17T07:06:45.337Z,AG-1000,2,5.4,0,6.66,0,5594,8,0
2120,ACC-102120,Ibadan,2026-08-16T07:06:45.337Z,AG-1011,4,4.9,1,8.84,1,0,6,0
2121,ACC-102121,Ibadan,2026-08-10T07:06:45.337Z,AG-1016,4,12.7,0,10.53,2,0,14,0
2122,ACC-102122,Abuja,2026-08-06T07:06:45.337Z,AG-1000,3,8.4,0,7.76,0,0,12,0
2123,ACC-102123,Lagos,2026-06-28T07:06:45.337Z,AG-1002,3,31.5,0,11.63,1,0,7,0
2124,ACC-102124,Kano,2026-07-13T07:06:45.337Z,AG-1021,1,9.6,0,12.8,0,8295,22,0
2125,ACC-102125,Kano,2026-06-13T07:06:45.337Z,AG-1031,0,0,0,6.11,0,0,21,0
2126,ACC-102126,Abuja,2026-08-29T07:06:45.337Z,AG-1013,0,3.2,0,4.53,1,0,18,0
2127,ACC-102127,Port Harcourt,2026-06-22T07:06:45.337Z,AG-1036,2,6,0,0,0,0,16,0
2128,ACC-102128,Kano,2026-08-05T07:06:45.337Z,AG-1026,3,5.8,0,7.19,1,0,9,0
2129,ACC-102129,Ibadan,2026-06-09T07:06:45.337Z,AG-1021,2,46.9,0,13.77,1,0,16,0
2130,ACC-102130,Port Harcourt,2026-06-25T07:06:45.337Z,AG-1010,0,17,1,12.46,1,0,7,0
2131,ACC-102131,Abuja,2026-08-21T07:06:45.337Z,AG-1017,1,36.3,0,11.74,1,0,10,0
2132,ACC-102132,Lagos,2026-08-24T07:06:45.337Z,AG-1022,4,39.6,0,6.06,0,0,8,0
2133,ACC-102133,Kano,2026-06-23T07:06:45.337Z,AG-1024,4,34.5,0,18.75,1,0,12,0
2134,ACC-102134,Port Harcourt,2026-06-21T07:06:45.337Z,AG-1020,2,31.5,0,8.87,1,0,12,0
2135,ACC-102135,Abuja,2026-07-06T07:06:45.337Z,AG-1004,3,4.6,1,5.61,0,0,9,0
2136,ACC-102136,Abuja,2026-08-20T07:06:45.337Z,AG-1009,2,23.2,0,12.5,1,0,22,0
2137,ACC-102137,Ibadan,2026-07-18T07:06:45.337Z,AG-1022,2,0,0,12.49,1,0,22,0
2138,ACC-102138,Lagos,2026-07-15T07:06:45.337Z,AG-1019,0,6.8,0,16.47,2,0,9,0
2139,ACC-102139,Kano,2026-07-26T07:06:45.337Z,AG-1021,4,0,0,23.17,1,0,18,0
2140,ACC-102140,Kano,2026-06-18T07:06:45.337Z,AG-1039,4,2.3,0,7.17,1,10388,11,0
2141,ACC-102141,Kano,2026-07-06T07:06:45.337Z,AG-1019,0,265.7,1,1.66,3,75953,6,1
2142,ACC-102142,Abuja,2026-07-14T07:06:45.337Z,AG-1005,2,23.5,0,7.31,2,3399,8,0
2143,ACC-102143,Kano,2026-07-31T07:06:45.337Z,AG-1007,3,53.4,0,1.88,0,8045,13,0
2144,ACC-102144,Ibadan,2026-07-19T07:06:45.337Z,AG-1029,0,29,0,7.16,1,0,22,0
2145,ACC-102145,Port Harcourt,2026-09-02T07:06:45.337Z,AG-1025,1,29.1,1,22.86,0,0,14,0
2146,ACC-102146,Abuja,2026-06-07T07:06:45.337Z,AG-1038,2,5.9,0,21.5,3,0,11,0
2147,ACC-102147,Ibadan,2026-07-24T07:06:45.337Z,AG-1002,3,19.4,0,39.1,0,0,12,0
2148,ACC-102148,Port Harcourt,2026-08-03T07:06:45.337Z,AG-1015,3,22.3,1,22.11,0,0,11,0
2149,ACC-102149,Kano,2026-07-03T07:06:45.337Z,AG-1026,2,5.7,1,21.2,0,0,14,0
2150,ACC-102150,Lagos,2026-07-03T07:06:45.337Z,AG-1014,3,7.4,0,7.14,1,0,20,0
2151,ACC-102151,Abuja,2026-06-23T07:06:45.337Z,AG-1037,0,21.2,0,10.56,0,555,11,0
2152,ACC-102152,Lagos,2026-08-31T07:06:45.337Z,AG-1002,1,0,0,7.14,0,0,21,0
2153,ACC-102153,Ibadan,2026-06-28T07:06:45.337Z,AG-1021,1,52.9,1,22.12,0,0,12,0
2154,ACC-102154,Ibadan,2026-08-08T07:06:45.337Z,AG-1024,1,10.8,1,5.57,0,0,9,0
2155,ACC-102155,Ibadan,2026-06-09T07:06:45.337Z,AG-1011,2,45,0,15.02,2,0,15,0
2156,ACC-102156,Ibadan,2026-07-19T07:06:45.337Z,AG-1000,0,29.7,0,30.75,0,2987,16,0
2157,ACC-102157,Abuja,2026-08-05T07:06:45.337Z,AG-1025,1,52.5,0,24.35,1,0,16,0
2158,ACC-102158,Abuja,2026-07-26T07:06:45.337Z,AG-1014,4,26,1,5.07,0,0,21,0
2159,ACC-102159,Ibadan,2026-08-13T07:06:45.337Z,AG-1039,2,14.8,0,37.62,0,0,6,0
2160,ACC-102160,Ibadan,2026-08-04T07:06:45.337Z,AG-1020,4,0,1,0,0,0,12,0
2161,ACC-102161,Port Harcourt,2026-08-19T07:06:45.337Z,AG-1015,5,0,0,2.21,7,165315,2,1
2162,ACC-102162,Kano,2026-08-31T07:06:45.337Z,AG-1019,0,13.6,0,20.3,1,17942,6,0
2163,ACC-102163,Kano,2026-06-26T07:06:45.337Z,AG-1022,2,39.6,0,9.8,0,0,18,0
2164,ACC-102164,Ibadan,2026-07-03T07:06:45.337Z,AG-1039,1,15.2,0,0,0,0,18,0
2165,ACC-102165,Lagos,2026-06-16T07:06:45.337Z,AG-1022,0,0,0,0,1,0,7,0
2166,ACC-102166,Port Harcourt,2026-07-06T07:06:45.337Z,AG-1001,1,0,0,16.71,1,0,8,0
2167,ACC-102167,Abuja,2026-06-30T07:06:45.337Z,AG-1030,2,0,0,10.46,0,0,19,0
2168,ACC-102168,Kano,2026-09-04T07:06:45.337Z,AG-1016,1,27.8,0,7.25,2,0,12,0
2169,ACC-102169,Port Harcourt,2026-08-24T07:06:45.337Z,AG-1028,0,32.6,1,30.75,0,0,18,0
2170,ACC-102170,Kano,2026-08-05T07:06:45.337Z,AG-1018,1,150.7,1,1.64,2,212583,2,1
2171,ACC-102171,Lagos,2026-06-18T07:06:45.337Z,AG-1018,0,6.3,0,16.54,1,6917,21,0
2172,ACC-102172,Ibadan,2026-06-10T07:06:45.337Z,AG-1009,2,46.9,0,18.18,1,0,11,0
2173,ACC-102173,Lagos,2026-07-07T07:06:45.337Z,AG-1029,3,25.9,0,14.47,2,0,11,0
2174,ACC-102174,Port Harcourt,2026-06-21T07:06:45.337Z,AG-1012,0,1.5,0,16.67,0,0,8,0
2175,ACC-102175,Kano,2026-08-19T07:06:45.337Z,AG-1036,3,19,1,15.31,0,0,6,0
2176,ACC-102176,Port Harcourt,2026-08-16T07:06:45.337Z,AG-1022,3,0,0,26.79,0,7503,15,0
2177,ACC-102177,Kano,2026-07-25T07:06:45.337Z,AG-1036,3,11,0,15.64,1,0,19,0
2178,ACC-102178,Ibadan,2026-06-30T07:06:45.337Z,AG-1033,0,32.6,0,30.02,0,0,16,0
2179,ACC-102179,Ibadan,2026-07-15T07:06:45.337Z,AG-1033,4,6.2,0,17.54,1,0,6,0
2180,ACC-102180,Ibadan,2026-06-26T07:06:45.337Z,AG-1003,0,0,0,16.78,3,5662,20,0
2181,ACC-102181,Ibadan,2026-07-16T07:06:45.337Z,AG-1036,2,1.2,0,16.76,1,13093,11,0
2182,ACC-102182,Abuja,2026-08-22T07:06:45.337Z,AG-1012,1,0,1,21.06,1,0,10,0
2183,ACC-102183,Port Harcourt,2026-06-23T07:06:45.337Z,AG-1036,2,433.4,1,0.68,6,92933,20,1
2184,ACC-102184,Port Harcourt,2026-07-31T07:06:45.337Z,AG-1014,2,37.8,1,0,1,0,22,0
2185,ACC-102185,Kano,2026-06-20T07:06:45.337Z,AG-1006,4,63.8,0,2.24,0,0,13,0
2186,ACC-102186,Abuja,2026-07-29T07:06:45.337Z,AG-1025,1,28.8,0,18.04,1,0,10,0
2187,ACC-102187,Port Harcourt,2026-06-21T07:06:45.337Z,AG-1002,2,0,1,10.01,0,6275,18,0
2188,ACC-102188,Ibadan,2026-06-14T07:06:45.337Z,AG-1014,3,35.8,0,16.74,0,9371,14,0
2189,ACC-102189,Kano,2026-06-16T07:06:45.337Z,AG-1017,0,0.1,0,26.19,0,8425,17,0
2190,ACC-102190,Kano,2026-06-23T07:06:45.337Z,AG-1000,3,0,1,21,2,17307,17,0
2191,ACC-102191,Lagos,2026-06-24T07:06:45.337Z,AG-1035,2,20.6,0,24.25,1,0,17,0
2192,ACC-102192,Lagos,2026-07-04T07:06:45.337Z,AG-1036,1,20.8,0,4.15,0,4326,20,0
2193,ACC-102193,Abuja,2026-07-31T07:06:45.337Z,AG-1014,1,28.8,1,12.58,0,0,21,0
2194,ACC-102194,Abuja,2026-08-24T07:06:45.337Z,AG-1016,4,6.6,0,0,1,0,17,0
2195,ACC-102195,Abuja,2026-06-27T07:06:45.337Z,AG-1037,3,29.5,1,0,5,154052,0,1
2196,ACC-102196,Port Harcourt,2026-07-12T07:06:45.337Z,AG-1017,2,1.4,0,6.53,0,0,10,0
2197,ACC-102197,Port Harcourt,2026-08-31T07:06:45.337Z,AG-1024,0,0.5,0,11.81,0,0,17,0
2198,ACC-102198,Kano,2026-07-26T07:06:45.337Z,AG-1001,1,0,0,15.67,0,0,19,0
2199,ACC-102199,Kano,2026-07-07T07:06:45.337Z,AG-1018,0,11.6,1,9.44,0,0,21,0
2200,ACC-102200,Lagos,2026-07-01T07:06:45.337Z,AG-1015,0,18.5,0,26.43,0,0,19,0
2201,ACC-102201,Lagos,2026-08-14T07:06:45.337Z,AG-1033,1,93.1,1,11.13,1,0,7,0
2202,ACC-102202,Kano,2026-07-06T07:06:45.337Z,AG-1030,1,24.9,1,24.05,0,0,6,0
2203,ACC-102203,Kano,2026-06-17T07:06:45.337Z,AG-1000,1,7.5,1,22.03,1,0,13,0
2204,ACC-102204,Lagos,2026-07-13T07:06:45.337Z,AG-1013,3,38.2,0,27.56,0,15739,18,0
2205,ACC-102205,Abuja,2026-07-11T07:06:45.337Z,AG-1039,3,10.8,1,35.33,2,0,12,0
2206,ACC-102206,Lagos,2026-06-25T07:06:45.337Z,AG-1002,1,0,1,0,2,19279,10,0
2207,ACC-102207,Ibadan,2026-07-13T07:06:45.337Z,AG-1033,3,68.4,1,3.18,0,0,19,0
2208,ACC-102208,Lagos,2026-06-23T07:06:45.337Z,AG-1022,1,12.9,1,10.52,1,9458,21,0
2209,ACC-102209,Abuja,2026-08-27T07:06:45.337Z,AG-1034,2,10.5,1,9.63,1,0,14,0
2210,ACC-102210,Abuja,2026-07-22T07:06:45.337Z,AG-1022,1,7.2,1,19.58,1,0,18,0
2211,ACC-102211,Abuja,2026-08-11T07:06:45.337Z,AG-1027,1,16.6,1,0.29,2,0,13,0
2212,ACC-102212,Lagos,2026-07-25T07:06:45.337Z,AG-1031,4,21.7,1,1.67,0,0,17,0
2213,ACC-102213,Kano,2026-07-27T07:06:45.337Z,AG-1025,3,38.6,0,0,0,0,14,0
2214,ACC-102214,Port Harcourt,2026-08-18T07:06:45.337Z,AG-1004,1,36.1,0,7.77,2,12389,19,0
2215,ACC-102215,Port Harcourt,2026-08-11T07:06:45.337Z,AG-1003,3,80.7,1,13.29,1,0,7,0
2216,ACC-102216,Port Harcourt,2026-06-15T07:06:45.337Z,AG-1017,1,6.1,1,5.39,0,0,13,0
2217,ACC-102217,Port Harcourt,2026-08-28T07:06:45.337Z,AG-1039,2,30.9,1,24.96,1,0,11,0
2218,ACC-102218,Ibadan,2026-06-20T07:06:45.337Z,AG-1015,0,34,0,0,1,0,16,0
2219,ACC-102219,Kano,2026-08-16T07:06:45.337Z,AG-1017,0,32.3,0,0,2,0,21,0
2220,ACC-102220,Abuja,2026-08-04T07:06:45.337Z,AG-1025,2,53,0,18.49,2,0,10,0
2221,ACC-102221,Ibadan,2026-08-10T07:06:45.337Z,AG-1017,1,34.8,0,21.01,1,0,22,0
2222,ACC-102222,Lagos,2026-08-02T07:06:45.337Z,AG-1026,5,11.2,0,16.62,1,0,22,0
2223,ACC-102223,Kano,2026-08-08T07:06:45.337Z,AG-1027,3,23.1,0,12.89,2,0,19,0
2224,ACC-102224,Abuja,2026-07-04T07:06:45.337Z,AG-1002,0,0,1,10.22,2,0,18,0
2225,ACC-102225,Lagos,2026-07-28T07:06:45.337Z,AG-1000,1,3.9,1,9.28,1,0,7,0
2226,ACC-102226,Kano,2026-07-11T07:06:45.337Z,AG-1036,4,0,1,16.18,1,0,7,0
2227,ACC-102227,Lagos,2026-09-03T07:06:45.337Z,AG-1019,1,28.6,0,19.45,1,0,14,0
2228,ACC-102228,Lagos,2026-06-19T07:06:45.337Z,AG-1039,3,17.5,0,7.06,1,0,9,0
2229,ACC-102229,Port Harcourt,2026-09-03T07:06:45.337Z,AG-1009,1,0.3,0,14.16,1,0,22,0
2230,ACC-102230,Ibadan,2026-07-13T07:06:45.337Z,AG-1028,1,12.1,0,18.16,1,0,6,0
2231,ACC-102231,Lagos,2026-07-10T07:06:45.337Z,AG-1001,2,9.2,1,15.42,0,0,13,0
2232,ACC-102232,Ibadan,2026-06-15T07:06:45.337Z,AG-1004,1,18.7,0,12.44,1,0,11,0
2233,ACC-102233,Kano,2026-07-02T07:06:45.337Z,AG-1029,1,34,1,14.4,2,0,10,0
2234,ACC-102234,Ibadan,2026-08-11T07:06:45.337Z,AG-1034,0,92.3,1,3.09,6,63447,8,1
2235,ACC-102235,Abuja,2026-06-27T07:06:45.337Z,AG-1011,4,0,0,15.44,2,1888,14,0
2236,ACC-102236,Ibadan,2026-08-02T07:06:45.337Z,AG-1008,3,8.3,0,17,1,0,17,0
2237,ACC-102237,Ibadan,2026-08-24T07:06:45.337Z,AG-1001,0,6.9,0,8.75,1,16195,17,0
2238,ACC-102238,Lagos,2026-07-13T07:06:45.337Z,AG-1038,3,12.6,0,21.4,1,0,17,0
2239,ACC-102239,Lagos,2026-07-08T07:06:45.337Z,AG-1029,3,0,0,6.52,0,0,13,0
2240,ACC-102240,Port Harcourt,2026-07-01T07:06:45.337Z,AG-1012,0,80.9,1,18.32,0,0,9,0
2241,ACC-102241,Port Harcourt,2026-08-07T07:06:45.337Z,AG-1000,1,20.6,0,12.97,0,0,13,0
2242,ACC-102242,Abuja,2026-06-26T07:06:45.337Z,AG-1008,4,17.6,0,14.14,1,0,14,0
2243,ACC-102243,Kano,2026-07-16T07:06:45.337Z,AG-1024,0,57.2,0,12.22,0,0,7,0
2244,ACC-102244,Lagos,2026-07-04T07:06:45.337Z,AG-1000,0,6.4,0,16.44,0,12713,21,0
2245,ACC-102245,Kano,2026-07-11T07:06:45.337Z,AG-1031,4,0,0,0,0,6109,7,0
2246,ACC-102246,Port Harcourt,2026-07-04T07:06:45.337Z,AG-1007,2,8.7,0,6.69,2,0,17,0
2247,ACC-102247,Ibadan,2026-07-31T07:06:45.337Z,AG-1037,1,0,1,18.56,1,13495,16,0
2248,ACC-102248,Lagos,2026-08-09T07:06:45.337Z,AG-1015,3,42.4,0,21.06,0,0,11,0
2249,ACC-102249,Ibadan,2026-07-04T07:06:45.337Z,AG-1037,4,14,0,17.89,1,0,12,0
2250,ACC-102250,Port Harcourt,2026-06-20T07:06:45.338Z,AG-1006,0,57.4,0,23.46,0,0,21,0
2251,ACC-102251,Lagos,2026-07-31T07:06:45.338Z,AG-1013,6,865.7,0,0,8,404125,4,1
2252,ACC-102252,Port Harcourt,2026-06-06T07:06:45.338Z,AG-1001,4,31.3,1,0,0,0,10,0
2253,ACC-102253,Kano,2026-09-02T07:06:45.338Z,AG-1002,1,1.9,0,16.53,0,0,6,0
2254,ACC-102254,Kano,2026-07-08T07:06:45.338Z,AG-1028,1,17.7,1,17.13,0,0,7,0
2255,ACC-102255,Kano,2026-08-03T07:06:45.338Z,AG-1030,2,0,1,0,0,0,13,0
2256,ACC-102256,Port Harcourt,2026-09-04T07:06:45.338Z,AG-1038,2,25.1,0,0,0,0,17,0
2257,ACC-102257,Lagos,2026-08-04T07:06:45.338Z,AG-1031,4,8.5,0,6.23,2,0,21,0
2258,ACC-102258,Abuja,2026-08-13T07:06:45.338Z,AG-1011,1,26,0,29.12,0,0,19,0
2259,ACC-102259,Abuja,2026-06-08T07:06:45.338Z,AG-1036,2,0,1,18.39,1,0,9,0
2260,ACC-102260,Ibadan,2026-08-03T07:06:45.338Z,AG-1004,1,31.4,1,28.37,0,0,17,0
2261,ACC-102261,Ibadan,2026-08-09T07:06:45.338Z,AG-1008,1,42.1,1,5.02,2,0,14,0
2262,ACC-102262,Lagos,2026-06-19T07:06:45.338Z,AG-1001,0,21.8,0,13.74,0,0,15,0
2263,ACC-102263,Abuja,2026-08-04T07:06:45.338Z,AG-1030,0,50.5,0,21.23,2,12484,8,0
2264,ACC-102264,Abuja,2026-07-12T07:06:45.338Z,AG-1029,0,47.6,0,0,2,0,22,0
2265,ACC-102265,Port Harcourt,2026-08-16T07:06:45.338Z,AG-1017,2,38.5,0,16.47,0,0,21,0
2266,ACC-102266,Kano,2026-06-06T07:06:45.338Z,AG-1029,1,0,0,0,1,0,15,0
2267,ACC-102267,Ibadan,2026-08-13T07:06:45.338Z,AG-1026,0,59,1,24.54,0,0,19,0
2268,ACC-102268,Port Harcourt,2026-09-04T07:06:45.338Z,AG-1004,2,8.5,1,1.79,2,0,9,0
2269,ACC-102269,Ibadan,2026-08-07T07:06:45.338Z,AG-1019,4,0,0,21.33,0,0,10,0
2270,ACC-102270,Kano,2026-08-21T07:06:45.338Z,AG-1020,1,0,1,14.1,1,16162,19,0
2271,ACC-102271,Port Harcourt,2026-09-03T07:06:45.338Z,AG-1032,2,0,0,24.38,0,9938,20,0
2272,ACC-102272,Abuja,2026-08-23T07:06:45.338Z,AG-1020,2,18.6,1,10.77,1,0,7,0
2273,ACC-102273,Lagos,2026-06-09T07:06:45.338Z,AG-1018,2,0,0,4.24,2,4799,8,0
2274,ACC-102274,Port Harcourt,2026-06-22T07:06:45.338Z,AG-1035,3,4.1,0,15.6,0,0,19,0
2275,ACC-102275,Port Harcourt,2026-07-29T07:06:45.338Z,AG-1017,2,80.7,0,8.42,1,0,17,0
2276,ACC-102276,Lagos,2026-07-29T07:06:45.338Z,AG-1034,1,3,0,22.42,1,6572,21,0
2277,ACC-102277,Kano,2026-08-27T07:06:45.338Z,AG-1007,3,0,0,12.66,0,0,7,0
2278,ACC-102278,Port Harcourt,2026-09-01T07:06:45.338Z,AG-1009,3,10.5,0,7.64,0,16775,11,0
2279,ACC-102279,Kano,2026-06-08T07:06:45.338Z,AG-1035,1,0,1,12.85,0,0,15,0
2280,ACC-102280,Abuja,2026-07-05T07:06:45.338Z,AG-1029,0,21.1,1,10.02,0,0,22,0
2281,ACC-102281,Lagos,2026-07-18T07:06:45.338Z,AG-1026,4,0,1,9.2,2,19312,17,0
2282,ACC-102282,Abuja,2026-08-23T07:06:45.338Z,AG-1004,1,3.7,0,10.5,0,0,13,0
2283,ACC-102283,Port Harcourt,2026-08-23T07:06:45.338Z,AG-1025,4,29.6,1,23.69,0,0,7,0
2284,ACC-102284,Abuja,2026-07-16T07:06:45.338Z,AG-1006,1,0,1,0.8,0,0,18,0
2285,ACC-102285,Kano,2026-08-28T07:06:45.338Z,AG-1026,3,71.1,0,24.74,0,0,7,0
2286,ACC-102286,Port Harcourt,2026-06-09T07:06:45.338Z,AG-1004,3,0,0,18.98,0,10442,7,0
2287,ACC-102287,Abuja,2026-07-12T07:06:45.338Z,AG-1027,1,8,1,17.28,1,13210,7,0
2288,ACC-102288,Lagos,2026-08-30T07:06:45.338Z,AG-1023,2,10.2,0,11.9,1,0,18,0
2289,ACC-102289,Lagos,2026-09-03T07:06:45.338Z,AG-1036,0,4.8,0,4.75,0,1890,21,0
2290,ACC-102290,Lagos,2026-06-11T07:06:45.338Z,AG-1036,1,29.8,0,8.01,0,0,15,0
2291,ACC-102291,Abuja,2026-08-29T07:06:45.338Z,AG-1016,3,16,0,2.64,1,0,9,0
2292,ACC-102292,Abuja,2026-09-03T07:06:45.338Z,AG-1021,1,38.5,0,1.15,1,6682,17,0
2293,ACC-102293,Lagos,2026-07-02T07:06:45.338Z,AG-1033,4,0,0,16.42,0,6986,16,0
2294,ACC-102294,Lagos,2026-08-13T07:06:45.338Z,AG-1029,5,74.7,0,30.84,0,0,20,0
2295,ACC-102295,Abuja,2026-06-08T07:06:45.338Z,AG-1005,2,4.8,0,10.48,0,0,17,0
2296,ACC-102296,Ibadan,2026-08-31T07:06:45.338Z,AG-1024,3,42,0,13.68,0,0,13,0
2297,ACC-102297,Lagos,2026-08-03T07:06:45.338Z,AG-1001,2,6.7,1,4.38,0,0,14,0
2298,ACC-102298,Kano,2026-07-22T07:06:45.338Z,AG-1032,1,84.4,1,3.86,0,0,13,0
2299,ACC-102299,Abuja,2026-09-02T07:06:45.338Z,AG-1033,1,0,1,19.28,1,0,16,0
2300,ACC-102300,Kano,2026-07-19T07:06:45.338Z,AG-1008,0,18.5,0,19.73,2,4174,19,0
2301,ACC-102301,Lagos,2026-08-02T07:06:45.338Z,AG-1001,1,28.2,0,35.21,1,0,21,0
2302,ACC-102302,Abuja,2026-07-15T07:06:45.338Z,AG-1010,0,0,0,33.67,0,0,7,0
2303,ACC-102303,Lagos,2026-06-25T07:06:45.338Z,AG-1033,0,72,0,25.4,1,0,12,0
2304,ACC-102304,Kano,2026-08-31T07:06:45.338Z,AG-1025,1,44.5,0,26.78,0,0,7,0
2305,ACC-102305,Ibadan,2026-07-18T07:06:45.338Z,AG-1006,1,51.3,1,22.36,0,0,16,0
2306,ACC-102306,Ibadan,2026-07-01T07:06:45.338Z,AG-1035,1,4.5,0,10.79,1,19273,10,0
2307,ACC-102307,Ibadan,2026-08-12T07:06:45.338Z,AG-1008,2,151.6,1,2.31,1,153048,3,1
2308,ACC-102308,Port Harcourt,2026-07-23T07:06:45.338Z,AG-1020,2,31.5,0,8.25,0,0,13,0
2309,ACC-102309,Abuja,2026-08-17T07:06:45.338Z,AG-1034,4,28.2,0,6.36,1,0,6,0
2310,ACC-102310,Kano,2026-06-09T07:06:45.338Z,AG-1011,0,3.4,0,10.43,0,0,20,0
2311,ACC-102311,Lagos,2026-08-19T07:06:45.338Z,AG-1020,0,33.5,0,0,0,0,11,0
2312,ACC-102312,Kano,2026-07-14T07:06:45.338Z,AG-1034,2,62.5,0,0,0,0,14,0
2313,ACC-102313,Kano,2026-06-19T07:06:45.338Z,AG-1028,2,0,1,36.58,2,0,13,0
2314,ACC-102314,Port Harcourt,2026-08-30T07:06:45.338Z,AG-1027,2,0,1,9.96,0,0,6,0
2315,ACC-102315,Port Harcourt,2026-07-26T07:06:45.338Z,AG-1004,2,30.3,0,9.2,0,0,19,0
2316,ACC-102316,Ibadan,2026-07-09T07:06:45.338Z,AG-1004,3,23.6,0,11.43,1,15804,20,0
2317,ACC-102317,Kano,2026-08-11T07:06:45.338Z,AG-1000,0,0,0,15.54,2,0,21,0
2318,ACC-102318,Abuja,2026-07-17T07:06:45.338Z,AG-1022,0,32.1,0,7.23,1,0,10,0
2319,ACC-102319,Port Harcourt,2026-07-10T07:06:45.338Z,AG-1017,0,2.9,1,24,1,0,8,0
2320,ACC-102320,Lagos,2026-08-14T07:06:45.338Z,AG-1011,2,17.2,0,10.82,0,16127,8,0
2321,ACC-102321,Kano,2026-08-19T07:06:45.338Z,AG-1018,3,9,0,6.06,0,0,19,0
2322,ACC-102322,Abuja,2026-06-11T07:06:45.338Z,AG-1018,0,47.5,0,27.18,0,0,16,0
2323,ACC-102323,Kano,2026-06-29T07:06:45.338Z,AG-1034,1,0,0,21.08,1,0,8,0
2324,ACC-102324,Kano,2026-07-27T07:06:45.338Z,AG-1018,0,16.2,1,0,0,14812,8,0
2325,ACC-102325,Port Harcourt,2026-06-22T07:06:45.338Z,AG-1013,4,8.7,0,21.49,1,0,22,0
2326,ACC-102326,Abuja,2026-07-13T07:06:45.338Z,AG-1035,3,12.7,0,0,1,0,9,0
2327,ACC-102327,Kano,2026-06-18T07:06:45.338Z,AG-1036,0,59,0,5.04,0,0,14,0
2328,ACC-102328,Port Harcourt,2026-08-22T07:06:45.338Z,AG-1002,3,36.9,0,6.93,0,0,13,0
2329,ACC-102329,Abuja,2026-09-01T07:06:45.338Z,AG-1037,1,0,0,22,0,0,9,0
2330,ACC-102330,Kano,2026-06-16T07:06:45.338Z,AG-1021,0,40.3,0,13.89,0,10706,17,0
2331,ACC-102331,Kano,2026-08-07T07:06:45.338Z,AG-1035,1,15,0,20.12,0,3715,6,0
2332,ACC-102332,Kano,2026-07-05T07:06:45.338Z,AG-1005,2,17.2,0,16.91,1,11899,20,0
2333,ACC-102333,Port Harcourt,2026-06-19T07:06:45.338Z,AG-1030,0,35.2,0,27.89,0,0,9,0
2334,ACC-102334,Abuja,2026-08-06T07:06:45.338Z,AG-1017,3,4.7,0,14.83,2,18558,20,0
2335,ACC-102335,Kano,2026-07-31T07:06:45.338Z,AG-1000,16,21.9,1,2.11,4,429707,4,1
2336,ACC-102336,Abuja,2026-07-08T07:06:45.338Z,AG-1014,4,4.5,0,29.83,1,0,14,0
2337,ACC-102337,Ibadan,2026-08-25T07:06:45.338Z,AG-1031,1,11.5,0,0,0,0,12,0
2338,ACC-102338,Abuja,2026-08-27T07:06:45.338Z,AG-1003,3,21.8,0,3.73,0,0,7,0
2339,ACC-102339,Lagos,2026-08-30T07:06:45.338Z,AG-1036,0,7.7,0,10.53,0,0,14,0
2340,ACC-102340,Ibadan,2026-07-21T07:06:45.338Z,AG-1002,0,11.5,0,14.66,0,0,13,0
2341,ACC-102341,Kano,2026-08-31T07:06:45.338Z,AG-1027,3,16.3,1,2.8,1,0,20,0
2342,ACC-102342,Abuja,2026-06-15T07:06:45.338Z,AG-1007,2,57.2,0,9.3,0,0,21,0
2343,ACC-102343,Lagos,2026-08-17T07:06:45.338Z,AG-1018,0,190.6,1,0.68,5,365949,6,1
2344,ACC-102344,Kano,2026-08-02T07:06:45.338Z,AG-1022,2,18.5,0,22.05,3,0,11,0
2345,ACC-102345,Port Harcourt,2026-08-16T07:06:45.338Z,AG-1003,2,2.9,1,15.49,1,0,8,0
2346,ACC-102346,Ibadan,2026-06-08T07:06:45.338Z,AG-1035,4,112.5,1,0,2,0,13,0
2347,ACC-102347,Ibadan,2026-06-08T07:06:45.338Z,AG-1013,1,23.7,0,11.84,3,0,14,0
2348,ACC-102348,Kano,2026-07-28T07:06:45.338Z,AG-1012,1,41.4,0,19.5,0,0,6,0
2349,ACC-102349,Ibadan,2026-06-10T07:06:45.338Z,AG-1030,1,65.9,1,8.18,1,0,14,0
2350,ACC-102350,Port Harcourt,2026-06-19T07:06:45.338Z,AG-1019,1,92.9,1,25.85,0,0,20,0
2351,ACC-102351,Lagos,2026-08-23T07:06:45.338Z,AG-1039,1,4,0,18.4,1,4501,17,0
2352,ACC-102352,Abuja,2026-07-04T07:06:45.338Z,AG-1037,2,25.8,0,34.61,0,0,7,0
2353,ACC-102353,Abuja,2026-08-18T07:06:45.338Z,AG-1037,4,4.7,0,22.12,1,0,20,0
2354,ACC-102354,Kano,2026-08-28T07:06:45.338Z,AG-1029,2,26.2,0,11.83,1,0,12,0
2355,ACC-102355,Kano,2026-07-15T07:06:45.338Z,AG-1016,1,21.6,0,3.56,1,0,22,0
2356,ACC-102356,Ibadan,2026-07-21T07:06:45.338Z,AG-1014,2,428.8,1,2.57,6,96611,15,1
2357,ACC-102357,Abuja,2026-07-09T07:06:45.338Z,AG-1018,0,4.9,0,10.22,0,0,7,0
2358,ACC-102358,Ibadan,2026-08-16T07:06:45.338Z,AG-1019,3,23.9,0,25.48,3,0,12,0
2359,ACC-102359,Ibadan,2026-08-14T07:06:45.338Z,AG-1030,1,56.3,0,19.53,0,0,22,0
2360,ACC-102360,Ibadan,2026-08-26T07:06:45.338Z,AG-1029,1,58.3,0,18.44,0,0,14,0
2361,ACC-102361,Port Harcourt,2026-06-14T07:06:45.338Z,AG-1028,1,47.9,1,20.51,1,0,8,0
2362,ACC-102362,Port Harcourt,2026-06-26T07:06:45.338Z,AG-1031,3,61.1,1,9.25,2,0,21,0
2363,ACC-102363,Lagos,2026-06-17T07:06:45.338Z,AG-1016,1,0,1,12.07,1,0,12,0
2364,ACC-102364,Lagos,2026-06-18T07:06:45.339Z,AG-1007,1,4.2,0,12.19,2,0,19,0
2365,ACC-102365,Ibadan,2026-08-28T07:06:45.339Z,AG-1019,1,21.2,0,23.86,0,18237,19,0
2366,ACC-102366,Kano,2026-08-15T07:06:45.339Z,AG-1023,3,40.1,1,17.02,0,0,14,0
2367,ACC-102367,Port Harcourt,2026-06-21T07:06:45.339Z,AG-1017,0,14.4,0,16.29,0,0,22,0
2368,ACC-102368,Abuja,2026-09-03T07:06:45.339Z,AG-1018,4,26.8,1,16.2,0,12104,21,0
2369,ACC-102369,Abuja,2026-08-04T07:06:45.339Z,AG-1028,0,29.1,0,13.05,1,0,21,0
2370,ACC-102370,Kano,2026-06-27T07:06:45.339Z,AG-1029,3,80.4,1,13.11,1,20026,18,0
2371,ACC-102371,Abuja,2026-08-27T07:06:45.339Z,AG-1014,1,0,0,18.71,0,0,18,0
2372,ACC-102372,Abuja,2026-08-09T07:06:45.339Z,AG-1037,3,0,1,5.25,0,0,18,0
2373,ACC-102373,Abuja,2026-08-26T07:06:45.339Z,AG-1015,1,45.9,0,11.68,0,0,21,0
2374,ACC-102374,Abuja,2026-08-12T07:06:45.339Z,AG-1011,4,57.2,1,14.79,0,0,6,0
2375,ACC-102375,Lagos,2026-06-15T07:06:45.339Z,AG-1029,3,6.5,0,9.6,0,0,12,0
2376,ACC-102376,Ibadan,2026-07-19T07:06:45.339Z,AG-1019,4,412.3,1,1.35,4,315199,0,1
2377,ACC-102377,Ibadan,2026-06-06T07:06:45.339Z,AG-1031,2,17.8,0,0.58,0,0,10,0
2378,ACC-102378,Port Harcourt,2026-08-20T07:06:45.339Z,AG-1012,0,62.2,0,33.91,0,0,21,0
2379,ACC-102379,Kano,2026-07-02T07:06:45.339Z,AG-1033,1,10.3,0,0,1,0,9,0
2380,ACC-102380,Lagos,2026-07-05T07:06:45.339Z,AG-1010,3,60.2,1,1.97,2,0,20,0
2381,ACC-102381,Lagos,2026-06-07T07:06:45.339Z,AG-1038,1,8.7,0,11.2,0,12773,15,0
2382,ACC-102382,Port Harcourt,2026-06-25T07:06:45.339Z,AG-1027,2,13.3,0,2.12,1,0,22,0
2383,ACC-102383,Abuja,2026-07-15T07:06:45.339Z,AG-1016,0,41.4,0,17.44,1,0,15,0
2384,ACC-102384,Abuja,2026-07-08T07:06:45.339Z,AG-1012,3,4.7,0,20.73,2,0,6,0
2385,ACC-102385,Kano,2026-08-25T07:06:45.339Z,AG-1022,3,0,0,34.28,1,0,20,0
2386,ACC-102386,Port Harcourt,2026-08-18T07:06:45.339Z,AG-1011,2,27.6,1,15.46,2,3007,11,0
2387,ACC-102387,Ibadan,2026-07-01T07:06:45.339Z,AG-1039,1,52.5,1,29.61,1,2705,13,0
2388,ACC-102388,Ibadan,2026-06-28T07:06:45.339Z,AG-1020,0,35.7,0,9.86,0,0,11,0
2389,ACC-102389,Kano,2026-08-25T07:06:45.339Z,AG-1022,0,17.1,0,9.32,0,0,9,0
2390,ACC-102390,Ibadan,2026-09-02T07:06:45.339Z,AG-1016,3,0,0,21.12,1,0,21,0
2391,ACC-102391,Ibadan,2026-08-20T07:06:45.339Z,AG-1016,0,71.8,0,5.68,2,0,18,0
2392,ACC-102392,Ibadan,2026-06-17T07:06:45.339Z,AG-1015,3,0,0,21.05,1,0,7,0
2393,ACC-102393,Port Harcourt,2026-08-12T07:06:45.339Z,AG-1034,1,24.3,1,0,0,0,14,0
2394,ACC-102394,Kano,2026-08-19T07:06:45.339Z,AG-1030,0,4.8,0,6.03,1,5248,11,0
2395,ACC-102395,Kano,2026-08-01T07:06:45.339Z,AG-1006,2,17.5,0,5.02,0,0,19,0
2396,ACC-102396,Port Harcourt,2026-08-30T07:06:45.339Z,AG-1038,2,1.4,1,12.82,2,0,21,0
2397,ACC-102397,Lagos,2026-06-12T07:06:45.339Z,AG-1011,2,0.1,1,0,0,15625,13,0
2398,ACC-102398,Lagos,2026-07-10T07:06:45.339Z,AG-1015,1,24,0,16.57,2,0,22,0
2399,ACC-102399,Kano,2026-08-18T07:06:45.339Z,AG-1015,0,47.2,1,35.61,0,0,12,0
2400,ACC-102400,Abuja,2026-07-19T07:06:45.339Z,AG-1026,0,13.5,0,12.95,0,0,12,0
2401,ACC-102401,Lagos,2026-08-13T07:06:45.339Z,AG-1008,1,54,1,0,3,262664,23,1
2402,ACC-102402,Port Harcourt,2026-06-25T07:06:45.339Z,AG-1039,3,3.2,1,20.31,1,0,18,0
2403,ACC-102403,Kano,2026-07-03T07:06:45.339Z,AG-1003,2,29.5,0,2.78,1,0,14,0
2404,ACC-102404,Lagos,2026-07-28T07:06:45.339Z,AG-1011,1,54.2,0,4.31,2,0,17,0
2405,ACC-102405,Port Harcourt,2026-08-19T07:06:45.339Z,AG-1011,2,0,1,0,0,0,21,0
2406,ACC-102406,Abuja,2026-07-08T07:06:45.339Z,AG-1016,2,30.6,0,16.89,0,0,15,0
2407,ACC-102407,Ibadan,2026-06-16T07:06:45.339Z,AG-1033,2,15,1,0,2,0,21,0
2408,ACC-102408,Abuja,2026-06-10T07:06:45.339Z,AG-1026,2,22.8,0,12.54,2,0,16,0
2409,ACC-102409,Ibadan,2026-08-25T07:06:45.339Z,AG-1013,2,0,0,14.23,0,0,11,0
2410,ACC-102410,Kano,2026-08-16T07:06:45.339Z,AG-1008,2,3.4,0,11.73,0,0,9,0
2411,ACC-102411,Ibadan,2026-07-21T07:06:45.339Z,AG-1030,2,15.5,0,10.27,1,0,17,0
2412,ACC-102412,Lagos,2026-06-18T07:06:45.339Z,AG-1035,1,0,0,12.9,2,11354,10,0
2413,ACC-102413,Abuja,2026-06-27T07:06:45.339Z,AG-1014,0,35.6,0,22.05,1,0,11,0
2414,ACC-102414,Lagos,2026-07-18T07:06:45.339Z,AG-1004,1,0,0,27.43,2,0,19,0
2415,ACC-102415,Abuja,2026-06-23T07:06:45.339Z,AG-1008,2,27.9,1,30.31,2,0,17,0
2416,ACC-102416,Lagos,2026-07-25T07:06:45.339Z,AG-1000,0,46.4,0,10.16,0,0,20,0
2417,ACC-102417,Port Harcourt,2026-07-29T07:06:45.339Z,AG-1038,1,22.9,0,3.28,0,0,16,0
2418,ACC-102418,Kano,2026-06-10T07:06:45.339Z,AG-1024,4,61.6,0,18.06,0,0,19,0
2419,ACC-102419,Lagos,2026-06-12T07:06:45.339Z,AG-1012,3,39.8,0,23.66,2,0,18,0
2420,ACC-102420,Abuja,2026-07-16T07:06:45.339Z,AG-1012,1,48.2,1,9.33,1,0,8,0
2421,ACC-102421,Abuja,2026-08-15T07:06:45.339Z,AG-1024,1,0,1,3.84,1,0,16,0
2422,ACC-102422,Ibadan,2026-08-31T07:06:45.339Z,AG-1003,1,7.5,0,14.23,0,0,7,0
2423,ACC-102423,Abuja,2026-07-22T07:06:45.339Z,AG-1026,3,83.5,0,33.14,1,0,11,0
2424,ACC-102424,Lagos,2026-08-12T07:06:45.339Z,AG-1027,3,0,0,13.2,0,0,12,0
2425,ACC-102425,Ibadan,2026-06-11T07:06:45.339Z,AG-1024,0,3.5,1,8.87,0,0,17,0
2426,ACC-102426,Ibadan,2026-07-03T07:06:45.339Z,AG-1021,4,28.6,0,19.61,0,0,10,0
2427,ACC-102427,Lagos,2026-08-17T07:06:45.339Z,AG-1016,0,45.4,0,10.95,0,10197,11,0
2428,ACC-102428,Ibadan,2026-08-19T07:06:45.339Z,AG-1036,0,29.2,1,28.26,1,0,12,0
2429,ACC-102429,Port Harcourt,2026-08-24T07:06:45.339Z,AG-1021,1,33.7,0,0.05,1,0,11,0
2430,ACC-102430,Kano,2026-06-22T07:06:45.339Z,AG-1016,2,8.9,0,32.06,1,0,15,0
2431,ACC-102431,Ibadan,2026-08-25T07:06:45.339Z,AG-1000,0,76,0,14.69,1,0,16,0
2432,ACC-102432,Ibadan,2026-08-24T07:06:45.339Z,AG-1031,1,0,0,19.32,1,0,15,0
2433,ACC-102433,Ibadan,2026-06-18T07:06:45.339Z,AG-1012,1,20.9,0,14.57,0,0,17,0
2434,ACC-102434,Ibadan,2026-08-10T07:06:45.339Z,AG-1030,5,22.4,0,17.18,0,0,12,0
2435,ACC-102435,Port Harcourt,2026-08-26T07:06:45.339Z,AG-1034,5,7.4,1,1.32,3,739,17,1
2436,ACC-102436,Lagos,2026-08-07T07:06:45.339Z,AG-1026,2,32.2,0,17.11,0,0,20,0
2437,ACC-102437,Kano,2026-07-15T07:06:45.339Z,AG-1030,3,43.4,0,14.72,0,0,18,0
2438,ACC-102438,Lagos,2026-08-13T07:06:45.339Z,AG-1016,5,21.5,0,10.62,2,15620,6,0
2439,ACC-102439,Port Harcourt,2026-07-29T07:06:45.339Z,AG-1009,0,19.6,0,1.96,0,0,12,0
2440,ACC-102440,Port Harcourt,2026-08-29T07:06:45.339Z,AG-1013,2,4.4,0,14.5,1,14590,11,0
2441,ACC-102441,Port Harcourt,2026-07-01T07:06:45.339Z,AG-1030,1,84.8,0,13.29,0,0,7,0
2442,ACC-102442,Abuja,2026-07-08T07:06:45.339Z,AG-1003,1,16,0,16.41,0,0,20,0
2443,ACC-102443,Lagos,2026-07-25T07:06:45.339Z,AG-1006,2,31.2,0,3.03,3,0,13,0
2444,ACC-102444,Abuja,2026-06-14T07:06:45.339Z,AG-1008,1,0,0,28.09,0,0,13,0
2445,ACC-102445,Ibadan,2026-08-06T07:06:45.339Z,AG-1037,0,28.9,1,4.27,2,0,16,0
2446,ACC-102446,Port Harcourt,2026-06-11T07:06:45.339Z,AG-1018,1,0,0,21.48,1,9739,10,0
2447,ACC-102447,Lagos,2026-08-27T07:06:45.339Z,AG-1028,0,94.7,1,16.4,0,0,9,0
2448,ACC-102448,Port Harcourt,2026-06-21T07:06:45.339Z,AG-1002,8,131.6,1,0.16,7,420108,9,1
2449,ACC-102449,Abuja,2026-06-16T07:06:45.339Z,AG-1025,1,405.7,1,1.48,5,79200,4,1
2450,ACC-102450,Ibadan,2026-08-06T07:06:45.339Z,AG-1030,0,2.6,0,30.07,0,0,7,0
2451,ACC-102451,Ibadan,2026-06-17T07:06:45.339Z,AG-1012,2,55.4,0,11.4,1,0,22,0
2452,ACC-102452,Ibadan,2026-06-29T07:06:45.339Z,AG-1022,1,3.1,0,29.44,0,0,7,0
2453,ACC-102453,Port Harcourt,2026-08-13T07:06:45.339Z,AG-1030,2,14.1,0,0.39,1,0,10,0
2454,ACC-102454,Abuja,2026-07-29T07:06:45.339Z,AG-1026,3,17.5,0,14.09,0,10861,18,0
2455,ACC-102455,Kano,2026-06-14T07:06:45.339Z,AG-1013,0,28.4,0,13.71,1,0,6,0
2456,ACC-102456,Port Harcourt,2026-07-23T07:06:45.339Z,AG-1039,5,71.2,0,18.47,0,0,12,0
2457,ACC-102457,Lagos,2026-06-28T07:06:45.339Z,AG-1010,1,33,0,21.42,1,0,16,0
2458,ACC-102458,Kano,2026-08-04T07:06:45.339Z,AG-1025,2,39.6,0,0,0,0,10,0
2459,ACC-102459,Ibadan,2026-07-17T07:06:45.339Z,AG-1024,0,11.9,0,15.57,0,0,10,0
2460,ACC-102460,Ibadan,2026-08-07T07:06:45.339Z,AG-1007,2,16.2,0,16.87,0,0,10,0
2461,ACC-102461,Lagos,2026-09-04T07:06:45.339Z,AG-1028,5,27.6,0,20.36,1,10071,12,0
2462,ACC-102462,Abuja,2026-08-10T07:06:45.339Z,AG-1005,1,16.4,0,7.62,0,0,21,0
2463,ACC-102463,Abuja,2026-07-01T07:06:45.339Z,AG-1020,3,48.6,0,3.29,2,0,17,0
2464,ACC-102464,Abuja,2026-07-15T07:06:45.339Z,AG-1032,1,16,0,28.57,0,0,16,0
2465,ACC-102465,Lagos,2026-07-03T07:06:45.339Z,AG-1035,4,6,0,7.42,0,0,20,0
2466,ACC-102466,Ibadan,2026-08-23T07:06:45.339Z,AG-1022,4,11,1,31.83,2,0,16,0
2467,ACC-102467,Ibadan,2026-08-19T07:06:45.339Z,AG-1002,1,7.5,0,6.35,2,9457,9,0
2468,ACC-102468,Ibadan,2026-08-19T07:06:45.339Z,AG-1013,1,30.9,0,12.29,1,0,13,0
2469,ACC-102469,Ibadan,2026-07-05T07:06:45.339Z,AG-1036,3,28.8,0,26.38,1,14603,15,0
2470,ACC-102470,Abuja,2026-08-28T07:06:45.339Z,AG-1038,3,0,1,10.69,0,0,13,0
2471,ACC-102471,Abuja,2026-07-04T07:06:45.339Z,AG-1012,0,42.2,1,28.67,0,0,22,0
2472,ACC-102472,Ibadan,2026-07-18T07:06:45.339Z,AG-1038,0,11,1,15.79,0,0,10,0
2473,ACC-102473,Abuja,2026-08-29T07:06:45.339Z,AG-1032,2,20.9,0,5.15,2,0,20,0
2474,ACC-102474,Port Harcourt,2026-06-12T07:06:45.339Z,AG-1029,3,1.3,0,11.95,1,0,16,0
2475,ACC-102475,Kano,2026-06-17T07:06:45.339Z,AG-1027,1,61.3,0,21.98,1,0,8,0
2476,ACC-102476,Ibadan,2026-08-14T07:06:45.339Z,AG-1035,1,13.7,1,0,0,0,8,0
2477,ACC-102477,Lagos,2026-08-06T07:06:45.339Z,AG-1016,1,52.5,0,21.51,1,0,16,0
2478,ACC-102478,Kano,2026-09-01T07:06:45.339Z,AG-1024,3,63.4,0,50.8,1,10724,21,0
2479,ACC-102479,Kano,2026-06-19T07:06:45.339Z,AG-1037,4,11,1,8.36,2,0,7,0
2480,ACC-102480,Lagos,2026-07-17T07:06:45.339Z,AG-1008,3,27.4,1,2.75,0,0,17,0
2481,ACC-102481,Ibadan,2026-07-04T07:06:45.339Z,AG-1020,0,20.3,0,21.25,2,0,13,0
2482,ACC-102482,Port Harcourt,2026-07-12T07:06:45.339Z,AG-1038,4,49.7,1,27.9,0,0,16,0
2483,ACC-102483,Kano,2026-08-15T07:06:45.339Z,AG-1012,3,0,0,2.39,0,0,18,0
2484,ACC-102484,Ibadan,2026-07-24T07:06:45.339Z,AG-1025,1,19.9,0,17.81,0,16717,21,0
2485,ACC-102485,Ibadan,2026-07-26T07:06:45.339Z,AG-1009,1,0,0,18.94,0,0,13,0
2486,ACC-102486,Lagos,2026-06-16T07:06:45.339Z,AG-1035,3,0,0,0,1,19357,12,0
2487,ACC-102487,Ibadan,2026-06-15T07:06:45.339Z,AG-1005,3,2.8,0,36.39,1,0,19,0
2488,ACC-102488,Lagos,2026-06-30T07:06:45.339Z,AG-1036,4,25.6,0,0,0,0,15,0
2489,ACC-102489,Abuja,2026-06-20T07:06:45.339Z,AG-1023,1,69,0,18.29,0,0,17,0
2490,ACC-102490,Lagos,2026-08-03T07:06:45.339Z,AG-1000,3,23.2,0,13.79,1,0,18,0
2491,ACC-102491,Port Harcourt,2026-07-18T07:06:45.339Z,AG-1035,2,47,1,19.12,2,0,12,0
2492,ACC-102492,Ibadan,2026-07-19T07:06:45.339Z,AG-1039,0,12.6,0,30.24,0,0,18,0
2493,ACC-102493,Port Harcourt,2026-08-10T07:06:45.339Z,AG-1000,3,4.5,1,29.79,0,0,9,0
2494,ACC-102494,Abuja,2026-07-24T07:06:45.339Z,AG-1011,3,36,0,0,1,2909,7,0
2495,ACC-102495,Lagos,2026-07-14T07:06:45.339Z,AG-1017,2,13.4,1,20.15,0,0,9,0
2496,ACC-102496,Ibadan,2026-08-21T07:06:45.339Z,AG-1032,2,24.8,1,12.93,0,0,13,0
2497,ACC-102497,Ibadan,2026-08-02T07:06:45.339Z,AG-1021,1,21.1,0,25.73,2,0,21,0
2498,ACC-102498,Port Harcourt,2026-06-26T07:06:45.339Z,AG-1009,4,4.4,1,16.59,0,0,14,0
2499,ACC-102499,Port Harcourt,2026-09-01T07:06:45.339Z,AG-1014,2,32,0,28.51,1,0,17,0
2500,ACC-102500,Lagos,2026-06-09T07:06:45.339Z,AG-1012,1,34.5,0,11.97,0,0,21,0
2501,ACC-102501,Abuja,2026-08-04T07:06:45.339Z,AG-1000,2,16.8,1,18.69,1,17503,11,0
2502,ACC-102502,Kano,2026-07-16T07:06:45.339Z,AG-1011,1,23.4,0,0,1,0,10,0
2503,ACC-102503,Kano,2026-08-06T07:06:45.339Z,AG-1015,2,5.6,1,2.22,0,8707,6,0
2504,ACC-102504,Ibadan,2026-08-03T07:06:45.339Z,AG-1020,1,48.9,1,0.03,2,0,11,0
2505,ACC-102505,Abuja,2026-06-09T07:06:45.339Z,AG-1001,0,14.2,0,15.82,0,0,22,0
2506,ACC-102506,Abuja,2026-06-23T07:06:45.339Z,AG-1011,1,0,0,5,0,0,9,0
2507,ACC-102507,Abuja,2026-06-15T07:06:45.339Z,AG-1038,1,10,1,19.08,0,0,18,0
2508,ACC-102508,Lagos,2026-08-21T07:06:45.339Z,AG-1021,1,30.4,1,0,0,0,9,0
2509,ACC-102509,Port Harcourt,2026-07-30T07:06:45.339Z,AG-1008,0,47.8,0,24.07,0,0,11,0
2510,ACC-102510,Ibadan,2026-08-19T07:06:45.339Z,AG-1030,7,75.2,1,0.46,3,0,17,1
2511,ACC-102511,Abuja,2026-07-25T07:06:45.339Z,AG-1033,1,81.8,1,18.85,3,0,18,0
2512,ACC-102512,Ibadan,2026-06-10T07:06:45.339Z,AG-1030,0,44.6,0,3.89,0,0,19,0
2513,ACC-102513,Port Harcourt,2026-06-18T07:06:45.339Z,AG-1001,3,9.6,1,10.17,1,0,11,0
2514,ACC-102514,Kano,2026-06-25T07:06:45.339Z,AG-1031,0,19,0,26.35,1,0,13,0
2515,ACC-102515,Kano,2026-06-07T07:06:45.339Z,AG-1012,3,5.5,0,26.1,1,0,16,0
2516,ACC-102516,Lagos,2026-08-14T07:06:45.339Z,AG-1002,1,0,0,13.4,0,0,15,0
2517,ACC-102517,Lagos,2026-07-14T07:06:45.339Z,AG-1030,3,134.6,1,0,5,468059,3,1
2518,ACC-102518,Ibadan,2026-06-16T07:06:45.339Z,AG-1017,2,37.7,0,2.02,0,0,18,0
2519,ACC-102519,Port Harcourt,2026-08-04T07:06:45.339Z,AG-1014,1,0,1,1.35,1,0,17,0
2520,ACC-102520,Ibadan,2026-06-27T07:06:45.339Z,AG-1010,0,56.7,1,26.65,0,0,13,0
2521,ACC-102521,Abuja,2026-08-26T07:06:45.339Z,AG-1021,1,33.6,1,12.62,2,0,20,0
2522,ACC-102522,Lagos,2026-08-14T07:06:45.339Z,AG-1029,5,358.1,1,1.16,5,348550,12,1
2523,ACC-102523,Ibadan,2026-07-22T07:06:45.339Z,AG-1038,3,23.5,0,23.76,1,0,22,0
2524,ACC-102524,Ibadan,2026-08-23T07:06:45.339Z,AG-1008,0,4.5,1,5.63,1,18409,11,0
2525,ACC-102525,Port Harcourt,2026-07-18T07:06:45.339Z,AG-1031,4,0,0,27.21,1,0,7,0
2526,ACC-102526,Lagos,2026-07-05T07:06:45.339Z,AG-1007,0,10.6,0,2,1,0,12,0
2527,ACC-102527,Lagos,2026-06-26T07:06:45.339Z,AG-1004,2,12.7,1,20.63,2,0,9,0
2528,ACC-102528,Kano,2026-06-25T07:06:45.339Z,AG-1018,2,0,1,19.02,0,0,11,0
2529,ACC-102529,Kano,2026-08-28T07:06:45.339Z,AG-1017,0,16.8,0,10.18,0,0,8,0
2530,ACC-102530,Ibadan,2026-09-04T07:06:45.339Z,AG-1005,1,0,0,19.4,0,0,20,0
2531,ACC-102531,Ibadan,2026-09-04T07:06:45.339Z,AG-1036,1,31.3,0,11.96,0,0,8,0
2532,ACC-102532,Kano,2026-08-07T07:06:45.339Z,AG-1000,1,22.2,1,26.09,1,0,19,0
2533,ACC-102533,Lagos,2026-07-17T07:06:45.339Z,AG-1033,0,0,1,5.21,0,0,18,0
2534,ACC-102534,Port Harcourt,2026-06-12T07:06:45.339Z,AG-1029,3,34,0,20.63,2,0,11,0
2535,ACC-102535,Port Harcourt,2026-06-09T07:06:45.339Z,AG-1025,1,37.2,0,8.16,0,0,8,0
2536,ACC-102536,Lagos,2026-07-14T07:06:45.339Z,AG-1017,1,0,0,18.88,0,0,16,0
2537,ACC-102537,Port Harcourt,2026-06-15T07:06:45.339Z,AG-1013,1,6.2,0,6.2,1,0,9,0
2538,ACC-102538,Abuja,2026-08-21T07:06:45.339Z,AG-1000,0,28.5,0,0,0,0,21,0
2539,ACC-102539,Kano,2026-07-19T07:06:45.339Z,AG-1004,1,0,1,13.07,0,0,14,0
2540,ACC-102540,Abuja,2026-06-09T07:06:45.339Z,AG-1011,3,0,0,31.73,0,0,19,0
2541,ACC-102541,Abuja,2026-07-08T07:06:45.339Z,AG-1004,1,55,1,11.12,2,0,13,0
2542,ACC-102542,Ibadan,2026-07-19T07:06:45.339Z,AG-1026,1,0,0,0,1,0,13,0
2543,ACC-102543,Abuja,2026-08-03T07:06:45.339Z,AG-1004,0,2.7,0,22.55,0,12908,7,0
2544,ACC-102544,Lagos,2026-07-20T07:06:45.339Z,AG-1017,1,0,0,13.95,1,0,16,0
2545,ACC-102545,Kano,2026-08-03T07:06:45.339Z,AG-1029,1,20.5,0,27.85,0,2037,15,0
2546,ACC-102546,Abuja,2026-08-19T07:06:45.339Z,AG-1021,4,0,0,0,0,26062,22,0
2547,ACC-102547,Port Harcourt,2026-07-14T07:06:45.339Z,AG-1020,1,0,0,13.8,0,4502,6,0
2548,ACC-102548,Lagos,2026-07-20T07:06:45.339Z,AG-1000,1,21,1,17.16,1,0,22,0
2549,ACC-102549,Port Harcourt,2026-06-24T07:06:45.339Z,AG-1015,4,9,0,24.44,0,0,15,0
2550,ACC-102550,Ibadan,2026-08-30T07:06:45.339Z,AG-1027,3,0.5,0,13.36,1,0,6,0
2551,ACC-102551,Abuja,2026-07-11T07:06:45.339Z,AG-1002,3,0,0,10.24,1,0,6,0
2552,ACC-102552,Port Harcourt,2026-06-24T07:06:45.339Z,AG-1008,5,9.2,0,18.86,2,8765,11,0
2553,ACC-102553,Kano,2026-07-05T07:06:45.339Z,AG-1013,3,11.2,0,10.72,1,0,15,0
2554,ACC-102554,Port Harcourt,2026-06-14T07:06:45.339Z,AG-1028,2,34.2,1,28.68,1,13212,11,0
2555,ACC-102555,Lagos,2026-06-20T07:06:45.339Z,AG-1030,1,47.1,1,28.09,2,0,13,0
2556,ACC-102556,Ibadan,2026-06-22T07:06:45.339Z,AG-1000,3,0.3,0,10.19,1,0,13,0
2557,ACC-102557,Abuja,2026-08-27T07:06:45.339Z,AG-1020,0,40.4,0,21.48,1,0,18,0
2558,ACC-102558,Lagos,2026-08-02T07:06:45.339Z,AG-1024,2,16.1,0,14.64,1,0,7,0
2559,ACC-102559,Kano,2026-08-06T07:06:45.339Z,AG-1020,3,15.4,1,2.21,0,0,9,0
2560,ACC-102560,Ibadan,2026-08-17T07:06:45.339Z,AG-1019,5,23.3,0,0.79,3,351264,1,1
2561,ACC-102561,Abuja,2026-06-22T07:06:45.339Z,AG-1038,2,59.8,1,21.78,0,0,20,0
2562,ACC-102562,Ibadan,2026-08-20T07:06:45.339Z,AG-1020,0,58,1,12.26,1,17005,16,0
2563,ACC-102563,Kano,2026-06-12T07:06:45.339Z,AG-1030,0,29.6,0,20.92,1,9282,12,0
2564,ACC-102564,Kano,2026-07-25T07:06:45.339Z,AG-1011,2,58.1,1,17.65,1,18111,17,0
2565,ACC-102565,Ibadan,2026-08-01T07:06:45.339Z,AG-1022,1,7,1,16.75,0,0,15,0
2566,ACC-102566,Lagos,2026-06-19T07:06:45.339Z,AG-1018,0,6.8,0,18.48,1,0,14,0
2567,ACC-102567,Port Harcourt,2026-08-23T07:06:45.339Z,AG-1023,3,21.7,0,8.65,0,0,20,0
2568,ACC-102568,Abuja,2026-07-31T07:06:45.339Z,AG-1032,1,102.4,0,6.2,0,0,18,0
2569,ACC-102569,Kano,2026-06-12T07:06:45.339Z,AG-1033,0,0,0,8.44,0,0,19,0
2570,ACC-102570,Kano,2026-06-07T07:06:45.339Z,AG-1033,0,49.5,0,1.02,0,0,18,0
2571,ACC-102571,Kano,2026-06-29T07:06:45.339Z,AG-1028,3,30,0,11.74,0,0,12,0
2572,ACC-102572,Lagos,2026-07-04T07:06:45.339Z,AG-1011,2,13.7,0,12.05,1,0,21,0
2573,ACC-102573,Port Harcourt,2026-06-12T07:06:45.339Z,AG-1010,1,4.4,1,1.73,0,0,14,0
2574,ACC-102574,Ibadan,2026-08-25T07:06:45.339Z,AG-1033,2,2,0,11.72,2,0,22,0
2575,ACC-102575,Kano,2026-08-27T07:06:45.339Z,AG-1007,1,75.8,0,0,0,0,20,0
2576,ACC-102576,Ibadan,2026-07-31T07:06:45.339Z,AG-1033,1,21,0,3.41,1,0,6,0
2577,ACC-102577,Port Harcourt,2026-07-16T07:06:45.339Z,AG-1005,3,16.2,0,13.39,1,0,12,0
2578,ACC-102578,Kano,2026-08-09T07:06:45.339Z,AG-1032,1,0,1,21.75,0,0,15,0
2579,ACC-102579,Port Harcourt,2026-07-07T07:06:45.339Z,AG-1002,2,44.4,1,10.19,0,0,21,0
2580,ACC-102580,Ibadan,2026-06-26T07:06:45.339Z,AG-1010,0,31.4,1,6.44,2,0,14,0
2581,ACC-102581,Ibadan,2026-08-11T07:06:45.339Z,AG-1023,2,0,0,23.82,0,12596,22,0
2582,ACC-102582,Lagos,2026-08-10T07:06:45.339Z,AG-1025,0,15.7,0,12.54,1,0,11,0
2583,ACC-102583,Ibadan,2026-06-24T07:06:45.339Z,AG-1037,6,10,1,10.94,0,6755,21,0
2584,ACC-102584,Port Harcourt,2026-08-21T07:06:45.339Z,AG-1036,0,22.6,0,31.77,1,0,8,0
2585,ACC-102585,Abuja,2026-08-14T07:06:45.339Z,AG-1006,0,18.1,1,2.68,2,0,8,0
2586,ACC-102586,Kano,2026-08-05T07:06:45.339Z,AG-1038,1,41,0,0,0,0,22,0
2587,ACC-102587,Port Harcourt,2026-06-12T07:06:45.339Z,AG-1024,2,17.2,0,11.57,0,13583,17,0
2588,ACC-102588,Lagos,2026-07-12T07:06:45.339Z,AG-1019,0,17.4,0,8.8,1,0,14,0
2589,ACC-102589,Kano,2026-08-10T07:06:45.339Z,AG-1024,4,1.8,1,12.31,2,0,15,0
2590,ACC-102590,Lagos,2026-08-07T07:06:45.339Z,AG-1034,5,8,0,11.23,0,0,17,0
2591,ACC-102591,Kano,2026-08-30T07:06:45.339Z,AG-1005,0,23.4,0,0,0,0,13,0
2592,ACC-102592,Port Harcourt,2026-07-07T07:06:45.339Z,AG-1036,2,0,0,28.94,0,0,9,0
2593,ACC-102593,Port Harcourt,2026-06-22T07:06:45.339Z,AG-1005,0,51.5,0,18.53,0,0,12,0
2594,ACC-102594,Port Harcourt,2026-07-04T07:06:45.339Z,AG-1027,0,46.5,0,12.26,0,0,16,0
2595,ACC-102595,Kano,2026-08-02T07:06:45.339Z,AG-1009,2,248.9,1,0.65,3,520785,12,1
2596,ACC-102596,Lagos,2026-07-15T07:06:45.339Z,AG-1022,3,0,1,9.76,0,0,8,0
2597,ACC-102597,Abuja,2026-08-10T07:06:45.339Z,AG-1016,2,75.5,0,15.8,2,2814,16,0
2598,ACC-102598,Port Harcourt,2026-08-20T07:06:45.339Z,AG-1003,1,7.7,0,0.14,0,15292,22,0
2599,ACC-102599,Kano,2026-07-05T07:06:45.339Z,AG-1003,0,0,0,0,1,0,19,0
2600,ACC-102600,Abuja,2026-07-27T07:06:45.339Z,AG-1006,2,484,1,1.86,4,514384,0,1
2601,ACC-102601,Ibadan,2026-06-10T07:06:45.339Z,AG-1008,2,0,0,18.64,0,0,7,0
2602,ACC-102602,Lagos,2026-08-07T07:06:45.339Z,AG-1038,1,20.2,0,17.43,1,0,19,0
2603,ACC-102603,Lagos,2026-07-14T07:06:45.339Z,AG-1005,1,38.8,0,16.15,2,0,16,0
2604,ACC-102604,Ibadan,2026-07-04T07:06:45.339Z,AG-1014,2,82.1,0,29.11,0,0,19,0
2605,ACC-102605,Ibadan,2026-07-24T07:06:45.339Z,AG-1008,1,16,0,13.46,0,10946,10,0
2606,ACC-102606,Lagos,2026-07-28T07:06:45.339Z,AG-1004,1,0,0,8.88,1,5189,8,0
2607,ACC-102607,Ibadan,2026-09-01T07:06:45.339Z,AG-1035,2,0,0,25.17,0,0,17,0
2608,ACC-102608,Lagos,2026-06-20T07:06:45.339Z,AG-1012,0,0,0,19.47,0,4437,18,0
2609,ACC-102609,Lagos,2026-08-25T07:06:45.339Z,AG-1017,3,46.7,1,7.54,0,0,22,0
2610,ACC-102610,Kano,2026-06-07T07:06:45.339Z,AG-1021,2,4.8,0,0,1,0,21,0
2611,ACC-102611,Kano,2026-06-14T07:06:45.339Z,AG-1000,2,12.3,1,18.04,2,0,13,0
2612,ACC-102612,Lagos,2026-08-14T07:06:45.339Z,AG-1006,4,4.9,0,0,1,0,14,0
2613,ACC-102613,Kano,2026-08-03T07:06:45.339Z,AG-1030,2,0,0,5.09,2,0,7,0
2614,ACC-102614,Abuja,2026-07-10T07:06:45.339Z,AG-1012,2,26.8,0,0,0,0,15,0
2615,ACC-102615,Port Harcourt,2026-07-23T07:06:45.339Z,AG-1004,2,14.3,1,16.41,0,0,12,0
2616,ACC-102616,Kano,2026-08-19T07:06:45.339Z,AG-1038,1,39.3,0,2.09,0,0,16,0
2617,ACC-102617,Abuja,2026-07-15T07:06:45.339Z,AG-1038,1,18.5,0,8.1,2,0,18,0
2618,ACC-102618,Kano,2026-07-31T07:06:45.339Z,AG-1028,2,25.2,0,19.93,1,18519,9,0
2619,ACC-102619,Kano,2026-07-15T07:06:45.339Z,AG-1016,1,7.3,1,12.43,0,0,8,0
2620,ACC-102620,Lagos,2026-07-15T07:06:45.339Z,AG-1009,3,33.8,0,12.61,0,0,6,0
2621,ACC-102621,Lagos,2026-08-25T07:06:45.339Z,AG-1034,0,9.7,0,13.7,3,18512,8,0
2622,ACC-102622,Kano,2026-07-29T07:06:45.339Z,AG-1035,1,0,0,19.68,3,0,19,0
2623,ACC-102623,Ibadan,2026-06-11T07:06:45.339Z,AG-1014,2,372,1,1.22,5,420559,3,1
2624,ACC-102624,Kano,2026-07-03T07:06:45.339Z,AG-1014,1,29.5,0,14.54,3,0,10,0
2625,ACC-102625,Abuja,2026-08-08T07:06:45.339Z,AG-1028,2,59.1,1,18.39,0,0,14,0
2626,ACC-102626,Port Harcourt,2026-08-12T07:06:45.339Z,AG-1020,5,0,0,15.49,0,0,9,0
2627,ACC-102627,Kano,2026-07-12T07:06:45.339Z,AG-1012,0,36.5,0,20.42,1,0,11,0
2628,ACC-102628,Ibadan,2026-06-30T07:06:45.339Z,AG-1013,0,41.4,0,30.28,1,0,13,0
2629,ACC-102629,Lagos,2026-07-04T07:06:45.340Z,AG-1027,2,28.5,0,3.26,1,0,19,0
2630,ACC-102630,Ibadan,2026-07-12T07:06:45.340Z,AG-1036,5,21.5,1,36.68,0,0,9,0
2631,ACC-102631,Lagos,2026-08-25T07:06:45.340Z,AG-1037,1,9.8,1,1.64,0,0,17,0
2632,ACC-102632,Abuja,2026-08-03T07:06:45.340Z,AG-1004,0,7,0,20.64,0,0,20,0
2633,ACC-102633,Kano,2026-06-20T07:06:45.340Z,AG-1019,1,5.5,1,1.85,0,0,7,0
2634,ACC-102634,Ibadan,2026-06-20T07:06:45.340Z,AG-1024,1,59.4,0,4.56,1,0,13,0
2635,ACC-102635,Lagos,2026-07-08T07:06:45.340Z,AG-1002,0,12.9,1,23.48,1,0,21,0
2636,ACC-102636,Abuja,2026-07-02T07:06:45.340Z,AG-1034,3,0,1,27.05,0,0,12,0
2637,ACC-102637,Kano,2026-07-11T07:06:45.340Z,AG-1028,1,12.2,1,7.44,0,0,20,0
2638,ACC-102638,Ibadan,2026-06-17T07:06:45.340Z,AG-1034,2,15.6,0,16.81,1,0,8,0
2639,ACC-102639,Kano,2026-07-14T07:06:45.340Z,AG-1020,6,147.7,1,1.73,3,262944,4,1
2640,ACC-102640,Kano,2026-07-03T07:06:45.340Z,AG-1031,1,3.7,1,22.44,1,0,20,0
2641,ACC-102641,Kano,2026-07-11T07:06:45.340Z,AG-1016,2,21.3,0,6.6,1,0,22,0
2642,ACC-102642,Ibadan,2026-08-23T07:06:45.340Z,AG-1033,4,0,1,8.59,0,0,19,0
2643,ACC-102643,Abuja,2026-07-03T07:06:45.340Z,AG-1028,4,555.4,1,1.02,8,317334,4,1
2644,ACC-102644,Ibadan,2026-07-10T07:06:45.340Z,AG-1018,2,0,0,10.68,0,0,14,0
2645,ACC-102645,Kano,2026-08-04T07:06:45.340Z,AG-1004,0,1.6,0,14.66,0,0,21,0
2646,ACC-102646,Ibadan,2026-07-25T07:06:45.340Z,AG-1010,0,0,0,6.3,0,0,12,0
2647,ACC-102647,Ibadan,2026-08-19T07:06:45.340Z,AG-1039,2,0,0,13.18,1,0,20,0
2648,ACC-102648,Kano,2026-06-06T07:06:45.340Z,AG-1032,1,6.5,1,16.76,1,7239,8,0
2649,ACC-102649,Lagos,2026-08-13T07:06:45.340Z,AG-1024,4,14.9,1,10.34,0,0,19,0
2650,ACC-102650,Abuja,2026-07-18T07:06:45.340Z,AG-1009,2,23.1,0,3.59,1,11570,18,0
2651,ACC-102651,Kano,2026-07-10T07:06:45.340Z,AG-1028,4,5.2,0,3.15,0,0,17,0
2652,ACC-102652,Kano,2026-08-24T07:06:45.340Z,AG-1010,1,11.5,0,9.18,0,0,13,0
2653,ACC-102653,Kano,2026-06-18T07:06:45.340Z,AG-1003,1,10.1,1,9.06,0,0,19,0
2654,ACC-102654,Ibadan,2026-07-04T07:06:45.340Z,AG-1015,4,14.3,1,10.91,0,0,8,0
2655,ACC-102655,Ibadan,2026-06-18T07:06:45.340Z,AG-1019,3,15.3,0,17.74,0,0,10,0
2656,ACC-102656,Ibadan,2026-07-22T07:06:45.340Z,AG-1034,3,19.9,1,17.39,0,21582,7,0
2657,ACC-102657,Lagos,2026-07-06T07:06:45.340Z,AG-1039,2,30,0,9.1,0,0,21,0
2658,ACC-102658,Ibadan,2026-08-15T07:06:45.340Z,AG-1023,3,21,0,20.21,1,22958,9,0
2659,ACC-102659,Port Harcourt,2026-06-24T07:06:45.340Z,AG-1014,3,0,0,5.61,1,0,10,0
2660,ACC-102660,Ibadan,2026-07-25T07:06:45.340Z,AG-1016,2,27.9,1,17.95,0,0,7,0
2661,ACC-102661,Lagos,2026-07-12T07:06:45.340Z,AG-1027,2,42.9,0,12.26,2,0,7,0
2662,ACC-102662,Abuja,2026-08-14T07:06:45.340Z,AG-1031,0,23.1,0,14.99,2,0,7,0
2663,ACC-102663,Ibadan,2026-08-08T07:06:45.340Z,AG-1025,2,31.6,1,20.82,0,0,14,0
2664,ACC-102664,Kano,2026-06-25T07:06:45.340Z,AG-1039,0,55.5,1,36.22,1,0,14,0
2665,ACC-102665,Abuja,2026-07-25T07:06:45.340Z,AG-1001,2,38.1,1,22.12,0,0,10,0
2666,ACC-102666,Port Harcourt,2026-07-17T07:06:45.340Z,AG-1006,0,0,0,6.29,0,16587,7,0
2667,ACC-102667,Kano,2026-06-19T07:06:45.340Z,AG-1018,2,5.4,0,22.1,0,0,8,0
2668,ACC-102668,Abuja,2026-08-09T07:06:45.340Z,AG-1014,1,14.7,0,0,2,0,9,0
2669,ACC-102669,Lagos,2026-06-26T07:06:45.340Z,AG-1037,2,0,1,11.48,1,0,16,0
2670,ACC-102670,Abuja,2026-06-10T07:06:45.340Z,AG-1035,0,15.2,0,19.23,0,0,14,0
2671,ACC-102671,Kano,2026-08-19T07:06:45.340Z,AG-1038,4,15.4,0,13.1,1,0,21,0
2672,ACC-102672,Kano,2026-06-14T07:06:45.340Z,AG-1021,1,17.9,0,16.2,0,0,6,0
2673,ACC-102673,Ibadan,2026-09-04T07:06:45.340Z,AG-1021,3,19.7,1,0,6,456647,16,1
2674,ACC-102674,Kano,2026-06-11T07:06:45.340Z,AG-1018,3,63.1,0,12.57,1,0,15,0
2675,ACC-102675,Port Harcourt,2026-07-13T07:06:45.340Z,AG-1007,5,5.6,1,19.17,0,14309,17,0
2676,ACC-102676,Kano,2026-08-09T07:06:45.340Z,AG-1007,5,149.7,0,1.14,4,323436,17,1
2677,ACC-102677,Lagos,2026-08-14T07:06:45.340Z,AG-1002,2,43.9,0,14.15,0,0,17,0
2678,ACC-102678,Abuja,2026-06-25T07:06:45.340Z,AG-1038,3,3.7,0,2.83,0,0,14,0
2679,ACC-102679,Abuja,2026-07-16T07:06:45.340Z,AG-1032,3,36.6,0,16.53,1,0,19,0
2680,ACC-102680,Abuja,2026-08-20T07:06:45.340Z,AG-1029,3,7.4,1,30.31,1,0,16,0
2681,ACC-102681,Abuja,2026-07-21T07:06:45.340Z,AG-1001,4,37.5,0,35.28,1,174,17,0
2682,ACC-102682,Kano,2026-08-16T07:06:45.340Z,AG-1039,2,69,0,5.03,0,0,6,0
2683,ACC-102683,Port Harcourt,2026-08-01T07:06:45.340Z,AG-1032,1,80.1,0,15.13,1,7495,15,0
2684,ACC-102684,Port Harcourt,2026-08-17T07:06:45.340Z,AG-1020,1,0,1,4.05,2,13867,13,0
2685,ACC-102685,Abuja,2026-08-20T07:06:45.340Z,AG-1022,1,0,0,29.16,0,0,6,0
2686,ACC-102686,Lagos,2026-06-20T07:06:45.340Z,AG-1001,2,30.6,0,21.31,0,0,12,0
2687,ACC-102687,Abuja,2026-06-10T07:06:45.340Z,AG-1024,0,4.7,0,31.28,0,0,21,0
2688,ACC-102688,Ibadan,2026-06-20T07:06:45.340Z,AG-1026,0,31.9,0,18.71,1,18278,9,0
2689,ACC-102689,Kano,2026-08-25T07:06:45.340Z,AG-1021,2,62.4,1,21.72,0,0,14,0
2690,ACC-102690,Abuja,2026-08-28T07:06:45.340Z,AG-1013,4,35.8,1,0.42,0,12054,17,0
2691,ACC-102691,Lagos,2026-07-22T07:06:45.340Z,AG-1011,0,6,0,8.19,1,0,20,0
2692,ACC-102692,Lagos,2026-07-03T07:06:45.340Z,AG-1007,0,0,0,19.49,1,22793,6,0
2693,ACC-102693,Port Harcourt,2026-08-13T07:06:45.340Z,AG-1036,0,14.6,0,24.39,1,0,19,0
2694,ACC-102694,Abuja,2026-07-31T07:06:45.340Z,AG-1036,2,11.2,0,0,1,0,22,0
2695,ACC-102695,Ibadan,2026-07-07T07:06:45.340Z,AG-1013,3,34.6,1,8.76,0,0,10,0
2696,ACC-102696,Kano,2026-08-16T07:06:45.340Z,AG-1023,1,0,0,10.25,0,13437,14,0
2697,ACC-102697,Port Harcourt,2026-06-21T07:06:45.340Z,AG-1004,2,28.2,0,28.34,1,0,17,0
2698,ACC-102698,Lagos,2026-08-25T07:06:45.340Z,AG-1032,1,35.6,0,3.48,1,0,9,0
2699,ACC-102699,Lagos,2026-08-19T07:06:45.340Z,AG-1026,2,18.9,0,7.74,0,0,11,0
2700,ACC-102700,Abuja,2026-08-30T07:06:45.340Z,AG-1007,4,9.7,0,10.46,0,0,14,0
2701,ACC-102701,Lagos,2026-06-22T07:06:45.340Z,AG-1028,4,54.7,0,16.35,0,10534,7,0
2702,ACC-102702,Ibadan,2026-06-26T07:06:45.340Z,AG-1010,0,101,0,26.72,0,0,19,0
2703,ACC-102703,Kano,2026-08-22T07:06:45.340Z,AG-1002,5,28.9,0,16.77,2,0,10,0
2704,ACC-102704,Ibadan,2026-06-25T07:06:45.340Z,AG-1038,1,13.9,1,0.98,1,0,12,0
2705,ACC-102705,Kano,2026-08-06T07:06:45.340Z,AG-1026,5,10,1,24.44,1,0,13,0
2706,ACC-102706,Port Harcourt,2026-08-20T07:06:45.340Z,AG-1036,2,0,0,8.54,0,0,21,0
2707,ACC-102707,Lagos,2026-06-27T07:06:45.340Z,AG-1019,0,0,0,11.61,2,16982,14,0
2708,ACC-102708,Ibadan,2026-07-25T07:06:45.340Z,AG-1013,3,27.2,0,0,0,7381,21,0
2709,ACC-102709,Kano,2026-08-21T07:06:45.340Z,AG-1016,1,31.8,0,23.16,1,0,14,0
2710,ACC-102710,Abuja,2026-06-17T07:06:45.340Z,AG-1012,1,27.8,0,16.94,2,0,21,0
2711,ACC-102711,Abuja,2026-06-13T07:06:45.340Z,AG-1001,5,17.2,0,15.79,1,0,16,0
2712,ACC-102712,Kano,2026-08-07T07:06:45.340Z,AG-1017,5,0,1,1.49,4,217110,10,1
2713,ACC-102713,Abuja,2026-06-14T07:06:45.340Z,AG-1020,3,53,0,0,0,11996,14,0
2714,ACC-102714,Port Harcourt,2026-08-16T07:06:45.340Z,AG-1039,1,27.4,0,3.12,0,4556,7,0
2715,ACC-102715,Kano,2026-08-29T07:06:45.340Z,AG-1025,1,11.6,0,3.04,0,0,12,0
2716,ACC-102716,Abuja,2026-06-20T07:06:45.340Z,AG-1019,3,55.5,0,21.49,0,0,11,0
2717,ACC-102717,Port Harcourt,2026-07-27T07:06:45.340Z,AG-1028,4,0,0,19.24,2,0,21,0
2718,ACC-102718,Ibadan,2026-08-25T07:06:45.340Z,AG-1010,1,55.4,0,2.04,0,0,18,0
2719,ACC-102719,Lagos,2026-08-14T07:06:45.340Z,AG-1012,1,11.1,0,20.3,0,0,17,0
2720,ACC-102720,Port Harcourt,2026-07-16T07:06:45.340Z,AG-1032,1,42.5,0,28.51,1,0,6,0
2721,ACC-102721,Port Harcourt,2026-07-24T07:06:45.340Z,AG-1004,0,13.9,0,26.65,0,0,17,0
2722,ACC-102722,Kano,2026-07-21T07:06:45.340Z,AG-1016,1,0.7,1,12.61,0,13263,22,0
2723,ACC-102723,Ibadan,2026-08-24T07:06:45.340Z,AG-1021,2,9.8,1,0,0,21387,14,0
2724,ACC-102724,Ibadan,2026-06-29T07:06:45.340Z,AG-1033,0,0,0,9.61,1,0,22,0
2725,ACC-102725,Port Harcourt,2026-07-11T07:06:45.340Z,AG-1039,3,9.4,0,3.1,1,0,9,0
2726,ACC-102726,Kano,2026-06-26T07:06:45.340Z,AG-1021,4,10.7,0,24.05,2,8601,16,0
2727,ACC-102727,Ibadan,2026-07-11T07:06:45.340Z,AG-1000,2,10.1,0,23,2,0,6,0
2728,ACC-102728,Kano,2026-07-27T07:06:45.340Z,AG-1030,3,5,0,10.26,0,0,12,0
2729,ACC-102729,Lagos,2026-08-10T07:06:45.340Z,AG-1026,0,20.8,0,23.96,0,0,11,0
2730,ACC-102730,Abuja,2026-07-28T07:06:45.340Z,AG-1005,1,26.5,0,7.23,0,0,13,0
2731,ACC-102731,Port Harcourt,2026-07-12T07:06:45.340Z,AG-1015,0,13.1,1,0,0,0,12,0
2732,ACC-102732,Port Harcourt,2026-08-08T07:06:45.340Z,AG-1035,1,23,1,27.44,1,0,7,0
2733,ACC-102733,Kano,2026-07-08T07:06:45.340Z,AG-1033,4,57.7,0,12.56,0,0,13,0
2734,ACC-102734,Ibadan,2026-07-29T07:06:45.340Z,AG-1027,2,14.6,0,13.25,0,25147,8,0
2735,ACC-102735,Kano,2026-06-26T07:06:45.340Z,AG-1035,0,0,1,12.28,0,0,18,0
2736,ACC-102736,Kano,2026-08-01T07:06:45.340Z,AG-1006,1,16.6,1,10.47,1,0,20,0
2737,ACC-102737,Ibadan,2026-06-11T07:06:45.340Z,AG-1002,3,0,1,27.04,1,0,12,0
2738,ACC-102738,Lagos,2026-08-05T07:06:45.340Z,AG-1020,1,54,1,7.77,0,0,18,0
2739,ACC-102739,Lagos,2026-09-02T07:06:45.340Z,AG-1021,1,23.3,0,19.92,3,0,10,0
2740,ACC-102740,Port Harcourt,2026-07-06T07:06:45.340Z,AG-1021,2,140.3,1,2.54,7,103968,3,1
2741,ACC-102741,Abuja,2026-07-11T07:06:45.340Z,AG-1019,2,59.4,0,25.2,1,0,20,0
2742,ACC-102742,Kano,2026-07-24T07:06:45.340Z,AG-1025,0,15.4,1,5.6,0,0,22,0
2743,ACC-102743,Abuja,2026-08-28T07:06:45.340Z,AG-1037,4,123.9,1,0,6,301829,12,1
2744,ACC-102744,Ibadan,2026-08-19T07:06:45.340Z,AG-1033,3,30.4,0,9.43,0,0,16,0
2745,ACC-102745,Port Harcourt,2026-07-29T07:06:45.340Z,AG-1003,2,8.6,0,13.15,0,0,16,0
2746,ACC-102746,Port Harcourt,2026-06-12T07:06:45.340Z,AG-1037,0,41.2,0,13.87,0,0,17,0
2747,ACC-102747,Kano,2026-08-30T07:06:45.340Z,AG-1004,9,411.6,0,1.72,4,225981,22,1
2748,ACC-102748,Lagos,2026-08-18T07:06:45.340Z,AG-1039,0,36.5,0,25.62,0,0,21,0
2749,ACC-102749,Port Harcourt,2026-06-26T07:06:45.340Z,AG-1027,3,2.4,0,0,1,5903,11,0
2750,ACC-102750,Lagos,2026-07-22T07:06:45.340Z,AG-1014,3,19.8,0,0,1,19946,6,0
2751,ACC-102751,Lagos,2026-06-28T07:06:45.340Z,AG-1027,2,23.3,0,10.77,1,0,13,0
2752,ACC-102752,Port Harcourt,2026-07-25T07:06:45.340Z,AG-1017,4,32.3,0,0,1,7054,22,0
2753,ACC-102753,Abuja,2026-07-10T07:06:45.340Z,AG-1011,0,31.7,1,25.73,1,0,10,0
2754,ACC-102754,Kano,2026-07-20T07:06:45.340Z,AG-1034,1,0,0,44.08,0,0,17,0
2755,ACC-102755,Kano,2026-07-30T07:06:45.340Z,AG-1023,3,20.4,1,25.52,2,0,12,0
2756,ACC-102756,Ibadan,2026-06-30T07:06:45.340Z,AG-1018,3,37.1,0,28.65,1,0,13,0
2757,ACC-102757,Port Harcourt,2026-08-19T07:06:45.340Z,AG-1011,3,7.9,0,12.12,2,0,10,0
2758,ACC-102758,Ibadan,2026-06-20T07:06:45.340Z,AG-1016,1,0,0,8.52,1,0,17,0
2759,ACC-102759,Lagos,2026-06-11T07:06:45.340Z,AG-1025,0,48.3,0,7.19,0,0,17,0
2760,ACC-102760,Abuja,2026-08-22T07:06:45.340Z,AG-1015,2,17.7,1,27.46,0,0,7,0
2761,ACC-102761,Kano,2026-07-20T07:06:45.340Z,AG-1031,2,18.5,0,9.06,2,0,10,0
2762,ACC-102762,Abuja,2026-08-24T07:06:45.340Z,AG-1011,2,0.4,0,26.83,1,0,7,0
2763,ACC-102763,Lagos,2026-06-28T07:06:45.340Z,AG-1000,2,53.1,1,12.7,0,0,11,0
2764,ACC-102764,Kano,2026-07-01T07:06:45.340Z,AG-1004,0,19.3,0,2.75,2,3467,18,0
2765,ACC-102765,Lagos,2026-08-12T07:06:45.340Z,AG-1020,5,68.1,1,19.87,1,0,18,0
2766,ACC-102766,Port Harcourt,2026-08-10T07:06:45.340Z,AG-1000,3,12.2,1,1.91,0,20993,15,0
2767,ACC-102767,Lagos,2026-06-21T07:06:45.340Z,AG-1008,2,13.8,1,15.79,0,0,12,0
2768,ACC-102768,Lagos,2026-09-03T07:06:45.340Z,AG-1019,1,42.1,0,16.48,1,9574,10,0
2769,ACC-102769,Ibadan,2026-08-03T07:06:45.340Z,AG-1033,3,5,0,10.73,0,27037,6,0
2770,ACC-102770,Lagos,2026-06-06T07:06:45.340Z,AG-1034,2,111.4,1,1,5,309608,15,1
2771,ACC-102771,Abuja,2026-07-18T07:06:45.340Z,AG-1012,2,7.3,0,5.03,0,0,14,0
2772,ACC-102772,Abuja,2026-08-14T07:06:45.340Z,AG-1025,1,21.4,0,27.3,0,0,9,0
2773,ACC-102773,Port Harcourt,2026-06-07T07:06:45.340Z,AG-1021,2,20.3,1,5.81,1,9255,12,0
2774,ACC-102774,Kano,2026-06-07T07:06:45.340Z,AG-1003,1,50.5,0,14.63,1,0,9,0
2775,ACC-102775,Lagos,2026-06-18T07:06:45.340Z,AG-1006,1,67,1,27.28,1,10612,6,0
2776,ACC-102776,Kano,2026-07-17T07:06:45.340Z,AG-1033,3,42.8,0,8.56,0,0,18,0
2777,ACC-102777,Kano,2026-08-07T07:06:45.340Z,AG-1035,1,15.3,0,0,1,0,13,0
2778,ACC-102778,Ibadan,2026-07-25T07:06:45.340Z,AG-1032,2,0,1,11.96,0,0,19,0
2779,ACC-102779,Lagos,2026-08-12T07:06:45.340Z,AG-1032,3,10.3,0,6.09,0,0,8,0
2780,ACC-102780,Kano,2026-08-23T07:06:45.340Z,AG-1032,2,0,0,22.47,1,0,17,0
2781,ACC-102781,Port Harcourt,2026-08-16T07:06:45.340Z,AG-1027,1,0,0,13.55,0,0,7,0
2782,ACC-102782,Lagos,2026-06-24T07:06:45.340Z,AG-1005,1,44,0,24.36,0,0,21,0
2783,ACC-102783,Ibadan,2026-07-19T07:06:45.340Z,AG-1024,3,17.3,0,21.87,1,0,12,0
2784,ACC-102784,Lagos,2026-06-28T07:06:45.340Z,AG-1033,2,18.6,0,12.42,0,0,18,0
2785,ACC-102785,Port Harcourt,2026-06-21T07:06:45.340Z,AG-1005,0,21.3,0,9.22,0,0,13,0
2786,ACC-102786,Ibadan,2026-08-04T07:06:45.340Z,AG-1004,1,31.3,1,0,0,0,18,0
2787,ACC-102787,Lagos,2026-07-23T07:06:45.340Z,AG-1004,5,0,1,21.81,0,0,10,0
2788,ACC-102788,Lagos,2026-08-23T07:06:45.340Z,AG-1024,3,44.9,1,6.97,1,14606,18,0
2789,ACC-102789,Lagos,2026-08-15T07:06:45.340Z,AG-1000,2,23.4,1,20,0,0,15,0
2790,ACC-102790,Kano,2026-09-04T07:06:45.340Z,AG-1032,2,3.9,0,1.48,0,0,7,0
2791,ACC-102791,Kano,2026-07-23T07:06:45.340Z,AG-1036,2,0,0,13.44,0,9001,7,0
2792,ACC-102792,Abuja,2026-08-07T07:06:45.340Z,AG-1019,0,28.2,1,12.91,0,0,14,0
2793,ACC-102793,Ibadan,2026-08-10T07:06:45.340Z,AG-1002,2,0,0,10.9,1,2255,6,0
2794,ACC-102794,Abuja,2026-06-24T07:06:45.340Z,AG-1007,2,0,0,11.93,0,0,16,0
2795,ACC-102795,Ibadan,2026-08-01T07:06:45.340Z,AG-1005,1,20.9,0,16.62,1,0,15,0
2796,ACC-102796,Ibadan,2026-08-21T07:06:45.340Z,AG-1008,0,18,0,29.37,0,0,15,0
2797,ACC-102797,Kano,2026-07-07T07:06:45.340Z,AG-1036,2,15.6,0,20.31,2,0,21,0
2798,ACC-102798,Port Harcourt,2026-08-29T07:06:45.340Z,AG-1001,0,0,0,17.52,0,12312,16,0
2799,ACC-102799,Port Harcourt,2026-06-22T07:06:45.340Z,AG-1033,1,21.6,0,16.13,1,0,9,0
2800,ACC-102800,Kano,2026-06-10T07:06:45.340Z,AG-1012,1,10.8,1,1.75,1,0,15,0
2801,ACC-102801,Lagos,2026-08-06T07:06:45.340Z,AG-1036,3,25.2,0,26.05,0,0,6,0
2802,ACC-102802,Ibadan,2026-07-24T07:06:45.340Z,AG-1036,2,9.5,1,12.25,1,0,22,0
2803,ACC-102803,Abuja,2026-07-23T07:06:45.340Z,AG-1033,1,16.2,1,16.94,1,8718,18,0
2804,ACC-102804,Lagos,2026-07-26T07:06:45.340Z,AG-1007,4,12.5,0,32.04,0,0,19,0
2805,ACC-102805,Port Harcourt,2026-07-20T07:06:45.340Z,AG-1007,1,0,0,0,0,0,6,0
2806,ACC-102806,Ibadan,2026-08-25T07:06:45.340Z,AG-1003,3,23.7,1,6.42,1,0,6,0
2807,ACC-102807,Port Harcourt,2026-07-06T07:06:45.340Z,AG-1007,0,22.3,1,13.93,0,0,14,0
2808,ACC-102808,Kano,2026-08-31T07:06:45.340Z,AG-1009,4,29.3,1,7.61,0,0,21,0
2809,ACC-102809,Ibadan,2026-07-28T07:06:45.340Z,AG-1020,6,205,0,0.43,5,353721,20,1
2810,ACC-102810,Ibadan,2026-07-21T07:06:45.340Z,AG-1028,0,10.3,0,12.69,2,0,14,0
2811,ACC-102811,Abuja,2026-08-26T07:06:45.340Z,AG-1038,2,9.1,0,10.61,0,0,14,0
2812,ACC-102812,Lagos,2026-08-19T07:06:45.340Z,AG-1012,0,15.8,1,27.49,0,0,8,0
2813,ACC-102813,Port Harcourt,2026-06-14T07:06:45.340Z,AG-1015,2,2.6,0,9.09,0,6940,22,0
2814,ACC-102814,Abuja,2026-08-04T07:06:45.340Z,AG-1032,0,8.1,0,8.78,1,0,10,0
2815,ACC-102815,Ibadan,2026-07-01T07:06:45.340Z,AG-1017,1,0,0,10.7,1,0,19,0
2816,ACC-102816,Lagos,2026-07-17T07:06:45.340Z,AG-1039,2,0.6,0,30.04,1,18177,8,0
2817,ACC-102817,Ibadan,2026-06-11T07:06:45.340Z,AG-1017,2,14.2,0,0,0,0,15,0
2818,ACC-102818,Abuja,2026-07-15T07:06:45.340Z,AG-1038,2,36.5,0,0,1,0,16,0
2819,ACC-102819,Lagos,2026-08-20T07:06:45.340Z,AG-1016,2,0,1,23.08,0,0,20,0
2820,ACC-102820,Kano,2026-08-25T07:06:45.340Z,AG-1037,5,29.8,0,0,0,0,10,0
2821,ACC-102821,Abuja,2026-08-16T07:06:45.340Z,AG-1024,4,24.8,1,9.84,0,0,20,0
2822,ACC-102822,Kano,2026-08-18T07:06:45.340Z,AG-1035,2,6.7,0,21.29,0,0,9,0
2823,ACC-102823,Ibadan,2026-06-15T07:06:45.340Z,AG-1019,2,8.7,0,14.45,2,0,14,0
2824,ACC-102824,Abuja,2026-07-15T07:06:45.340Z,AG-1019,2,5.1,0,0,0,0,6,0
2825,ACC-102825,Ibadan,2026-09-02T07:06:45.340Z,AG-1035,1,0,1,14.82,0,0,18,0
2826,ACC-102826,Lagos,2026-06-12T07:06:45.340Z,AG-1000,0,11.6,0,8.7,1,0,12,0
2827,ACC-102827,Ibadan,2026-06-10T07:06:45.340Z,AG-1020,5,233.1,1,2.87,4,535347,2,1
2828,ACC-102828,Ibadan,2026-07-06T07:06:45.340Z,AG-1030,4,17,0,27.62,1,0,14,0
2829,ACC-102829,Port Harcourt,2026-07-21T07:06:45.340Z,AG-1003,1,0,1,23.99,1,0,9,0
2830,ACC-102830,Ibadan,2026-06-29T07:06:45.340Z,AG-1023,1,6.7,0,30.76,1,0,22,0
2831,ACC-102831,Kano,2026-08-06T07:06:45.340Z,AG-1031,2,0.7,0,14.9,1,0,17,0
2832,ACC-102832,Lagos,2026-07-25T07:06:45.340Z,AG-1024,3,61,1,25.62,0,0,20,0
2833,ACC-102833,Lagos,2026-07-11T07:06:45.340Z,AG-1011,0,16.5,1,11.64,0,0,12,0
2834,ACC-102834,Port Harcourt,2026-07-30T07:06:45.340Z,AG-1033,1,27.3,0,5.82,1,7192,18,0
2835,ACC-102835,Port Harcourt,2026-06-25T07:06:45.340Z,AG-1018,1,0,0,17.82,1,10485,15,0
2836,ACC-102836,Abuja,2026-08-26T07:06:45.340Z,AG-1013,3,31.5,1,25.24,0,0,7,0
2837,ACC-102837,Port Harcourt,2026-08-15T07:06:45.340Z,AG-1038,1,0,1,29.98,2,0,18,0
2838,ACC-102838,Kano,2026-06-09T07:06:45.340Z,AG-1019,4,27.4,0,16.82,1,0,17,0
2839,ACC-102839,Abuja,2026-06-26T07:06:45.340Z,AG-1010,1,21.3,0,0,0,0,15,0
2840,ACC-102840,Port Harcourt,2026-06-24T07:06:45.340Z,AG-1030,2,16.7,0,20.39,1,0,11,0
2841,ACC-102841,Kano,2026-07-23T07:06:45.340Z,AG-1007,2,58.5,0,19.64,0,0,11,0
2842,ACC-102842,Port Harcourt,2026-06-11T07:06:45.340Z,AG-1005,1,23.9,0,21.04,1,20116,13,0
2843,ACC-102843,Ibadan,2026-07-09T07:06:45.340Z,AG-1033,2,16.1,0,25.26,0,0,22,0
2844,ACC-102844,Kano,2026-07-11T07:06:45.340Z,AG-1003,3,0,0,18.59,0,16959,15,0
2845,ACC-102845,Lagos,2026-07-19T07:06:45.340Z,AG-1036,1,10.7,0,24.07,1,0,12,0
2846,ACC-102846,Kano,2026-08-05T07:06:45.340Z,AG-1031,0,37.5,1,8.67,1,0,8,0
2847,ACC-102847,Lagos,2026-06-09T07:06:45.340Z,AG-1014,2,106.9,1,16.7,0,0,12,0
2848,ACC-102848,Ibadan,2026-06-14T07:06:45.340Z,AG-1032,2,12.8,0,0,0,22538,12,0
2849,ACC-102849,Lagos,2026-08-18T07:06:45.340Z,AG-1003,2,48,1,0,1,0,13,0
2850,ACC-102850,Kano,2026-08-07T07:06:45.340Z,AG-1030,2,0.5,1,26.82,1,0,19,0
2851,ACC-102851,Abuja,2026-08-28T07:06:45.340Z,AG-1037,2,8.6,0,18.75,1,0,10,0
2852,ACC-102852,Ibadan,2026-06-08T07:06:45.340Z,AG-1022,2,0,0,17.96,0,0,16,0
2853,ACC-102853,Ibadan,2026-06-14T07:06:45.340Z,AG-1023,3,21.8,0,10.71,3,0,9,0
2854,ACC-102854,Kano,2026-08-10T07:06:45.340Z,AG-1024,2,44.1,1,2.61,0,0,10,0
2855,ACC-102855,Abuja,2026-07-16T07:06:45.340Z,AG-1002,3,21.3,0,14.26,0,0,7,0
2856,ACC-102856,Abuja,2026-06-27T07:06:45.340Z,AG-1019,0,20.2,0,10.64,2,12616,14,0
2857,ACC-102857,Port Harcourt,2026-06-18T07:06:45.340Z,AG-1008,3,48,0,34.61,0,0,21,0
2858,ACC-102858,Port Harcourt,2026-07-26T07:06:45.340Z,AG-1033,2,0,0,0,0,0,14,0
2859,ACC-102859,Ibadan,2026-08-13T07:06:45.340Z,AG-1026,0,26.9,0,12.82,1,0,18,0
2860,ACC-102860,Lagos,2026-06-13T07:06:45.340Z,AG-1004,0,21.1,0,22.79,0,8388,14,0
2861,ACC-102861,Abuja,2026-08-19T07:06:45.340Z,AG-1002,3,23.2,1,22.92,0,0,20,0
2862,ACC-102862,Abuja,2026-07-29T07:06:45.340Z,AG-1022,2,0,1,8.41,1,0,9,0
2863,ACC-102863,Lagos,2026-06-08T07:06:45.340Z,AG-1000,0,9.5,0,22.11,0,15976,14,0
2864,ACC-102864,Kano,2026-08-13T07:06:45.340Z,AG-1028,6,327.3,1,1.74,2,375278,22,1
2865,ACC-102865,Port Harcourt,2026-08-15T07:06:45.340Z,AG-1036,1,23,0,24.88,1,5398,21,0
2866,ACC-102866,Ibadan,2026-06-21T07:06:45.340Z,AG-1029,2,23.2,1,16.32,1,0,11,0
2867,ACC-102867,Kano,2026-08-23T07:06:45.340Z,AG-1021,0,9.5,1,7.08,0,0,8,0
2868,ACC-102868,Lagos,2026-07-18T07:06:45.340Z,AG-1027,0,28.5,0,15.51,0,9631,10,0
2869,ACC-102869,Port Harcourt,2026-08-28T07:06:45.340Z,AG-1002,3,2.5,0,24.63,0,0,10,0
2870,ACC-102870,Port Harcourt,2026-06-10T07:06:45.340Z,AG-1013,0,19.8,0,21.01,1,0,17,0
2871,ACC-102871,Lagos,2026-07-24T07:06:45.340Z,AG-1009,1,0,0,3.95,0,3869,17,0
2872,ACC-102872,Kano,2026-06-06T07:06:45.340Z,AG-1002,1,16.6,1,7.51,0,0,14,0
2873,ACC-102873,Kano,2026-06-07T07:06:45.340Z,AG-1015,1,68.6,0,20.42,1,0,8,0
2874,ACC-102874,Kano,2026-07-04T07:06:45.340Z,AG-1021,1,17.4,0,16.63,0,0,13,0
2875,ACC-102875,Ibadan,2026-07-21T07:06:45.342Z,AG-1028,3,35.7,0,9.88,1,0,19,0
2876,ACC-102876,Ibadan,2026-06-20T07:06:45.342Z,AG-1017,3,11,0,12.22,0,0,15,0
2877,ACC-102877,Lagos,2026-07-13T07:06:45.342Z,AG-1032,0,8,0,18.94,0,0,12,0
2878,ACC-102878,Lagos,2026-08-22T07:06:45.342Z,AG-1024,1,5,0,16.87,0,0,16,0
2879,ACC-102879,Kano,2026-07-23T07:06:45.342Z,AG-1000,2,0,1,24.33,1,0,14,0
2880,ACC-102880,Kano,2026-07-18T07:06:45.342Z,AG-1011,3,0,1,18.69,0,0,20,0
2881,ACC-102881,Abuja,2026-06-07T07:06:45.342Z,AG-1011,1,46.8,0,9.89,0,0,13,0
2882,ACC-102882,Kano,2026-06-07T07:06:45.342Z,AG-1025,1,19.2,0,19.4,1,8362,16,0
2883,ACC-102883,Kano,2026-07-30T07:06:45.342Z,AG-1010,0,0,0,18.78,0,0,10,0
2884,ACC-102884,Kano,2026-08-23T07:06:45.342Z,AG-1025,4,0,1,21.04,0,0,8,0
2885,ACC-102885,Lagos,2026-08-02T07:06:45.342Z,AG-1008,0,40.9,1,14.35,0,0,14,0
2886,ACC-102886,Abuja,2026-07-27T07:06:45.342Z,AG-1006,0,46.9,1,11.61,1,0,19,0
2887,ACC-102887,Lagos,2026-08-22T07:06:45.342Z,AG-1017,4,67.1,0,10.17,0,0,10,0
2888,ACC-102888,Port Harcourt,2026-07-29T07:06:45.342Z,AG-1007,1,21.8,0,35.78,2,0,21,0
2889,ACC-102889,Ibadan,2026-07-20T07:06:45.342Z,AG-1024,2,22.7,0,8.94,0,0,20,0
2890,ACC-102890,Kano,2026-08-27T07:06:45.342Z,AG-1009,5,355.3,0,0,8,456437,1,1
2891,ACC-102891,Lagos,2026-08-15T07:06:45.342Z,AG-1014,2,30.2,1,8.27,1,0,19,0
2892,ACC-102892,Port Harcourt,2026-07-25T07:06:45.342Z,AG-1029,0,0,0,0,2,0,18,0
2893,ACC-102893,Kano,2026-07-30T07:06:45.342Z,AG-1034,3,15.3,0,16.15,0,0,21,0
2894,ACC-102894,Kano,2026-06-07T07:06:45.342Z,AG-1004,2,0,0,0.65,0,0,9,0
2895,ACC-102895,Kano,2026-08-02T07:06:45.342Z,AG-1023,0,0,0,0,0,0,18,0
2896,ACC-102896,Lagos,2026-08-04T07:06:45.342Z,AG-1015,2,0,0,4.91,0,0,22,0
2897,ACC-102897,Abuja,2026-07-24T07:06:45.342Z,AG-1013,0,0,0,17.18,2,0,8,0
2898,ACC-102898,Ibadan,2026-07-30T07:06:45.342Z,AG-1032,7,336.9,0,0.63,2,553110,1,1
2899,ACC-102899,Abuja,2026-07-13T07:06:45.342Z,AG-1005,3,12.2,0,0,0,0,12,0
2900,ACC-102900,Kano,2026-06-09T07:06:45.342Z,AG-1038,2,3.6,1,0,0,0,13,0
2901,ACC-102901,Kano,2026-07-04T07:06:45.342Z,AG-1015,1,18,0,0,1,8454,13,0
2902,ACC-102902,Ibadan,2026-08-15T07:06:45.342Z,AG-1013,2,23.2,0,15.58,0,0,7,0
2903,ACC-102903,Kano,2026-08-23T07:06:45.342Z,AG-1020,2,16,0,1.98,0,0,12,0
2904,ACC-102904,Port Harcourt,2026-08-23T07:06:45.342Z,AG-1027,5,255.3,1,0,5,52310,19,1
2905,ACC-102905,Lagos,2026-08-07T07:06:45.342Z,AG-1002,2,32.6,0,24.76,0,0,8,0
2906,ACC-102906,Ibadan,2026-08-29T07:06:45.342Z,AG-1024,4,231.3,1,0.77,5,482973,16,1
2907,ACC-102907,Ibadan,2026-07-26T07:06:45.343Z,AG-1014,9,570.8,1,0.49,1,247319,2,1
2908,ACC-102908,Ibadan,2026-08-27T07:06:45.343Z,AG-1021,2,0,0,25.43,1,0,21,0
2909,ACC-102909,Lagos,2026-07-08T07:06:45.343Z,AG-1027,3,86.3,0,17.97,0,0,11,0
2910,ACC-102910,Port Harcourt,2026-08-29T07:06:45.343Z,AG-1005,2,38.1,0,22.85,2,0,19,0
2911,ACC-102911,Abuja,2026-06-19T07:06:45.343Z,AG-1018,2,58.5,1,11.2,1,0,6,0
2912,ACC-102912,Lagos,2026-09-03T07:06:45.343Z,AG-1004,3,0,0,0,0,0,8,0
2913,ACC-102913,Port Harcourt,2026-06-30T07:06:45.343Z,AG-1021,2,28.5,1,8.88,0,0,20,0
2914,ACC-102914,Kano,2026-08-30T07:06:45.343Z,AG-1004,11,582.9,1,3.51,7,0,15,1
2915,ACC-102915,Port Harcourt,2026-06-11T07:06:45.343Z,AG-1033,3,38.2,0,13.5,0,0,19,0
2916,ACC-102916,Abuja,2026-08-23T07:06:45.343Z,AG-1022,3,61.7,0,21.01,0,0,10,0
2917,ACC-102917,Abuja,2026-08-30T07:06:45.343Z,AG-1010,2,0.1,0,10.33,3,0,15,0
2918,ACC-102918,Kano,2026-06-07T07:06:45.343Z,AG-1011,2,35.9,0,12.01,2,0,11,0
2919,ACC-102919,Abuja,2026-07-21T07:06:45.343Z,AG-1011,3,23.8,0,15.39,1,8261,19,0
2920,ACC-102920,Ibadan,2026-08-25T07:06:45.343Z,AG-1003,3,17.2,0,14.25,3,0,14,0
2921,ACC-102921,Abuja,2026-08-05T07:06:45.343Z,AG-1009,0,21.7,1,0,0,0,18,0
2922,ACC-102922,Ibadan,2026-07-19T07:06:45.343Z,AG-1002,2,34.4,0,0,0,0,12,0
2923,ACC-102923,Lagos,2026-08-17T07:06:45.343Z,AG-1030,0,6.5,0,25.08,0,14889,18,0
2924,ACC-102924,Ibadan,2026-07-11T07:06:45.343Z,AG-1029,4,54.4,0,0,0,0,11,0
2925,ACC-102925,Abuja,2026-07-10T07:06:45.343Z,AG-1029,0,30,0,17.19,0,0,13,0
2926,ACC-102926,Port Harcourt,2026-06-26T07:06:45.343Z,AG-1020,0,54.1,0,15.01,0,0,7,0
2927,ACC-102927,Port Harcourt,2026-07-20T07:06:45.343Z,AG-1005,1,0,0,17.72,1,11060,9,0
2928,ACC-102928,Kano,2026-06-23T07:06:45.343Z,AG-1022,1,23.6,0,13.57,1,2067,16,0
2929,ACC-102929,Port Harcourt,2026-08-20T07:06:45.343Z,AG-1006,0,30,1,10.73,1,0,19,0
2930,ACC-102930,Lagos,2026-07-28T07:06:45.343Z,AG-1037,0,29.5,0,22.02,0,6150,15,0
2931,ACC-102931,Port Harcourt,2026-06-29T07:06:45.343Z,AG-1007,0,58.5,0,11.6,1,0,22,0
2932,ACC-102932,Ibadan,2026-09-03T07:06:45.343Z,AG-1018,5,0.6,0,1.87,4,0,12,0
2933,ACC-102933,Abuja,2026-07-11T07:06:45.343Z,AG-1006,4,0,0,31.53,1,0,20,0
2934,ACC-102934,Kano,2026-07-11T07:06:45.343Z,AG-1003,1,64.1,0,26.62,0,2628,19,0
2935,ACC-102935,Kano,2026-08-25T07:06:45.343Z,AG-1003,2,38.8,1,32.22,2,0,13,0
2936,ACC-102936,Kano,2026-07-23T07:06:45.343Z,AG-1011,1,26.1,1,12.45,1,0,21,0
2937,ACC-102937,Lagos,2026-08-08T07:06:45.343Z,AG-1000,0,18.3,0,29.17,2,27053,8,0
2938,ACC-102938,Port Harcourt,2026-07-26T07:06:45.343Z,AG-1005,0,9,0,12.12,0,0,15,0
2939,ACC-102939,Ibadan,2026-07-01T07:06:45.343Z,AG-1039,0,4.1,0,22.49,0,0,10,0
2940,ACC-102940,Port Harcourt,2026-07-04T07:06:45.343Z,AG-1001,0,7.5,1,9.05,0,0,8,0
2941,ACC-102941,Ibadan,2026-09-03T07:06:45.343Z,AG-1029,1,0,0,4.94,1,8524,13,0
2942,ACC-102942,Abuja,2026-06-30T07:06:45.343Z,AG-1032,3,2.5,1,11.07,2,0,20,0
2943,ACC-102943,Abuja,2026-07-22T07:06:45.343Z,AG-1004,2,41,0,2.3,0,0,21,0
2944,ACC-102944,Abuja,2026-08-05T07:06:45.343Z,AG-1021,3,261.6,1,0.8,8,482483,20,1
2945,ACC-102945,Abuja,2026-08-23T07:06:45.343Z,AG-1039,1,16.4,0,10.56,0,0,10,0
2946,ACC-102946,Ibadan,2026-06-24T07:06:45.343Z,AG-1007,0,0.7,0,0.98,2,628,22,0
2947,ACC-102947,Abuja,2026-07-31T07:06:45.343Z,AG-1020,4,15.9,1,21.74,0,0,20,0
2948,ACC-102948,Port Harcourt,2026-07-03T07:06:45.343Z,AG-1026,2,11.8,0,20.27,1,0,21,0
2949,ACC-102949,Abuja,2026-08-13T07:06:45.343Z,AG-1035,3,138.3,1,0.63,6,172701,1,1
2950,ACC-102950,Kano,2026-06-21T07:06:45.343Z,AG-1014,0,0,0,0.33,3,789931,22,1
2951,ACC-102951,Port Harcourt,2026-07-12T07:06:45.343Z,AG-1011,0,0,1,12.78,0,0,15,0
2952,ACC-102952,Abuja,2026-07-07T07:06:45.343Z,AG-1022,3,13.8,0,9.95,0,0,19,0
2953,ACC-102953,Kano,2026-08-30T07:06:45.343Z,AG-1039,2,2.5,1,0,2,0,6,0
2954,ACC-102954,Abuja,2026-07-16T07:06:45.343Z,AG-1036,1,23.6,0,19.91,0,0,14,0
2955,ACC-102955,Ibadan,2026-07-01T07:06:45.343Z,AG-1027,1,14.1,0,32.43,2,0,18,0
2956,ACC-102956,Abuja,2026-06-26T07:06:45.343Z,AG-1020,1,50.6,0,8.65,1,0,8,0
2957,ACC-102957,Ibadan,2026-07-04T07:06:45.343Z,AG-1004,1,0,0,19.28,0,0,9,0
2958,ACC-102958,Abuja,2026-06-12T07:06:45.343Z,AG-1011,3,85,0,2.41,7,282940,3,1
2959,ACC-102959,Ibadan,2026-08-17T07:06:45.343Z,AG-1009,0,0,0,28.08,3,0,11,0
2960,ACC-102960,Port Harcourt,2026-09-02T07:06:45.343Z,AG-1006,2,28.9,1,0.65,2,0,20,0
2961,ACC-102961,Lagos,2026-08-16T07:06:45.343Z,AG-1005,0,25.5,1,6.64,0,7146,19,0
2962,ACC-102962,Port Harcourt,2026-08-09T07:06:45.343Z,AG-1036,1,0,1,19.31,0,0,8,0
2963,ACC-102963,Ibadan,2026-06-17T07:06:45.343Z,AG-1010,1,45.1,1,3.25,0,0,14,0
2964,ACC-102964,Ibadan,2026-08-01T07:06:45.343Z,AG-1014,1,31.6,0,14.53,2,0,17,0
2965,ACC-102965,Kano,2026-06-17T07:06:45.343Z,AG-1029,1,3.3,0,15.16,1,0,6,0
2966,ACC-102966,Kano,2026-07-03T07:06:45.343Z,AG-1038,3,0,0,31.59,0,0,13,0
2967,ACC-102967,Port Harcourt,2026-06-09T07:06:45.343Z,AG-1038,0,71.4,1,8.09,0,0,16,0
2968,ACC-102968,Port Harcourt,2026-08-20T07:06:45.343Z,AG-1025,4,27.1,0,16.78,2,0,7,0
2969,ACC-102969,Kano,2026-07-17T07:06:45.343Z,AG-1027,3,10,0,6.1,1,0,14,0
2970,ACC-102970,Port Harcourt,2026-07-17T07:06:45.343Z,AG-1021,4,151.1,1,0.2,7,351205,2,1
2971,ACC-102971,Kano,2026-07-17T07:06:45.343Z,AG-1031,0,46.1,0,11.68,1,0,7,0
2972,ACC-102972,Lagos,2026-08-28T07:06:45.343Z,AG-1008,0,29.9,0,12.42,0,7287,12,0
2973,ACC-102973,Port Harcourt,2026-07-07T07:06:45.343Z,AG-1005,1,29,0,6.38,0,0,8,0
2974,ACC-102974,Port Harcourt,2026-09-01T07:06:45.343Z,AG-1012,0,41.7,0,0.63,1,0,20,0
2975,ACC-102975,Ibadan,2026-08-21T07:06:45.343Z,AG-1014,1,65,0,22.51,2,22628,11,0
2976,ACC-102976,Port Harcourt,2026-06-19T07:06:45.343Z,AG-1031,2,17.2,1,17.01,2,0,8,0
2977,ACC-102977,Kano,2026-09-02T07:06:45.343Z,AG-1027,1,13.5,1,9.65,0,0,10,0
2978,ACC-102978,Port Harcourt,2026-07-08T07:06:45.343Z,AG-1026,2,37.2,1,22.77,1,0,13,0
2979,ACC-102979,Kano,2026-08-05T07:06:45.343Z,AG-1038,2,0,1,6.75,0,13659,13,0
2980,ACC-102980,Port Harcourt,2026-06-13T07:06:45.343Z,AG-1011,2,0,0,10.94,0,0,17,0
2981,ACC-102981,Lagos,2026-08-20T07:06:45.343Z,AG-1010,3,0,1,4.86,0,0,15,0
2982,ACC-102982,Abuja,2026-06-13T07:06:45.343Z,AG-1003,2,16.2,1,28.78,1,0,18,0
2983,ACC-102983,Kano,2026-06-23T07:06:45.343Z,AG-1022,2,26.1,0,16.84,0,0,13,0
2984,ACC-102984,Abuja,2026-08-25T07:06:45.343Z,AG-1032,2,22.1,0,28.51,1,0,6,0
2985,ACC-102985,Abuja,2026-07-22T07:06:45.343Z,AG-1030,0,0,0,19.4,0,0,17,0
2986,ACC-102986,Kano,2026-07-29T07:06:45.343Z,AG-1035,2,0,0,1.42,0,0,22,0
2987,ACC-102987,Ibadan,2026-07-25T07:06:45.343Z,AG-1038,4,33.1,0,15.3,0,20497,9,0
2988,ACC-102988,Port Harcourt,2026-08-19T07:06:45.343Z,AG-1015,3,36.7,0,0,1,0,18,0
2989,ACC-102989,Abuja,2026-06-12T07:06:45.343Z,AG-1017,0,50.1,0,4.04,0,4944,9,0
2990,ACC-102990,Lagos,2026-07-16T07:06:45.343Z,AG-1036,3,33.2,0,13.29,2,24104,18,0
2991,ACC-102991,Abuja,2026-06-17T07:06:45.343Z,AG-1004,6,71,0,19.99,0,0,6,0
2992,ACC-102992,Abuja,2026-08-12T07:06:45.343Z,AG-1028,1,0,0,0.27,1,6133,11,0
2993,ACC-102993,Kano,2026-08-20T07:06:45.343Z,AG-1022,0,0,1,7.32,0,0,10,0
2994,ACC-102994,Kano,2026-07-14T07:06:45.343Z,AG-1018,2,1.9,0,16.88,1,0,13,0
2995,ACC-102995,Abuja,2026-07-11T07:06:45.343Z,AG-1028,0,393.8,0,1.56,3,261910,3,1
2996,ACC-102996,Abuja,2026-07-21T07:06:45.343Z,AG-1014,3,0,0,19.77,1,0,13,0
2997,ACC-102997,Lagos,2026-06-24T07:06:45.343Z,AG-1028,1,0.8,0,14.64,0,19926,16,0
2998,ACC-102998,Ibadan,2026-06-21T07:06:45.343Z,AG-1038,0,42.3,1,40.35,0,0,21,0
2999,ACC-102999,Ibadan,2026-06-26T07:06:45.343Z,AG-1002,1,24.7,0,15.78,0,0,16,0
3000,ACC-103000,Port Harcourt,2026-07-28T07:06:45.343Z,AG-1030,3,22.6,1,16.01,0,0,9,0
3001,ACC-103001,Lagos,2026-06-26T07:06:45.343Z,AG-1022,0,0,0,0,0,0,6,0
3002,ACC-103002,Port Harcourt,2026-08-04T07:06:45.343Z,AG-1024,3,19.5,1,18.83,1,0,7,0
3003,ACC-103003,Abuja,2026-09-01T07:06:45.343Z,AG-1018,1,38.5,1,16.93,0,0,12,0
3004,ACC-103004,Kano,2026-07-12T07:06:45.343Z,AG-1024,1,29,0,16.9,2,16473,9,0
3005,ACC-103005,Ibadan,2026-07-24T07:06:45.343Z,AG-1022,1,0,0,24.53,1,0,8,0
3006,ACC-103006,Abuja,2026-08-16T07:06:45.343Z,AG-1019,0,0,0,22.55,1,14263,8,0
3007,ACC-103007,Ibadan,2026-07-06T07:06:45.343Z,AG-1014,2,40.8,0,6.47,0,0,22,0
3008,ACC-103008,Ibadan,2026-08-04T07:06:45.343Z,AG-1024,1,32.7,0,20.74,0,0,10,0
3009,ACC-103009,Ibadan,2026-07-12T07:06:45.343Z,AG-1019,4,7,0,12.99,0,0,16,0
3010,ACC-103010,Lagos,2026-08-26T07:06:45.343Z,AG-1028,1,3.8,0,15.09,1,13194,14,0
3011,ACC-103011,Kano,2026-07-02T07:06:45.345Z,AG-1000,3,29.4,0,31.28,0,0,20,0
3012,ACC-103012,Kano,2026-06-19T07:06:45.345Z,AG-1002,2,23.4,0,37,0,0,16,0
3013,ACC-103013,Abuja,2026-08-07T07:06:45.345Z,AG-1004,2,59.1,1,9.4,0,0,7,0
3014,ACC-103014,Kano,2026-08-02T07:06:45.345Z,AG-1011,3,13.4,0,8.15,0,0,15,0
3015,ACC-103015,Lagos,2026-06-07T07:06:45.345Z,AG-1008,0,38.7,0,0,2,0,9,0
3016,ACC-103016,Abuja,2026-08-29T07:06:45.345Z,AG-1036,2,50,0,4.72,0,0,9,0
3017,ACC-103017,Lagos,2026-08-18T07:06:45.345Z,AG-1030,0,29.8,1,19.14,0,0,7,0
3018,ACC-103018,Lagos,2026-07-14T07:06:45.345Z,AG-1024,2,65.4,1,3.14,2,0,11,0
3019,ACC-103019,Port Harcourt,2026-07-23T07:06:45.345Z,AG-1022,1,5.8,0,7.3,2,0,10,0
3020,ACC-103020,Lagos,2026-08-18T07:06:45.345Z,AG-1021,5,313.9,1,2.48,4,164818,5,1
3021,ACC-103021,Lagos,2026-07-03T07:06:45.345Z,AG-1027,0,23.2,0,17.07,1,0,11,0
3022,ACC-103022,Abuja,2026-07-23T07:06:45.345Z,AG-1016,2,21.7,0,12.38,1,0,18,0
3023,ACC-103023,Abuja,2026-08-06T07:06:45.345Z,AG-1010,5,42,1,6.2,2,0,19,0
3024,ACC-103024,Kano,2026-09-01T07:06:45.345Z,AG-1015,0,235.3,1,0.62,1,0,22,1
3025,ACC-103025,Port Harcourt,2026-07-25T07:06:45.345Z,AG-1024,1,21.9,0,21.7,1,0,17,0
3026,ACC-103026,Lagos,2026-08-06T07:06:45.345Z,AG-1019,2,14.5,1,38.97,1,0,9,0
3027,ACC-103027,Lagos,2026-08-05T07:06:45.345Z,AG-1026,0,166,1,2.1,4,745382,1,1
3028,ACC-103028,Abuja,2026-07-01T07:06:45.345Z,AG-1037,3,64.8,0,30.68,1,0,10,0
3029,ACC-103029,Kano,2026-06-08T07:06:45.345Z,AG-1010,3,52.4,0,36.72,1,0,16,0
3030,ACC-103030,Abuja,2026-08-19T07:06:45.345Z,AG-1022,4,651.5,1,2.32,4,306015,4,1
3031,ACC-103031,Ibadan,2026-08-23T07:06:45.345Z,AG-1000,2,0,0,6.72,2,0,14,0
3032,ACC-103032,Lagos,2026-07-08T07:06:45.345Z,AG-1006,3,1.3,1,20.46,0,5036,19,0
3033,ACC-103033,Port Harcourt,2026-07-14T07:06:45.345Z,AG-1015,3,29.8,0,21.59,1,0,20,0
3034,ACC-103034,Lagos,2026-07-08T07:06:45.345Z,AG-1024,1,0,0,28.82,1,0,8,0
3035,ACC-103035,Abuja,2026-07-27T07:06:45.345Z,AG-1032,1,21.8,0,3.67,1,0,15,0
3036,ACC-103036,Lagos,2026-06-24T07:06:45.345Z,AG-1021,1,4.4,1,4.76,1,2747,19,0
3037,ACC-103037,Ibadan,2026-07-11T07:06:45.345Z,AG-1008,2,18.4,0,5.68,1,0,8,0
3038,ACC-103038,Port Harcourt,2026-08-22T07:06:45.345Z,AG-1027,0,1.2,0,14.59,0,0,8,0
3039,ACC-103039,Lagos,2026-08-04T07:06:45.345Z,AG-1000,1,57.8,0,0,2,12281,8,0
3040,ACC-103040,Abuja,2026-06-08T07:06:45.345Z,AG-1006,2,0,0,12.92,0,0,15,0
3041,ACC-103041,Kano,2026-07-27T07:06:45.345Z,AG-1023,3,67.9,0,0,0,4500,14,0
3042,ACC-103042,Ibadan,2026-06-16T07:06:45.345Z,AG-1018,2,15.6,0,7.78,0,0,16,0
3043,ACC-103043,Abuja,2026-08-17T07:06:45.345Z,AG-1000,2,0,0,21.19,0,6064,22,0
3044,ACC-103044,Ibadan,2026-09-03T07:06:45.345Z,AG-1021,2,0.6,0,25.71,0,0,18,0
3045,ACC-103045,Lagos,2026-09-01T07:06:45.345Z,AG-1014,1,19.8,0,0.8,1,0,19,0
3046,ACC-103046,Kano,2026-07-07T07:06:45.345Z,AG-1011,3,315.5,1,2.01,5,516750,21,1
3047,ACC-103047,Kano,2026-07-31T07:06:45.345Z,AG-1011,0,7.6,0,3.07,1,0,15,0
3048,ACC-103048,Kano,2026-07-05T07:06:45.345Z,AG-1026,0,37.9,0,20.76,0,0,8,0
3049,ACC-103049,Ibadan,2026-07-24T07:06:45.345Z,AG-1013,0,10.1,1,21.57,1,0,9,0
3050,ACC-103050,Lagos,2026-08-09T07:06:45.345Z,AG-1011,1,13.5,1,8.7,0,0,18,0
3051,ACC-103051,Kano,2026-07-20T07:06:45.345Z,AG-1027,3,0,1,17.48,0,0,21,0
3052,ACC-103052,Kano,2026-06-26T07:06:45.345Z,AG-1028,3,33.6,0,4.68,0,0,19,0
3053,ACC-103053,Port Harcourt,2026-07-02T07:06:45.345Z,AG-1026,2,4.6,0,12.26,0,0,13,0
3054,ACC-103054,Abuja,2026-08-18T07:06:45.345Z,AG-1027,1,29.8,0,0,0,0,22,0
3055,ACC-103055,Abuja,2026-06-12T07:06:45.345Z,AG-1007,2,7.3,1,17.32,0,0,7,0
3056,ACC-103056,Abuja,2026-09-01T07:06:45.345Z,AG-1002,0,18.6,0,20.42,0,0,8,0
3057,ACC-103057,Port Harcourt,2026-06-17T07:06:45.345Z,AG-1037,2,0,0,25.97,2,0,20,0
3058,ACC-103058,Ibadan,2026-06-25T07:06:45.345Z,AG-1001,2,16.7,0,0,0,0,11,0
3059,ACC-103059,Port Harcourt,2026-08-30T07:06:45.345Z,AG-1003,2,32.3,0,19.01,0,0,19,0
3060,ACC-103060,Ibadan,2026-07-21T07:06:45.345Z,AG-1012,2,19.6,0,19.66,1,0,12,0
3061,ACC-103061,Port Harcourt,2026-07-04T07:06:45.345Z,AG-1038,1,0,1,11.19,0,24717,7,0
3062,ACC-103062,Ibadan,2026-07-26T07:06:45.345Z,AG-1034,1,0,0,9.54,1,23382,6,0
3063,ACC-103063,Ibadan,2026-07-19T07:06:45.345Z,AG-1029,3,0,0,19.88,0,0,13,0
3064,ACC-103064,Lagos,2026-07-26T07:06:45.345Z,AG-1006,0,26.1,0,9.19,0,9986,14,0
3065,ACC-103065,Kano,2026-06-19T07:06:45.345Z,AG-1029,0,22,0,0,0,0,20,0
3066,ACC-103066,Ibadan,2026-08-04T07:06:45.345Z,AG-1016,0,0,0,20.07,0,0,18,0
3067,ACC-103067,Kano,2026-08-28T07:06:45.345Z,AG-1031,1,0.6,0,7.61,0,0,16,0
3068,ACC-103068,Ibadan,2026-08-27T07:06:45.345Z,AG-1039,2,21.8,0,21.92,2,9113,8,0
3069,ACC-103069,Kano,2026-08-03T07:06:45.345Z,AG-1014,4,6.8,1,0,2,0,22,0
3070,ACC-103070,Port Harcourt,2026-07-03T07:06:45.345Z,AG-1010,3,44.4,0,27.59,0,0,7,0
3071,ACC-103071,Ibadan,2026-06-11T07:06:45.345Z,AG-1035,2,42.9,0,7.49,0,0,17,0
3072,ACC-103072,Abuja,2026-07-07T07:06:45.345Z,AG-1011,0,24.8,0,52.31,0,0,18,0
3073,ACC-103073,Lagos,2026-08-16T07:06:45.345Z,AG-1027,3,9.7,0,12.71,0,0,13,0
3074,ACC-103074,Lagos,2026-06-09T07:06:45.345Z,AG-1013,3,45.5,0,10.13,1,0,16,0
3075,ACC-103075,Lagos,2026-08-31T07:06:45.345Z,AG-1025,2,29.6,1,28.08,1,0,12,0
3076,ACC-103076,Kano,2026-06-19T07:06:45.345Z,AG-1005,3,0,1,18.73,0,0,20,0
3077,ACC-103077,Abuja,2026-07-03T07:06:45.345Z,AG-1007,2,36.3,0,20.53,0,0,12,0
3078,ACC-103078,Kano,2026-08-15T07:06:45.345Z,AG-1011,2,21.1,0,8.7,0,0,20,0
3079,ACC-103079,Lagos,2026-08-21T07:06:45.345Z,AG-1033,1,0,0,14.48,1,0,22,0
3080,ACC-103080,Lagos,2026-06-15T07:06:45.345Z,AG-1004,1,21.9,0,9.76,0,19158,16,0
3081,ACC-103081,Kano,2026-07-01T07:06:45.345Z,AG-1036,0,3.3,0,16.11,0,0,21,0
3082,ACC-103082,Abuja,2026-08-22T07:06:45.345Z,AG-1023,0,56.3,0,19.97,0,0,16,0
3083,ACC-103083,Kano,2026-07-06T07:06:45.345Z,AG-1019,0,0,0,13.31,1,0,21,0
3084,ACC-103084,Port Harcourt,2026-07-04T07:06:45.345Z,AG-1025,0,47.5,0,28.16,1,0,8,0
3085,ACC-103085,Lagos,2026-08-05T07:06:45.345Z,AG-1023,2,36.2,1,14.44,0,0,8,0
3086,ACC-103086,Abuja,2026-08-20T07:06:45.345Z,AG-1025,0,7.9,0,22.86,2,0,21,0
3087,ACC-103087,Abuja,2026-08-02T07:06:45.345Z,AG-1023,0,31.8,0,12.48,1,0,17,0
3088,ACC-103088,Lagos,2026-08-10T07:06:45.345Z,AG-1004,0,7.8,0,0,0,19831,20,0
3089,ACC-103089,Ibadan,2026-08-17T07:06:45.345Z,AG-1028,0,0,0,0,2,0,9,0
3090,ACC-103090,Port Harcourt,2026-06-19T07:06:45.345Z,AG-1024,0,0,0,12.43,1,0,13,0
3091,ACC-103091,Port Harcourt,2026-06-25T07:06:45.345Z,AG-1038,0,19.5,0,3.87,1,0,19,0
3092,ACC-103092,Abuja,2026-08-15T07:06:45.345Z,AG-1033,0,5.6,0,0,0,0,7,0
3093,ACC-103093,Abuja,2026-07-05T07:06:45.345Z,AG-1037,1,33.8,1,14.45,0,0,8,0
3094,ACC-103094,Abuja,2026-07-30T07:06:45.345Z,AG-1003,2,5.8,0,1.48,0,0,16,0
3095,ACC-103095,Lagos,2026-07-11T07:06:45.345Z,AG-1028,0,0,0,0,0,0,19,0
3096,ACC-103096,Abuja,2026-06-20T07:06:45.345Z,AG-1035,3,17.2,0,16.12,0,0,19,0
3097,ACC-103097,Abuja,2026-08-11T07:06:45.345Z,AG-1033,5,15.4,0,11.63,0,0,10,0
3098,ACC-103098,Lagos,2026-07-23T07:06:45.345Z,AG-1031,2,0,0,8.26,0,0,7,0
3099,ACC-103099,Ibadan,2026-06-27T07:06:45.345Z,AG-1032,0,12.3,0,17.5,0,0,10,0
3100,ACC-103100,Port Harcourt,2026-06-19T07:06:45.345Z,AG-1036,0,0,0,5.04,2,0,12,0
3101,ACC-103101,Abuja,2026-06-30T07:06:45.345Z,AG-1026,3,48.7,0,16.2,0,0,18,0
3102,ACC-103102,Ibadan,2026-08-30T07:06:45.345Z,AG-1002,2,0,0,25.67,3,0,11,0
3103,ACC-103103,Kano,2026-07-07T07:06:45.345Z,AG-1006,1,49.8,0,0.86,0,0,20,0
3104,ACC-103104,Abuja,2026-07-17T07:06:45.345Z,AG-1007,0,15.8,0,2.99,1,0,15,0
3105,ACC-103105,Kano,2026-06-30T07:06:45.345Z,AG-1001,1,31.1,0,10.47,1,21635,17,0
3106,ACC-103106,Lagos,2026-07-16T07:06:45.345Z,AG-1036,1,0,0,0,0,0,20,0
3107,ACC-103107,Port Harcourt,2026-07-16T07:06:45.345Z,AG-1017,2,16.1,0,28.51,1,0,18,0
3108,ACC-103108,Lagos,2026-08-22T07:06:45.345Z,AG-1010,0,11.3,0,1.97,1,0,22,0
3109,ACC-103109,Port Harcourt,2026-07-11T07:06:45.345Z,AG-1003,2,43.2,0,9.4,2,0,12,0
3110,ACC-103110,Port Harcourt,2026-06-25T07:06:45.345Z,AG-1033,0,0,1,30.31,0,0,16,0
3111,ACC-103111,Abuja,2026-06-13T07:06:45.345Z,AG-1036,4,2,0,17.06,1,0,6,0
3112,ACC-103112,Ibadan,2026-07-23T07:06:45.345Z,AG-1025,2,3,0,13.61,0,11878,11,0
3113,ACC-103113,Kano,2026-07-18T07:06:45.345Z,AG-1038,0,30.3,0,24.08,0,0,9,0
3114,ACC-103114,Kano,2026-06-18T07:06:45.346Z,AG-1014,5,8.6,0,22.25,0,0,8,0
3115,ACC-103115,Lagos,2026-08-29T07:06:45.346Z,AG-1013,0,0.1,0,3.26,1,0,15,0
3116,ACC-103116,Lagos,2026-08-05T07:06:45.346Z,AG-1039,2,3.5,0,15.74,0,0,16,0
3117,ACC-103117,Port Harcourt,2026-07-19T07:06:45.346Z,AG-1024,3,23.6,0,3.42,0,0,13,0
3118,ACC-103118,Abuja,2026-08-29T07:06:45.346Z,AG-1020,3,21.1,0,18.66,0,0,7,0
3119,ACC-103119,Ibadan,2026-07-12T07:06:45.346Z,AG-1016,3,202.2,1,2.01,3,0,4,1
3120,ACC-103120,Lagos,2026-06-12T07:06:45.346Z,AG-1009,2,42.2,1,2.59,1,0,10,0
3121,ACC-103121,Abuja,2026-08-31T07:06:45.346Z,AG-1023,3,0,0,18.89,1,0,13,0
3122,ACC-103122,Abuja,2026-06-12T07:06:45.346Z,AG-1030,5,16.3,1,25.18,0,0,13,0
3123,ACC-103123,Port Harcourt,2026-07-26T07:06:45.346Z,AG-1011,2,38.4,0,0,0,0,14,0
3124,ACC-103124,Abuja,2026-07-03T07:06:45.346Z,AG-1014,1,0,0,9.47,0,0,20,0
3125,ACC-103125,Kano,2026-08-20T07:06:45.346Z,AG-1022,2,9.4,0,20.47,1,0,18,0
3126,ACC-103126,Kano,2026-06-30T07:06:45.346Z,AG-1017,0,18.5,0,19.21,0,7642,9,0
3127,ACC-103127,Ibadan,2026-06-27T07:06:45.346Z,AG-1011,0,0,0,11.89,0,0,19,0
3128,ACC-103128,Port Harcourt,2026-07-01T07:06:45.346Z,AG-1010,1,12.9,0,19.87,1,14188,21,0
3129,ACC-103129,Lagos,2026-06-09T07:06:45.346Z,AG-1014,1,25.7,0,13.18,0,0,8,0
3130,ACC-103130,Port Harcourt,2026-07-13T07:06:45.346Z,AG-1008,3,54.4,0,21.39,2,0,14,0
3131,ACC-103131,Ibadan,2026-07-07T07:06:45.346Z,AG-1036,1,0,1,2.79,0,0,6,0
3132,ACC-103132,Ibadan,2026-08-04T07:06:45.346Z,AG-1009,1,32.2,1,19.82,0,0,17,0
3133,ACC-103133,Ibadan,2026-07-05T07:06:45.346Z,AG-1029,1,32.5,0,20.36,1,0,14,0
3134,ACC-103134,Port Harcourt,2026-07-15T07:06:45.346Z,AG-1033,0,0,0,19.36,0,27719,6,0
3135,ACC-103135,Port Harcourt,2026-07-30T07:06:45.346Z,AG-1020,1,2.7,0,18.63,0,0,16,0
3136,ACC-103136,Port Harcourt,2026-07-12T07:06:45.346Z,AG-1034,2,6.8,0,7.73,1,0,16,0
3137,ACC-103137,Ibadan,2026-06-21T07:06:45.346Z,AG-1028,0,80.3,0,8.74,0,0,12,0
3138,ACC-103138,Ibadan,2026-06-15T07:06:45.346Z,AG-1036,1,14.3,0,5.57,0,0,18,0
3139,ACC-103139,Kano,2026-06-24T07:06:45.346Z,AG-1034,2,0,0,12.99,1,0,21,0
3140,ACC-103140,Ibadan,2026-06-22T07:06:45.346Z,AG-1025,2,16.5,1,10.1,1,0,8,0
3141,ACC-103141,Port Harcourt,2026-07-13T07:06:45.346Z,AG-1020,0,1.3,1,11.04,1,0,19,0
3142,ACC-103142,Lagos,2026-08-12T07:06:45.346Z,AG-1028,3,42,0,23.36,0,0,21,0
3143,ACC-103143,Lagos,2026-09-01T07:06:45.346Z,AG-1028,2,29.9,1,17.86,0,0,22,0
3144,ACC-103144,Abuja,2026-06-10T07:06:45.346Z,AG-1032,2,51.4,0,32.58,1,0,6,0
3145,ACC-103145,Abuja,2026-08-26T07:06:45.346Z,AG-1028,1,19.1,0,23.8,0,0,17,0
3146,ACC-103146,Kano,2026-07-03T07:06:45.346Z,AG-1034,1,34.4,1,9.89,0,0,6,0
3147,ACC-103147,Port Harcourt,2026-08-26T07:06:45.346Z,AG-1010,4,8.6,0,9.71,0,0,9,0
3148,ACC-103148,Abuja,2026-07-20T07:06:45.346Z,AG-1015,0,12.5,0,6.01,1,0,22,0
3149,ACC-103149,Abuja,2026-08-03T07:06:45.346Z,AG-1018,2,217.8,1,0.42,5,266115,4,1
3150,ACC-103150,Ibadan,2026-07-12T07:06:45.346Z,AG-1014,3,11.8,0,18.83,2,0,22,0
3151,ACC-103151,Port Harcourt,2026-06-19T07:06:45.346Z,AG-1000,0,0.1,1,4.77,0,0,12,0
3152,ACC-103152,Ibadan,2026-07-01T07:06:45.346Z,AG-1035,0,0,0,20.51,2,12834,22,0
3153,ACC-103153,Ibadan,2026-08-02T07:06:45.346Z,AG-1029,0,2.6,0,13.01,1,0,18,0
3154,ACC-103154,Port Harcourt,2026-06-16T07:06:45.346Z,AG-1020,2,76.5,1,28.96,0,18973,21,0
3155,ACC-103155,Abuja,2026-07-31T07:06:45.346Z,AG-1022,1,0,0,13.6,0,0,20,0
3156,ACC-103156,Lagos,2026-06-18T07:06:45.346Z,AG-1013,3,45.7,0,0.09,5,344056,1,1
3157,ACC-103157,Lagos,2026-08-09T07:06:45.346Z,AG-1016,5,284.9,1,0,4,384205,1,1
3158,ACC-103158,Kano,2026-09-01T07:06:45.346Z,AG-1026,4,3.2,1,4.58,1,0,20,0
3159,ACC-103159,Lagos,2026-08-12T07:06:45.346Z,AG-1008,0,0.6,0,0.69,1,0,15,0
3160,ACC-103160,Kano,2026-06-06T07:06:45.346Z,AG-1031,0,0.6,0,20.79,1,9365,14,0
3161,ACC-103161,Abuja,2026-06-16T07:06:45.346Z,AG-1018,0,7.2,1,12.77,0,0,9,0
3162,ACC-103162,Kano,2026-08-19T07:06:45.346Z,AG-1004,5,0,1,16.26,0,0,21,0
3163,ACC-103163,Kano,2026-08-27T07:06:45.346Z,AG-1019,4,34.6,0,0,1,0,17,0
3164,ACC-103164,Abuja,2026-08-21T07:06:45.346Z,AG-1032,2,16,0,0,0,9880,19,0
3165,ACC-103165,Port Harcourt,2026-07-28T07:06:45.346Z,AG-1019,2,32.1,0,2.61,1,0,20,0
3166,ACC-103166,Lagos,2026-08-17T07:06:45.346Z,AG-1034,0,23,1,0,0,0,22,0
3167,ACC-103167,Ibadan,2026-08-09T07:06:45.346Z,AG-1004,1,36.9,0,28.74,1,0,12,0
3168,ACC-103168,Abuja,2026-06-19T07:06:45.346Z,AG-1000,11,355.7,1,1.95,6,125346,23,1
3169,ACC-103169,Lagos,2026-06-16T07:06:45.346Z,AG-1019,1,0,1,10.9,1,0,19,0
3170,ACC-103170,Ibadan,2026-08-21T07:06:45.346Z,AG-1025,1,0,0,18.85,1,0,11,0
3171,ACC-103171,Lagos,2026-07-22T07:06:45.346Z,AG-1001,4,45.9,0,16.17,0,0,22,0
3172,ACC-103172,Kano,2026-08-25T07:06:45.346Z,AG-1039,1,15.6,0,20.13,2,0,13,0
3173,ACC-103173,Port Harcourt,2026-08-20T07:06:45.346Z,AG-1006,0,0,0,0,1,0,20,0
3174,ACC-103174,Port Harcourt,2026-07-08T07:06:45.346Z,AG-1025,4,62.8,0,15.33,0,15684,18,0
3175,ACC-103175,Kano,2026-08-10T07:06:45.346Z,AG-1032,2,0,0,17.06,1,0,13,0
3176,ACC-103176,Ibadan,2026-07-17T07:06:45.346Z,AG-1036,0,12.5,0,1.07,1,0,14,0
3177,ACC-103177,Port Harcourt,2026-06-30T07:06:45.346Z,AG-1012,2,57.1,0,21.44,0,0,15,0
3178,ACC-103178,Port Harcourt,2026-09-02T07:06:45.346Z,AG-1038,4,42.9,0,19.01,4,0,21,0
3179,ACC-103179,Ibadan,2026-07-17T07:06:45.346Z,AG-1033,2,0,1,31.96,0,0,22,0
3180,ACC-103180,Port Harcourt,2026-07-21T07:06:45.346Z,AG-1000,0,0,0,23.56,1,0,10,0
3181,ACC-103181,Abuja,2026-09-01T07:06:45.346Z,AG-1015,3,24.9,0,0,1,0,7,0
3182,ACC-103182,Abuja,2026-06-12T07:06:45.346Z,AG-1024,1,7.6,0,15.93,1,0,9,0
3183,ACC-103183,Ibadan,2026-09-04T07:06:45.346Z,AG-1006,2,0,1,19.43,1,12087,6,0
3184,ACC-103184,Port Harcourt,2026-07-07T07:06:45.346Z,AG-1016,1,38.2,0,11.9,0,0,10,0
3185,ACC-103185,Lagos,2026-08-23T07:06:45.346Z,AG-1011,0,0,1,8.01,0,0,18,0
3186,ACC-103186,Port Harcourt,2026-08-03T07:06:45.346Z,AG-1009,2,56.3,0,22.79,0,0,18,0
3187,ACC-103187,Ibadan,2026-07-29T07:06:45.346Z,AG-1019,2,20.9,1,17.45,0,0,15,0
3188,ACC-103188,Port Harcourt,2026-07-16T07:06:45.346Z,AG-1017,0,14.1,0,17.18,2,0,9,0
3189,ACC-103189,Kano,2026-07-02T07:06:45.346Z,AG-1008,2,5.4,0,11.64,2,0,7,0
3190,ACC-103190,Ibadan,2026-07-02T07:06:45.346Z,AG-1002,2,0,0,6.37,1,0,13,0
3191,ACC-103191,Port Harcourt,2026-07-12T07:06:45.346Z,AG-1013,2,5.2,0,13.87,0,20853,16,0
3192,ACC-103192,Kano,2026-06-26T07:06:45.346Z,AG-1026,3,34.4,0,0,0,0,17,0
3193,ACC-103193,Port Harcourt,2026-08-17T07:06:45.346Z,AG-1016,1,0,1,15.43,1,0,17,0
3194,ACC-103194,Kano,2026-06-22T07:06:45.346Z,AG-1026,0,9.8,0,18.85,2,0,15,0
3195,ACC-103195,Ibadan,2026-08-28T07:06:45.346Z,AG-1008,0,90.5,0,23.3,0,21303,22,0
3196,ACC-103196,Port Harcourt,2026-06-09T07:06:45.346Z,AG-1028,2,55.5,1,20.57,0,0,14,0
3197,ACC-103197,Lagos,2026-07-20T07:06:45.346Z,AG-1012,2,1.8,0,0,0,0,16,0
3198,ACC-103198,Abuja,2026-07-16T07:06:45.346Z,AG-1038,1,2.9,0,10.6,0,0,20,0
3199,ACC-103199,Abuja,2026-07-03T07:06:45.346Z,AG-1026,2,16.7,1,4.72,1,0,20,0
3200,ACC-103200,Port Harcourt,2026-08-31T07:06:45.346Z,AG-1016,5,39.3,1,14.61,1,9491,16,0
3201,ACC-103201,Port Harcourt,2026-08-23T07:06:45.346Z,AG-1008,0,37.4,0,17.39,0,0,16,0
3202,ACC-103202,Abuja,2026-07-04T07:06:45.346Z,AG-1027,1,59.1,1,4.01,1,0,11,0
3203,ACC-103203,Abuja,2026-07-17T07:06:45.346Z,AG-1002,0,0.6,0,25.08,0,0,18,0
3204,ACC-103204,Port Harcourt,2026-06-30T07:06:45.346Z,AG-1000,1,0,0,12.16,1,0,7,0
3205,ACC-103205,Ibadan,2026-08-18T07:06:45.346Z,AG-1012,2,60,0,26.56,0,471,19,0
3206,ACC-103206,Ibadan,2026-08-30T07:06:45.346Z,AG-1006,0,12.8,1,11.76,2,14945,15,0
3207,ACC-103207,Port Harcourt,2026-08-29T07:06:45.346Z,AG-1030,2,0,1,17.55,1,0,13,0
3208,ACC-103208,Lagos,2026-08-10T07:06:45.346Z,AG-1023,4,27.8,1,19.01,0,8674,17,0
3209,ACC-103209,Port Harcourt,2026-06-16T07:06:45.346Z,AG-1003,7,75.1,1,1.05,0,137779,0,1
3210,ACC-103210,Kano,2026-09-02T07:06:45.346Z,AG-1034,2,13.3,0,19.58,1,0,17,0
3211,ACC-103211,Port Harcourt,2026-06-24T07:06:45.346Z,AG-1006,2,22.2,1,15.21,0,0,16,0
3212,ACC-103212,Kano,2026-08-03T07:06:45.346Z,AG-1032,2,32.6,1,2.53,1,0,10,0
3213,ACC-103213,Abuja,2026-07-14T07:06:45.346Z,AG-1022,0,0,0,9.36,1,0,20,0
3214,ACC-103214,Abuja,2026-07-28T07:06:45.346Z,AG-1015,0,5.9,1,16.31,2,0,15,0
3215,ACC-103215,Lagos,2026-06-28T07:06:45.346Z,AG-1016,1,12,0,23.45,1,0,16,0
3216,ACC-103216,Port Harcourt,2026-08-25T07:06:45.346Z,AG-1002,1,49.1,0,9.22,1,0,15,0
3217,ACC-103217,Kano,2026-07-06T07:06:45.346Z,AG-1017,2,0,1,8.46,2,0,18,0
3218,ACC-103218,Lagos,2026-07-02T07:06:45.346Z,AG-1018,3,62.3,0,9.12,1,15911,19,0
3219,ACC-103219,Lagos,2026-09-02T07:06:45.346Z,AG-1016,2,5.7,1,9.52,1,2843,21,0
3220,ACC-103220,Abuja,2026-07-19T07:06:45.346Z,AG-1012,1,47.4,0,27.39,1,0,12,0
3221,ACC-103221,Abuja,2026-07-03T07:06:45.346Z,AG-1035,3,31.3,0,17.58,0,5649,17,0
3222,ACC-103222,Abuja,2026-08-30T07:06:45.346Z,AG-1006,2,17.5,1,23,0,0,12,0
3223,ACC-103223,Lagos,2026-07-24T07:06:45.346Z,AG-1016,0,13.2,1,26.17,2,0,18,0
3224,ACC-103224,Ibadan,2026-08-21T07:06:45.346Z,AG-1003,3,70.3,0,10.05,1,0,8,0
3225,ACC-103225,Kano,2026-06-06T07:06:45.346Z,AG-1032,1,19.2,0,29.38,1,0,8,0
3226,ACC-103226,Lagos,2026-07-08T07:06:45.346Z,AG-1025,1,4.5,0,19.68,1,0,8,0
3227,ACC-103227,Abuja,2026-07-14T07:06:45.346Z,AG-1027,2,32.7,1,31,0,628,16,0
3228,ACC-103228,Abuja,2026-08-11T07:06:45.346Z,AG-1028,2,0,1,14.02,1,0,16,0
3229,ACC-103229,Lagos,2026-07-15T07:06:45.346Z,AG-1022,3,62.5,0,0,0,0,14,0
3230,ACC-103230,Ibadan,2026-08-07T07:06:45.346Z,AG-1033,2,80,0,0,3,0,11,0
3231,ACC-103231,Ibadan,2026-06-29T07:06:45.346Z,AG-1011,1,54.7,0,18.97,1,0,16,0
3232,ACC-103232,Abuja,2026-08-23T07:06:45.346Z,AG-1036,1,64.1,1,25.4,2,4436,6,0
3233,ACC-103233,Port Harcourt,2026-06-20T07:06:45.346Z,AG-1033,3,61.7,0,20.57,0,0,20,0
3234,ACC-103234,Kano,2026-07-07T07:06:45.346Z,AG-1027,2,15.8,0,26.73,0,0,22,0
3235,ACC-103235,Ibadan,2026-06-20T07:06:45.346Z,AG-1037,1,0,0,24.08,0,10767,18,0
3236,ACC-103236,Abuja,2026-09-01T07:06:45.346Z,AG-1008,1,3.7,0,23.4,0,0,11,0
3237,ACC-103237,Kano,2026-07-26T07:06:45.346Z,AG-1010,1,69.2,0,24.52,0,2720,16,0
3238,ACC-103238,Kano,2026-09-02T07:06:45.346Z,AG-1025,1,6,0,27.05,1,0,7,0
3239,ACC-103239,Kano,2026-07-11T07:06:45.346Z,AG-1013,1,10.8,0,16.52,1,0,21,0
3240,ACC-103240,Lagos,2026-07-29T07:06:45.346Z,AG-1035,1,0.4,1,25.16,1,0,22,0
3241,ACC-103241,Lagos,2026-06-30T07:06:45.346Z,AG-1027,2,31.9,0,0,2,0,17,0
3242,ACC-103242,Abuja,2026-08-06T07:06:45.346Z,AG-1002,2,44.2,0,15.12,0,0,13,0
3243,ACC-103243,Lagos,2026-07-13T07:06:45.346Z,AG-1038,1,59.6,0,34.88,0,0,19,0
3244,ACC-103244,Abuja,2026-08-11T07:06:45.346Z,AG-1010,0,18.5,0,14.76,0,0,18,0
3245,ACC-103245,Kano,2026-06-19T07:06:45.346Z,AG-1015,2,12.9,1,12.87,2,0,6,0
3246,ACC-103246,Lagos,2026-08-01T07:06:45.346Z,AG-1011,2,15.7,0,3.14,0,0,17,0
3247,ACC-103247,Ibadan,2026-08-23T07:06:45.346Z,AG-1028,1,47.9,0,0,0,0,19,0
3248,ACC-103248,Ibadan,2026-06-13T07:06:45.346Z,AG-1027,1,0,1,10.41,0,4363,15,0
3249,ACC-103249,Kano,2026-06-10T07:06:45.346Z,AG-1022,2,19.9,1,20.79,1,12016,13,0
3250,ACC-103250,Ibadan,2026-07-22T07:06:45.346Z,AG-1015,3,0,1,20.12,1,24394,17,0
3251,ACC-103251,Lagos,2026-06-30T07:06:45.346Z,AG-1024,2,85.7,1,11.62,2,0,15,0
3252,ACC-103252,Abuja,2026-06-09T07:06:45.346Z,AG-1017,0,20.9,0,4.73,1,0,16,0
3253,ACC-103253,Abuja,2026-07-05T07:06:45.346Z,AG-1014,5,332.5,1,0.66,6,59560,2,1
3254,ACC-103254,Port Harcourt,2026-08-13T07:06:45.346Z,AG-1028,1,209,1,1.2,3,0,1,1
3255,ACC-103255,Kano,2026-08-23T07:06:45.346Z,AG-1031,1,8.9,0,11.28,3,0,16,0
3256,ACC-103256,Ibadan,2026-08-17T07:06:45.346Z,AG-1000,3,76,0,13.36,2,0,17,0
3257,ACC-103257,Lagos,2026-07-18T07:06:45.346Z,AG-1019,2,12.9,1,23.45,2,0,7,0
3258,ACC-103258,Kano,2026-07-12T07:06:45.346Z,AG-1010,0,0,0,2.51,0,17973,14,0
3259,ACC-103259,Kano,2026-08-24T07:06:45.346Z,AG-1039,2,15.5,0,0.11,1,123,16,0
3260,ACC-103260,Abuja,2026-09-01T07:06:45.346Z,AG-1036,0,0,1,27.62,0,0,16,0
3261,ACC-103261,Abuja,2026-08-27T07:06:45.346Z,AG-1034,1,7,1,9.86,1,0,10,0
3262,ACC-103262,Ibadan,2026-08-18T07:06:45.346Z,AG-1009,4,30.4,0,5.52,0,0,18,0
3263,ACC-103263,Kano,2026-07-29T07:06:45.346Z,AG-1020,4,8.5,0,17.62,1,0,21,0
3264,ACC-103264,Abuja,2026-07-21T07:06:45.346Z,AG-1037,2,0.8,0,17.2,2,0,8,0
3265,ACC-103265,Lagos,2026-07-09T07:06:45.346Z,AG-1013,1,77,1,1.24,0,0,11,0
3266,ACC-103266,Lagos,2026-07-30T07:06:45.346Z,AG-1036,2,0,1,22.85,0,9374,20,0
3267,ACC-103267,Abuja,2026-06-11T07:06:45.346Z,AG-1020,1,40.5,0,14.22,0,13403,11,0
3268,ACC-103268,Ibadan,2026-06-06T07:06:45.346Z,AG-1021,3,1.5,0,15.41,0,0,21,0
3269,ACC-103269,Lagos,2026-06-28T07:06:45.346Z,AG-1010,2,10.9,0,14.8,1,13616,11,0
3270,ACC-103270,Kano,2026-06-09T07:06:45.346Z,AG-1003,2,27.6,1,27.51,1,0,18,0
3271,ACC-103271,Abuja,2026-08-15T07:06:45.346Z,AG-1000,1,43.6,0,15.66,1,0,12,0
3272,ACC-103272,Lagos,2026-07-05T07:06:45.346Z,AG-1003,13,124.7,1,2.94,4,285352,5,1
3273,ACC-103273,Abuja,2026-07-18T07:06:45.346Z,AG-1036,2,20.4,1,12.71,0,0,18,0
3274,ACC-103274,Port Harcourt,2026-07-09T07:06:45.346Z,AG-1033,1,15.2,0,3.82,1,3707,14,0
3275,ACC-103275,Port Harcourt,2026-06-25T07:06:45.346Z,AG-1031,1,69.5,1,10.41,2,2653,10,0
3276,ACC-103276,Ibadan,2026-06-12T07:06:45.346Z,AG-1004,13,205.6,1,1.3,3,226953,1,1
3277,ACC-103277,Ibadan,2026-08-09T07:06:45.346Z,AG-1026,0,24.6,0,6.58,1,8498,22,0
3278,ACC-103278,Lagos,2026-07-08T07:06:45.346Z,AG-1039,1,15.9,0,25.17,0,0,18,0
3279,ACC-103279,Ibadan,2026-06-22T07:06:45.346Z,AG-1008,3,20.9,0,14.47,0,0,11,0
3280,ACC-103280,Port Harcourt,2026-08-12T07:06:45.346Z,AG-1020,2,22.6,0,34.13,1,9780,15,0
3281,ACC-103281,Kano,2026-07-15T07:06:45.346Z,AG-1031,2,0,0,20.01,0,8856,15,0
3282,ACC-103282,Port Harcourt,2026-08-23T07:06:45.346Z,AG-1033,4,0,0,21.11,1,4417,17,0
3283,ACC-103283,Ibadan,2026-08-24T07:06:45.346Z,AG-1003,1,17,1,14.34,0,0,22,0
3284,ACC-103284,Ibadan,2026-07-29T07:06:45.346Z,AG-1024,3,2.5,1,2.58,2,17173,9,0
3285,ACC-103285,Lagos,2026-07-23T07:06:45.346Z,AG-1000,4,0.6,0,9.76,0,0,18,0
3286,ACC-103286,Ibadan,2026-08-17T07:06:45.346Z,AG-1013,0,38.6,0,13.32,0,13726,16,0
3287,ACC-103287,Ibadan,2026-06-30T07:06:45.346Z,AG-1006,3,24.8,0,19.54,1,0,19,0
3288,ACC-103288,Kano,2026-06-27T07:06:45.346Z,AG-1022,1,22.3,0,13.42,0,12072,8,0
3289,ACC-103289,Port Harcourt,2026-06-23T07:06:45.346Z,AG-1012,0,8.3,1,22.04,1,0,9,0
3290,ACC-103290,Port Harcourt,2026-07-24T07:06:45.346Z,AG-1006,1,22.5,0,32.52,0,0,16,0
3291,ACC-103291,Lagos,2026-06-18T07:06:45.346Z,AG-1005,1,27.6,0,0,0,13365,16,0
3292,ACC-103292,Lagos,2026-07-14T07:06:45.346Z,AG-1038,3,80.5,0,22.32,2,0,18,0
3293,ACC-103293,Abuja,2026-08-01T07:06:45.346Z,AG-1028,1,8.5,0,2.33,2,0,12,0
3294,ACC-103294,Abuja,2026-06-10T07:06:45.346Z,AG-1028,1,22.4,0,8.86,1,0,11,0
3295,ACC-103295,Ibadan,2026-08-26T07:06:45.346Z,AG-1014,3,0,1,7.81,1,0,7,0
3296,ACC-103296,Ibadan,2026-06-27T07:06:45.346Z,AG-1007,0,15.6,0,0.88,3,0,21,0
3297,ACC-103297,Abuja,2026-08-19T07:06:45.346Z,AG-1036,3,31.5,0,7.47,0,0,14,0
3298,ACC-103298,Kano,2026-07-29T07:06:45.346Z,AG-1037,2,30.8,1,26.83,0,0,22,0
3299,ACC-103299,Lagos,2026-08-12T07:06:45.346Z,AG-1039,0,35.7,1,24.23,1,18682,8,0
3300,ACC-103300,Port Harcourt,2026-07-17T07:06:45.346Z,AG-1030,3,640.6,1,0.32,5,211666,3,1
3301,ACC-103301,Ibadan,2026-07-07T07:06:45.346Z,AG-1004,1,0,1,8.92,1,0,12,0
3302,ACC-103302,Port Harcourt,2026-08-03T07:06:45.346Z,AG-1012,1,39.5,0,7.69,0,28189,13,0
3303,ACC-103303,Port Harcourt,2026-08-06T07:06:45.346Z,AG-1026,2,0,0,23.06,1,0,22,0
3304,ACC-103304,Ibadan,2026-06-18T07:06:45.346Z,AG-1013,2,0,0,6.29,2,0,11,0
3305,ACC-103305,Kano,2026-08-30T07:06:45.346Z,AG-1037,1,2.8,0,14.06,1,9556,6,0
3306,ACC-103306,Ibadan,2026-07-22T07:06:45.346Z,AG-1039,2,37.7,0,25.05,3,0,10,0
3307,ACC-103307,Port Harcourt,2026-07-06T07:06:45.346Z,AG-1015,2,25.4,0,19.46,1,0,20,0
3308,ACC-103308,Lagos,2026-07-28T07:06:45.346Z,AG-1024,0,52.2,0,10.59,0,0,21,0
3309,ACC-103309,Abuja,2026-07-18T07:06:45.346Z,AG-1005,5,0,0,21.47,1,0,14,0
3310,ACC-103310,Ibadan,2026-08-19T07:06:45.346Z,AG-1030,2,25.8,1,11.22,1,0,12,0
3311,ACC-103311,Port Harcourt,2026-06-15T07:06:45.346Z,AG-1033,2,29.4,0,2.54,0,8644,18,0
3312,ACC-103312,Abuja,2026-08-09T07:06:45.346Z,AG-1028,2,52.5,0,15.78,0,0,6,0
3313,ACC-103313,Abuja,2026-07-30T07:06:45.346Z,AG-1004,0,32,0,9.7,0,0,18,0
3314,ACC-103314,Kano,2026-07-10T07:06:45.346Z,AG-1026,0,47.9,0,34.86,0,0,18,0
3315,ACC-103315,Lagos,2026-07-07T07:06:45.346Z,AG-1004,1,81.6,1,19.24,0,0,16,0
3316,ACC-103316,Abuja,2026-06-23T07:06:45.346Z,AG-1026,3,82,0,11.03,0,0,8,0
3317,ACC-103317,Abuja,2026-06-15T07:06:45.346Z,AG-1039,1,4.2,0,2.31,1,9857,16,0
3318,ACC-103318,Port Harcourt,2026-06-30T07:06:45.346Z,AG-1025,2,4.7,1,24.85,1,0,13,0
3319,ACC-103319,Abuja,2026-07-07T07:06:45.346Z,AG-1007,1,13.5,0,9.41,0,0,17,0
3320,ACC-103320,Abuja,2026-08-18T07:06:45.346Z,AG-1026,1,43.8,1,10.68,0,0,9,0
3321,ACC-103321,Kano,2026-08-28T07:06:45.346Z,AG-1005,2,0,0,22.09,2,0,21,0
3322,ACC-103322,Lagos,2026-07-13T07:06:45.346Z,AG-1016,2,17.9,0,4.36,2,0,13,0
3323,ACC-103323,Abuja,2026-06-09T07:06:45.346Z,AG-1011,1,8.6,0,19.68,0,0,16,0
3324,ACC-103324,Port Harcourt,2026-07-12T07:06:45.346Z,AG-1013,0,7.8,0,8.67,1,0,8,0
3325,ACC-103325,Port Harcourt,2026-06-18T07:06:45.346Z,AG-1038,1,0,0,7.97,2,0,9,0
3326,ACC-103326,Port Harcourt,2026-08-04T07:06:45.346Z,AG-1027,2,0,0,21.49,0,0,6,0
3327,ACC-103327,Lagos,2026-07-31T07:06:45.346Z,AG-1028,3,52.7,0,15.68,0,0,12,0
3328,ACC-103328,Port Harcourt,2026-06-14T07:06:45.346Z,AG-1030,5,0.7,1,19.17,0,0,8,0
3329,ACC-103329,Abuja,2026-07-30T07:06:45.346Z,AG-1023,1,15.3,1,46.62,1,0,15,0
3330,ACC-103330,Ibadan,2026-07-25T07:06:45.346Z,AG-1009,0,43.2,0,17.38,1,0,11,0
3331,ACC-103331,Lagos,2026-08-05T07:06:45.346Z,AG-1026,3,51.7,0,18.91,1,0,15,0
3332,ACC-103332,Lagos,2026-07-03T07:06:45.346Z,AG-1034,2,38,0,3.22,1,0,11,0
3333,ACC-103333,Kano,2026-07-05T07:06:45.346Z,AG-1004,1,1.9,1,16.54,0,13532,22,0
3334,ACC-103334,Ibadan,2026-07-09T07:06:45.346Z,AG-1036,0,5.4,0,30.29,0,0,16,0
3335,ACC-103335,Lagos,2026-08-22T07:06:45.346Z,AG-1016,1,34.6,1,31.12,2,0,18,0
3336,ACC-103336,Kano,2026-09-01T07:06:45.346Z,AG-1038,1,22,0,8.32,0,0,18,0
3337,ACC-103337,Port Harcourt,2026-07-30T07:06:45.346Z,AG-1038,0,0,0,0,0,0,15,0
3338,ACC-103338,Lagos,2026-07-12T07:06:45.346Z,AG-1019,3,57.9,0,8.44,0,0,17,0
3339,ACC-103339,Lagos,2026-07-13T07:06:45.346Z,AG-1035,3,52.8,1,21.4,2,0,17,0
3340,ACC-103340,Kano,2026-08-24T07:06:45.346Z,AG-1019,6,81.7,1,0,4,249317,22,1
3341,ACC-103341,Port Harcourt,2026-07-22T07:06:45.346Z,AG-1005,1,67.9,0,18.84,1,0,16,0
3342,ACC-103342,Kano,2026-08-09T07:06:45.346Z,AG-1028,0,0,0,23.97,2,0,10,0
3343,ACC-103343,Port Harcourt,2026-07-05T07:06:45.346Z,AG-1013,3,0,0,0,2,0,12,0
3344,ACC-103344,Port Harcourt,2026-07-09T07:06:45.346Z,AG-1004,1,0.8,0,4.67,0,19099,15,0
3345,ACC-103345,Port Harcourt,2026-07-08T07:06:45.346Z,AG-1004,3,25.4,0,24.04,2,0,22,0
3346,ACC-103346,Ibadan,2026-08-27T07:06:45.346Z,AG-1034,2,15.5,1,6.96,0,0,22,0
3347,ACC-103347,Port Harcourt,2026-06-26T07:06:45.346Z,AG-1025,3,389.4,1,1.58,3,163052,1,1
3348,ACC-103348,Port Harcourt,2026-07-08T07:06:45.346Z,AG-1006,2,10.5,1,21.96,1,0,18,0
3349,ACC-103349,Lagos,2026-06-24T07:06:45.346Z,AG-1037,0,22,1,0,1,19541,22,0
3350,ACC-103350,Lagos,2026-07-21T07:06:45.346Z,AG-1009,0,4.4,0,7.27,0,0,16,0
3351,ACC-103351,Ibadan,2026-06-25T07:06:45.346Z,AG-1022,0,0.3,0,5.7,1,0,15,0
3352,ACC-103352,Lagos,2026-08-02T07:06:45.346Z,AG-1034,2,8.7,0,15.19,0,0,21,0
3353,ACC-103353,Abuja,2026-08-30T07:06:45.346Z,AG-1035,1,273.6,0,0,6,276605,3,1
3354,ACC-103354,Ibadan,2026-08-10T07:06:45.346Z,AG-1008,0,7.5,1,29.23,1,0,12,0
3355,ACC-103355,Ibadan,2026-08-05T07:06:45.346Z,AG-1012,1,16.8,0,0,0,12088,6,0
3356,ACC-103356,Abuja,2026-06-14T07:06:45.346Z,AG-1012,4,0,0,21.24,1,30234,8,0
3357,ACC-103357,Abuja,2026-07-26T07:06:45.346Z,AG-1035,2,24.2,1,12.92,2,0,7,0
3358,ACC-103358,Abuja,2026-06-16T07:06:45.346Z,AG-1020,1,34.5,0,12.58,3,0,21,0
3359,ACC-103359,Lagos,2026-08-24T07:06:45.346Z,AG-1029,3,7.5,0,0,1,0,22,0
3360,ACC-103360,Abuja,2026-06-18T07:06:45.346Z,AG-1025,2,65.3,0,20.57,1,0,10,0
3361,ACC-103361,Port Harcourt,2026-06-18T07:06:45.346Z,AG-1021,1,62.6,0,0.07,1,0,20,0
3362,ACC-103362,Abuja,2026-06-25T07:06:45.346Z,AG-1029,1,21.6,0,18.69,1,0,19,0
3363,ACC-103363,Kano,2026-06-25T07:06:45.346Z,AG-1019,2,0,0,12.28,1,0,18,0
3364,ACC-103364,Port Harcourt,2026-08-23T07:06:45.346Z,AG-1014,4,38.5,1,5.7,0,20808,8,0
3365,ACC-103365,Ibadan,2026-08-27T07:06:45.346Z,AG-1035,0,29,1,26.55,0,0,8,0
3366,ACC-103366,Kano,2026-07-07T07:06:45.346Z,AG-1022,1,0,0,13.21,1,0,19,0
3367,ACC-103367,Kano,2026-08-11T07:06:45.346Z,AG-1007,1,3.2,1,10.5,0,0,9,0
3368,ACC-103368,Abuja,2026-08-29T07:06:45.346Z,AG-1018,2,32.3,0,26.87,1,0,21,0
3369,ACC-103369,Kano,2026-08-01T07:06:45.346Z,AG-1016,5,25.1,0,14.86,1,0,21,0
3370,ACC-103370,Kano,2026-08-21T07:06:45.346Z,AG-1039,2,31,1,0,1,0,16,0
3371,ACC-103371,Port Harcourt,2026-06-23T07:06:45.346Z,AG-1032,2,3,1,20.24,0,11652,15,0
3372,ACC-103372,Port Harcourt,2026-07-14T07:06:45.346Z,AG-1011,2,0,1,0,3,0,16,0
3373,ACC-103373,Lagos,2026-06-21T07:06:45.346Z,AG-1039,0,0,0,11.68,1,0,11,0
3374,ACC-103374,Abuja,2026-08-30T07:06:45.346Z,AG-1013,1,0,0,21.11,0,0,6,0
3375,ACC-103375,Port Harcourt,2026-06-09T07:06:45.346Z,AG-1014,3,10.8,0,30.84,1,0,8,0
3376,ACC-103376,Port Harcourt,2026-08-12T07:06:45.346Z,AG-1020,4,27.9,0,20.36,1,0,21,0
3377,ACC-103377,Abuja,2026-06-11T07:06:45.346Z,AG-1016,3,45.9,1,2.85,0,0,10,0
3378,ACC-103378,Ibadan,2026-08-12T07:06:45.346Z,AG-1026,0,32.7,0,26.56,1,0,13,0
3379,ACC-103379,Port Harcourt,2026-07-02T07:06:45.346Z,AG-1019,3,60.2,0,14.89,0,15170,7,0
3380,ACC-103380,Abuja,2026-08-08T07:06:45.346Z,AG-1030,1,38.8,0,16.86,0,0,18,0
3381,ACC-103381,Ibadan,2026-07-21T07:06:45.346Z,AG-1007,1,52.5,0,19.8,1,4775,8,0
3382,ACC-103382,Lagos,2026-06-24T07:06:45.346Z,AG-1026,0,23.7,0,8.62,0,0,11,0
3383,ACC-103383,Ibadan,2026-07-18T07:06:45.346Z,AG-1027,1,34,1,26.68,0,0,6,0
3384,ACC-103384,Ibadan,2026-07-22T07:06:45.346Z,AG-1007,1,53.9,0,12.68,1,0,10,0
3385,ACC-103385,Ibadan,2026-07-09T07:06:45.346Z,AG-1032,2,0,1,4.26,0,0,7,0
3386,ACC-103386,Kano,2026-06-16T07:06:45.346Z,AG-1023,1,9.4,0,3.72,0,0,21,0
3387,ACC-103387,Ibadan,2026-06-14T07:06:45.346Z,AG-1024,0,3.1,0,2.01,0,0,6,0
3388,ACC-103388,Lagos,2026-06-14T07:06:45.346Z,AG-1027,4,102.7,0,20.33,0,0,13,0
3389,ACC-103389,Kano,2026-06-21T07:06:45.346Z,AG-1009,2,8.3,1,26.42,1,0,6,0
3390,ACC-103390,Abuja,2026-06-11T07:06:45.346Z,AG-1027,1,28.2,1,10.37,0,9110,14,0
3391,ACC-103391,Port Harcourt,2026-07-21T07:06:45.346Z,AG-1012,0,22.9,0,12.68,1,0,11,0
3392,ACC-103392,Port Harcourt,2026-08-22T07:06:45.346Z,AG-1020,2,30.2,0,8.87,1,0,18,0
3393,ACC-103393,Abuja,2026-06-13T07:06:45.346Z,AG-1015,1,6.4,0,0.3,2,0,11,0
3394,ACC-103394,Lagos,2026-06-23T07:06:45.346Z,AG-1011,4,35.1,0,1.69,3,0,22,0
3395,ACC-103395,Lagos,2026-08-05T07:06:45.346Z,AG-1025,3,6.4,0,32.67,1,0,21,0
3396,ACC-103396,Port Harcourt,2026-07-19T07:06:45.347Z,AG-1024,4,19,1,33.79,2,0,15,0
3397,ACC-103397,Lagos,2026-08-17T07:06:45.347Z,AG-1014,2,1.9,0,26.17,1,9369,22,0
3398,ACC-103398,Lagos,2026-07-08T07:06:45.347Z,AG-1024,1,37.9,0,0,0,0,6,0
3399,ACC-103399,Lagos,2026-06-29T07:06:45.347Z,AG-1028,3,14.9,0,5.21,0,0,22,0
3400,ACC-103400,Kano,2026-08-30T07:06:45.347Z,AG-1027,0,52.3,0,4.7,0,5293,21,0
3401,ACC-103401,Abuja,2026-09-03T07:06:45.347Z,AG-1021,4,0,1,19.16,0,0,8,0
3402,ACC-103402,Ibadan,2026-08-09T07:06:45.347Z,AG-1003,2,50.1,0,5.32,0,0,16,0
3403,ACC-103403,Abuja,2026-06-26T07:06:45.347Z,AG-1021,1,45,1,17.19,0,7963,22,0
3404,ACC-103404,Ibadan,2026-07-03T07:06:45.347Z,AG-1022,1,2.8,1,11.74,3,0,9,0
3405,ACC-103405,Ibadan,2026-07-31T07:06:45.347Z,AG-1031,1,61.4,0,31.26,1,27329,13,0
3406,ACC-103406,Kano,2026-08-28T07:06:45.347Z,AG-1011,1,8.4,0,16.9,1,0,14,0
3407,ACC-103407,Lagos,2026-06-26T07:06:45.347Z,AG-1039,0,0,0,22.84,2,0,9,0
3408,ACC-103408,Ibadan,2026-06-26T07:06:45.347Z,AG-1009,1,13.3,0,18.46,0,0,8,0
3409,ACC-103409,Lagos,2026-09-02T07:06:45.347Z,AG-1032,3,24.1,0,18.94,0,4990,17,0
3410,ACC-103410,Lagos,2026-06-28T07:06:45.347Z,AG-1036,4,372.5,1,1.28,5,168026,9,1
3411,ACC-103411,Abuja,2026-07-04T07:06:45.347Z,AG-1011,5,254.6,0,1.42,2,138569,0,1
3412,ACC-103412,Abuja,2026-08-13T07:06:45.347Z,AG-1027,1,3.5,0,21.58,1,0,22,0
3413,ACC-103413,Lagos,2026-07-15T07:06:45.347Z,AG-1037,0,23.5,0,20.76,0,0,21,0
3414,ACC-103414,Lagos,2026-06-23T07:06:45.347Z,AG-1018,6,45.7,0,39.96,2,0,12,0
3415,ACC-103415,Kano,2026-06-20T07:06:45.347Z,AG-1018,4,71.4,0,13.4,2,0,8,0
3416,ACC-103416,Ibadan,2026-07-20T07:06:45.347Z,AG-1009,0,26.3,0,11.35,0,8600,12,0
3417,ACC-103417,Kano,2026-06-30T07:06:45.347Z,AG-1004,2,30.8,1,4.69,1,0,19,0
3418,ACC-103418,Port Harcourt,2026-07-04T07:06:45.347Z,AG-1017,3,7.7,0,24.02,0,0,13,0
3419,ACC-103419,Ibadan,2026-07-31T07:06:45.347Z,AG-1024,0,3.5,0,2.79,0,0,6,0
3420,ACC-103420,Kano,2026-08-15T07:06:45.347Z,AG-1022,0,4.4,0,19.89,0,0,21,0
3421,ACC-103421,Ibadan,2026-06-10T07:06:45.347Z,AG-1035,1,20.8,0,24.57,1,0,21,0
3422,ACC-103422,Kano,2026-08-13T07:06:45.347Z,AG-1035,2,14.6,0,18.69,0,0,13,0
3423,ACC-103423,Lagos,2026-07-25T07:06:45.347Z,AG-1032,0,6.7,1,7.91,0,0,22,0
3424,ACC-103424,Abuja,2026-06-23T07:06:45.347Z,AG-1030,2,20.9,1,19.43,0,0,6,0
3425,ACC-103425,Lagos,2026-07-26T07:06:45.347Z,AG-1003,0,25.8,0,26.05,0,10558,11,0
3426,ACC-103426,Lagos,2026-06-06T07:06:45.347Z,AG-1005,2,12.3,0,12.42,0,0,11,0
3427,ACC-103427,Port Harcourt,2026-07-20T07:06:45.347Z,AG-1012,1,31.7,0,18.15,0,17189,15,0
3428,ACC-103428,Lagos,2026-06-09T07:06:45.347Z,AG-1028,0,50,0,24.73,2,0,14,0
3429,ACC-103429,Lagos,2026-07-14T07:06:45.347Z,AG-1019,0,0,1,12.02,0,0,21,0
3430,ACC-103430,Port Harcourt,2026-07-23T07:06:45.347Z,AG-1025,1,4,0,21.41,1,0,17,0
3431,ACC-103431,Port Harcourt,2026-06-10T07:06:45.347Z,AG-1034,1,44.5,1,7.91,0,0,12,0
3432,ACC-103432,Lagos,2026-07-19T07:06:45.347Z,AG-1011,1,3.4,0,9.43,2,0,11,0
3433,ACC-103433,Ibadan,2026-06-26T07:06:45.347Z,AG-1019,4,5,0,15.67,1,3230,11,0
3434,ACC-103434,Lagos,2026-08-13T07:06:45.347Z,AG-1021,0,21.1,1,9.29,1,0,16,0
3435,ACC-103435,Lagos,2026-07-01T07:06:45.347Z,AG-1000,0,0,0,16.26,1,0,14,0
3436,ACC-103436,Port Harcourt,2026-08-16T07:06:45.347Z,AG-1029,2,33.3,1,8.09,1,0,13,0
3437,ACC-103437,Kano,2026-06-07T07:06:45.347Z,AG-1002,3,15.3,0,28.93,0,0,6,0
3438,ACC-103438,Lagos,2026-07-28T07:06:45.347Z,AG-1039,0,0,1,18.97,1,0,11,0
3439,ACC-103439,Kano,2026-07-21T07:06:45.347Z,AG-1008,3,0,0,11.21,0,0,22,0
3440,ACC-103440,Port Harcourt,2026-07-23T07:06:45.347Z,AG-1007,1,48.6,0,0,0,0,10,0
3441,ACC-103441,Ibadan,2026-07-27T07:06:45.347Z,AG-1037,1,38.6,0,6.66,1,0,14,0
3442,ACC-103442,Abuja,2026-06-10T07:06:45.347Z,AG-1006,5,13.5,0,7.17,1,0,11,0
3443,ACC-103443,Kano,2026-08-03T07:06:45.347Z,AG-1024,2,0.2,0,18.61,0,0,15,0
3444,ACC-103444,Abuja,2026-08-24T07:06:45.347Z,AG-1023,5,0,1,0.99,2,538147,5,1
3445,ACC-103445,Ibadan,2026-07-30T07:06:45.347Z,AG-1009,0,9.8,1,20.85,0,0,7,0
3446,ACC-103446,Ibadan,2026-09-02T07:06:45.347Z,AG-1013,3,0.6,0,14.69,1,0,19,0
3447,ACC-103447,Port Harcourt,2026-08-08T07:06:45.347Z,AG-1007,2,51.7,0,20.2,1,0,11,0
3448,ACC-103448,Kano,2026-06-14T07:06:45.347Z,AG-1017,0,1.3,0,24.19,2,0,22,0
3449,ACC-103449,Lagos,2026-06-06T07:06:45.347Z,AG-1030,1,10.1,0,26.12,0,16589,8,0
3450,ACC-103450,Ibadan,2026-06-16T07:06:45.347Z,AG-1021,4,13.5,0,15.11,1,0,9,0
3451,ACC-103451,Kano,2026-06-22T07:06:45.347Z,AG-1031,0,0,0,9.08,1,0,11,0
3452,ACC-103452,Kano,2026-07-07T07:06:45.347Z,AG-1009,2,6.6,1,18.93,0,13760,16,0
3453,ACC-103453,Lagos,2026-07-31T07:06:45.347Z,AG-1006,2,17.2,0,20.41,1,7072,22,0
3454,ACC-103454,Kano,2026-06-23T07:06:45.347Z,AG-1022,2,29.2,1,21.02,2,0,12,0
3455,ACC-103455,Lagos,2026-07-06T07:06:45.347Z,AG-1021,1,2.4,0,0,2,0,22,0
3456,ACC-103456,Port Harcourt,2026-07-24T07:06:45.347Z,AG-1005,4,38,0,0,0,0,12,0
3457,ACC-103457,Ibadan,2026-07-14T07:06:45.347Z,AG-1013,2,39,0,2.93,2,0,17,0
3458,ACC-103458,Kano,2026-06-27T07:06:45.347Z,AG-1017,1,66.1,1,3.57,2,0,15,0
3459,ACC-103459,Kano,2026-07-18T07:06:45.347Z,AG-1030,2,55.9,0,24.93,1,0,7,0
3460,ACC-103460,Port Harcourt,2026-07-03T07:06:45.347Z,AG-1003,0,30.6,0,16.86,0,0,17,0
3461,ACC-103461,Ibadan,2026-08-09T07:06:45.347Z,AG-1009,1,1.6,0,23.07,0,12686,19,0
3462,ACC-103462,Port Harcourt,2026-06-06T07:06:45.347Z,AG-1032,2,40.7,0,19.66,0,0,7,0
3463,ACC-103463,Port Harcourt,2026-07-24T07:06:45.347Z,AG-1006,1,21.2,0,6.95,1,3705,11,0
3464,ACC-103464,Lagos,2026-08-28T07:06:45.347Z,AG-1038,3,38.4,0,1.19,0,0,17,0
3465,ACC-103465,Lagos,2026-06-22T07:06:45.347Z,AG-1037,0,0,0,26.54,1,0,12,0
3466,ACC-103466,Abuja,2026-07-12T07:06:45.347Z,AG-1009,1,26.2,0,0,1,0,18,0
3467,ACC-103467,Kano,2026-06-17T07:06:45.348Z,AG-1012,1,0,0,13.54,2,0,14,0
3468,ACC-103468,Port Harcourt,2026-06-17T07:06:45.348Z,AG-1023,5,1.4,1,37.09,2,0,15,0
3469,ACC-103469,Kano,2026-06-09T07:06:45.348Z,AG-1014,4,7.9,0,19.51,0,6040,10,0
3470,ACC-103470,Port Harcourt,2026-07-21T07:06:45.348Z,AG-1022,3,47.3,0,0,1,6132,22,0
3471,ACC-103471,Ibadan,2026-07-21T07:06:45.348Z,AG-1000,1,35.6,1,0,1,0,6,0
3472,ACC-103472,Ibadan,2026-06-14T07:06:45.348Z,AG-1002,2,3,1,15.21,0,0,13,0
3473,ACC-103473,Port Harcourt,2026-07-27T07:06:45.348Z,AG-1038,2,27.1,1,32.63,0,0,16,0
3474,ACC-103474,Abuja,2026-08-23T07:06:45.348Z,AG-1026,0,38.9,1,1.98,5,479050,2,1
3475,ACC-103475,Abuja,2026-06-10T07:06:45.348Z,AG-1035,3,57.7,1,21.54,1,0,14,0
3476,ACC-103476,Port Harcourt,2026-07-19T07:06:45.348Z,AG-1013,0,10.3,0,0,1,0,21,0
3477,ACC-103477,Port Harcourt,2026-06-19T07:06:45.348Z,AG-1022,3,5.8,0,27.03,3,5433,18,0
3478,ACC-103478,Abuja,2026-06-16T07:06:45.348Z,AG-1034,3,0,0,14.09,1,12338,14,0
3479,ACC-103479,Ibadan,2026-07-09T07:06:45.348Z,AG-1006,2,30.2,0,5.97,0,4653,13,0
3480,ACC-103480,Ibadan,2026-06-28T07:06:45.348Z,AG-1002,0,46.2,0,28.05,0,0,20,0
3481,ACC-103481,Port Harcourt,2026-07-31T07:06:45.348Z,AG-1027,1,28.8,0,25.83,2,0,21,0
3482,ACC-103482,Ibadan,2026-06-22T07:06:45.348Z,AG-1016,1,21,1,0,0,0,15,0
3483,ACC-103483,Lagos,2026-07-31T07:06:45.348Z,AG-1004,0,27.1,0,14.99,0,6471,19,0
3484,ACC-103484,Abuja,2026-07-22T07:06:45.348Z,AG-1005,1,8.1,0,25.5,0,4438,8,0
3485,ACC-103485,Abuja,2026-08-03T07:06:45.348Z,AG-1009,0,36.1,1,6.48,0,0,16,0
3486,ACC-103486,Port Harcourt,2026-07-27T07:06:45.348Z,AG-1018,2,14.5,0,7.65,1,0,14,0
3487,ACC-103487,Kano,2026-07-25T07:06:45.348Z,AG-1000,4,40.8,0,8.2,0,9399,15,0
3488,ACC-103488,Kano,2026-07-26T07:06:45.348Z,AG-1038,4,35.2,1,6.34,0,0,6,0
3489,ACC-103489,Ibadan,2026-08-18T07:06:45.348Z,AG-1030,1,0,1,0,0,0,9,0
3490,ACC-103490,Lagos,2026-09-03T07:06:45.348Z,AG-1027,0,3.3,0,13.42,1,0,12,0
3491,ACC-103491,Abuja,2026-08-27T07:06:45.348Z,AG-1022,1,6.3,0,0,0,0,22,0
3492,ACC-103492,Lagos,2026-08-16T07:06:45.348Z,AG-1037,4,1.1,0,29.06,0,0,15,0
3493,ACC-103493,Lagos,2026-06-23T07:06:45.348Z,AG-1002,2,38.6,1,8.08,1,0,19,0
3494,ACC-103494,Lagos,2026-06-28T07:06:45.348Z,AG-1032,2,0,0,23.24,1,22969,15,0
3495,ACC-103495,Lagos,2026-07-20T07:06:45.348Z,AG-1033,0,28,0,24.59,0,12422,9,0
3496,ACC-103496,Ibadan,2026-06-25T07:06:45.348Z,AG-1010,1,7.2,0,16.8,1,5131,12,0
3497,ACC-103497,Port Harcourt,2026-08-31T07:06:45.348Z,AG-1003,13,160.7,1,1.37,5,296222,16,1
3498,ACC-103498,Ibadan,2026-06-21T07:06:45.348Z,AG-1022,2,19.8,0,6.38,0,0,11,0
3499,ACC-103499,Lagos,2026-07-18T07:06:45.348Z,AG-1026,1,15,0,5.01,0,0,7,0
3500,ACC-103500,Kano,2026-08-10T07:06:45.348Z,AG-1000,1,3.5,0,8.53,3,0,7,0
3501,ACC-103501,Lagos,2026-06-17T07:06:45.348Z,AG-1024,3,44.5,0,13.77,0,0,14,0
3502,ACC-103502,Abuja,2026-06-28T07:06:45.348Z,AG-1007,3,47.9,1,17.36,0,10628,10,0
3503,ACC-103503,Lagos,2026-06-30T07:06:45.348Z,AG-1007,0,24,0,14.94,0,0,18,0
3504,ACC-103504,Abuja,2026-08-19T07:06:45.348Z,AG-1014,0,103.7,1,3.02,3,0,9,0
3505,ACC-103505,Ibadan,2026-09-02T07:06:45.348Z,AG-1009,2,1.4,0,17.52,0,0,21,0
3506,ACC-103506,Ibadan,2026-06-06T07:06:45.348Z,AG-1004,0,0,0,15.16,1,0,15,0
3507,ACC-103507,Kano,2026-08-13T07:06:45.348Z,AG-1039,1,91.4,0,25.3,1,0,9,0
3508,ACC-103508,Abuja,2026-08-31T07:06:45.348Z,AG-1028,1,59.5,1,25.41,0,0,14,0
3509,ACC-103509,Abuja,2026-08-30T07:06:45.348Z,AG-1028,1,5.4,0,27.97,0,10384,18,0
3510,ACC-103510,Port Harcourt,2026-07-19T07:06:45.348Z,AG-1034,1,65.7,1,26.24,0,0,20,0
3511,ACC-103511,Kano,2026-07-31T07:06:45.348Z,AG-1016,3,0,0,4.34,0,0,8,0
3512,ACC-103512,Lagos,2026-08-26T07:06:45.348Z,AG-1005,0,28.9,0,2.5,1,10526,19,0
3513,ACC-103513,Kano,2026-06-23T07:06:45.348Z,AG-1004,2,5.5,0,16.81,2,0,9,0
3514,ACC-103514,Abuja,2026-07-06T07:06:45.348Z,AG-1005,0,33.7,0,18.2,0,0,16,0
3515,ACC-103515,Abuja,2026-07-01T07:06:45.348Z,AG-1005,3,5.2,0,0,1,0,12,0
3516,ACC-103516,Kano,2026-07-31T07:06:45.348Z,AG-1015,4,27.8,0,12.58,1,0,21,0
3517,ACC-103517,Port Harcourt,2026-08-15T07:06:45.348Z,AG-1010,2,0,0,25.24,2,0,17,0
3518,ACC-103518,Port Harcourt,2026-07-14T07:06:45.348Z,AG-1016,2,53.8,0,17.71,1,0,11,0
3519,ACC-103519,Ibadan,2026-08-19T07:06:45.348Z,AG-1027,0,81.5,0,9.78,0,26851,22,0
3520,ACC-103520,Ibadan,2026-07-31T07:06:45.348Z,AG-1015,2,23.8,1,17.63,0,0,8,0
3521,ACC-103521,Abuja,2026-06-14T07:06:45.348Z,AG-1011,0,0,0,26.68,1,0,11,0
3522,ACC-103522,Port Harcourt,2026-06-20T07:06:45.348Z,AG-1026,1,10.8,0,33.92,2,0,17,0
3523,ACC-103523,Port Harcourt,2026-08-15T07:06:45.348Z,AG-1009,3,27.1,1,25.83,1,0,22,0
3524,ACC-103524,Port Harcourt,2026-07-05T07:06:45.349Z,AG-1011,2,9.8,0,20.85,1,0,8,0
3525,ACC-103525,Lagos,2026-07-19T07:06:45.349Z,AG-1029,0,0,0,0,1,0,18,0
3526,ACC-103526,Ibadan,2026-06-09T07:06:45.349Z,AG-1016,3,64.6,0,8.21,0,0,7,0
3527,ACC-103527,Kano,2026-08-25T07:06:45.349Z,AG-1033,1,58.5,0,28.46,0,768,18,0
3528,ACC-103528,Abuja,2026-08-14T07:06:45.349Z,AG-1013,1,0,0,18.75,2,20496,9,0
3529,ACC-103529,Lagos,2026-07-28T07:06:45.349Z,AG-1005,2,26.8,0,0,1,0,13,0
3530,ACC-103530,Abuja,2026-08-06T07:06:45.349Z,AG-1038,2,11.4,1,18.18,0,0,13,0
3531,ACC-103531,Ibadan,2026-07-11T07:06:45.349Z,AG-1011,0,17.7,0,32.29,1,8016,7,0
3532,ACC-103532,Abuja,2026-07-19T07:06:45.349Z,AG-1023,2,5.4,0,20.87,2,0,7,0
3533,ACC-103533,Lagos,2026-08-10T07:06:45.349Z,AG-1027,2,57.6,0,0,0,14876,12,0
3534,ACC-103534,Ibadan,2026-06-29T07:06:45.349Z,AG-1013,1,30.3,0,0.87,0,0,13,0
3535,ACC-103535,Lagos,2026-08-28T07:06:45.349Z,AG-1033,5,28.8,1,23.37,0,0,13,0
3536,ACC-103536,Abuja,2026-08-28T07:06:45.349Z,AG-1003,0,15.5,1,16.99,0,0,11,0
3537,ACC-103537,Lagos,2026-07-08T07:06:45.349Z,AG-1002,2,19.7,0,13.35,0,0,11,0
3538,ACC-103538,Abuja,2026-06-06T07:06:45.349Z,AG-1033,0,345.2,1,1.85,8,167020,22,1
3539,ACC-103539,Port Harcourt,2026-08-30T07:06:45.349Z,AG-1013,2,7.9,0,3.43,0,0,8,0
3540,ACC-103540,Kano,2026-09-01T07:06:45.349Z,AG-1039,4,2.1,0,34.28,0,4479,7,0
3541,ACC-103541,Kano,2026-08-16T07:06:45.349Z,AG-1033,1,0,1,17.09,2,0,21,0
3542,ACC-103542,Port Harcourt,2026-07-07T07:06:45.349Z,AG-1008,1,0,0,14.9,1,18669,21,0
3543,ACC-103543,Ibadan,2026-08-03T07:06:45.349Z,AG-1006,2,31.4,0,13.71,1,0,17,0
3544,ACC-103544,Ibadan,2026-07-25T07:06:45.349Z,AG-1002,1,0.9,0,22.57,0,0,8,0
3545,ACC-103545,Ibadan,2026-07-25T07:06:45.349Z,AG-1002,5,25.6,0,7.09,3,8244,12,0
3546,ACC-103546,Kano,2026-07-15T07:06:45.349Z,AG-1016,2,0,1,5.34,0,0,13,0
3547,ACC-103547,Port Harcourt,2026-08-11T07:06:45.349Z,AG-1003,2,56.7,0,0,1,0,16,0
3548,ACC-103548,Kano,2026-08-09T07:06:45.349Z,AG-1002,2,73.4,0,21.56,1,0,14,0
3549,ACC-103549,Lagos,2026-06-11T07:06:45.349Z,AG-1013,5,28.6,0,28.43,1,0,6,0
3550,ACC-103550,Ibadan,2026-08-16T07:06:45.349Z,AG-1005,1,12.3,0,15.64,1,0,7,0
3551,ACC-103551,Ibadan,2026-08-12T07:06:45.349Z,AG-1027,2,13.8,1,29.11,0,0,8,0
3552,ACC-103552,Kano,2026-06-08T07:06:45.349Z,AG-1034,0,26.5,0,31.91,2,0,16,0
3553,ACC-103553,Ibadan,2026-07-31T07:06:45.349Z,AG-1011,5,1.8,0,14.28,1,0,19,0
3554,ACC-103554,Kano,2026-08-14T07:06:45.349Z,AG-1023,0,21.5,1,0,1,0,16,0
3555,ACC-103555,Port Harcourt,2026-07-12T07:06:45.349Z,AG-1021,2,6.5,0,30.23,0,0,9,0
3556,ACC-103556,Kano,2026-07-21T07:06:45.349Z,AG-1003,2,14.4,0,25.07,0,7742,9,0
3557,ACC-103557,Kano,2026-06-08T07:06:45.349Z,AG-1020,2,36.7,0,32.67,1,16458,8,0
3558,ACC-103558,Kano,2026-06-13T07:06:45.349Z,AG-1021,1,16.6,0,11.02,0,0,15,0
3559,ACC-103559,Port Harcourt,2026-08-24T07:06:45.349Z,AG-1031,1,4.8,0,18.63,0,0,13,0
3560,ACC-103560,Abuja,2026-08-24T07:06:45.349Z,AG-1009,1,52.8,0,1.01,1,0,11,0
3561,ACC-103561,Lagos,2026-07-03T07:06:45.349Z,AG-1023,2,21.4,0,27.88,0,0,10,0
3562,ACC-103562,Abuja,2026-07-12T07:06:45.349Z,AG-1034,2,8,0,17.61,1,0,9,0
3563,ACC-103563,Kano,2026-08-27T07:06:45.349Z,AG-1015,0,31.4,0,24.84,0,19375,17,0
3564,ACC-103564,Abuja,2026-07-09T07:06:45.349Z,AG-1002,1,1.3,1,12.77,2,0,7,0
3565,ACC-103565,Kano,2026-06-22T07:06:45.357Z,AG-1002,0,16.8,1,15.68,0,0,11,0
3566,ACC-103566,Lagos,2026-09-04T07:06:45.357Z,AG-1004,0,40.7,0,27.97,2,0,19,0
3567,ACC-103567,Kano,2026-07-27T07:06:45.357Z,AG-1024,3,8.2,0,0.84,1,0,8,0
3568,ACC-103568,Lagos,2026-08-22T07:06:45.357Z,AG-1022,1,354.1,1,0,8,811547,6,1
3569,ACC-103569,Kano,2026-08-14T07:06:45.357Z,AG-1037,3,10.2,0,4.38,1,0,8,0
3570,ACC-103570,Port Harcourt,2026-07-14T07:06:45.357Z,AG-1036,2,47.2,0,36.16,0,0,12,0
3571,ACC-103571,Lagos,2026-09-02T07:06:45.357Z,AG-1024,0,6.3,1,12.25,1,0,6,0
3572,ACC-103572,Port Harcourt,2026-06-19T07:06:45.357Z,AG-1013,4,0,1,0,0,0,22,0
3573,ACC-103573,Kano,2026-08-20T07:06:45.357Z,AG-1011,1,0,0,1.68,0,0,21,0
3574,ACC-103574,Port Harcourt,2026-07-26T07:06:45.357Z,AG-1029,4,87.8,1,9.86,0,0,16,0
3575,ACC-103575,Port Harcourt,2026-08-20T07:06:45.357Z,AG-1035,3,0,0,12.1,0,20237,13,0
3576,ACC-103576,Kano,2026-08-22T07:06:45.357Z,AG-1018,4,0,1,10.3,0,0,12,0
3577,ACC-103577,Lagos,2026-08-25T07:06:45.357Z,AG-1005,1,5.5,0,15.41,1,0,9,0
3578,ACC-103578,Lagos,2026-08-19T07:06:45.357Z,AG-1009,1,12.5,0,10.16,1,16826,18,0
3579,ACC-103579,Lagos,2026-06-27T07:06:45.357Z,AG-1035,2,72.5,0,16.84,0,0,7,0
3580,ACC-103580,Lagos,2026-08-10T07:06:45.357Z,AG-1024,2,8.1,1,7.01,0,20344,21,0
3581,ACC-103581,Lagos,2026-08-16T07:06:45.357Z,AG-1031,2,36.2,0,2.43,0,12745,12,0
3582,ACC-103582,Port Harcourt,2026-08-05T07:06:45.357Z,AG-1009,0,0,0,17.59,0,15860,13,0
3583,ACC-103583,Port Harcourt,2026-07-25T07:06:45.357Z,AG-1015,2,26.3,0,24.1,0,0,18,0
3584,ACC-103584,Kano,2026-08-30T07:06:45.357Z,AG-1009,3,4.9,0,7.88,0,0,14,0
3585,ACC-103585,Abuja,2026-07-06T07:06:45.357Z,AG-1039,1,45.6,1,1.9,2,0,12,0
3586,ACC-103586,Port Harcourt,2026-06-25T07:06:45.358Z,AG-1029,1,18.1,0,28.57,0,0,6,0
3587,ACC-103587,Kano,2026-08-08T07:06:45.358Z,AG-1039,2,11.4,0,16.11,0,0,7,0
3588,ACC-103588,Ibadan,2026-08-31T07:06:45.358Z,AG-1002,1,28.4,0,14.11,0,0,9,0
3589,ACC-103589,Lagos,2026-06-14T07:06:45.358Z,AG-1028,5,77.3,0,0.66,6,82267,0,1
3590,ACC-103590,Port Harcourt,2026-08-19T07:06:45.358Z,AG-1037,2,0,1,8.4,1,0,13,0
3591,ACC-103591,Kano,2026-07-15T07:06:45.358Z,AG-1030,0,67.5,1,24.14,0,0,19,0
3592,ACC-103592,Kano,2026-07-12T07:06:45.358Z,AG-1013,0,33.5,0,22.3,0,0,8,0
3593,ACC-103593,Lagos,2026-07-18T07:06:45.358Z,AG-1002,14,161.7,1,0,2,214902,15,1
3594,ACC-103594,Lagos,2026-08-13T07:06:45.358Z,AG-1004,1,9,1,28.6,0,0,13,0
3595,ACC-103595,Port Harcourt,2026-07-06T07:06:45.358Z,AG-1025,1,62.2,0,6.25,1,0,13,0
3596,ACC-103596,Port Harcourt,2026-08-01T07:06:45.358Z,AG-1007,1,20,0,14.75,1,16114,20,0
3597,ACC-103597,Abuja,2026-07-29T07:06:45.358Z,AG-1013,0,14.7,1,2.68,2,0,18,0
3598,ACC-103598,Ibadan,2026-09-02T07:06:45.358Z,AG-1014,3,27.9,0,15.48,1,1987,18,0
3599,ACC-103599,Port Harcourt,2026-08-18T07:06:45.358Z,AG-1002,1,0,0,19.47,1,0,12,0
3600,ACC-103600,Abuja,2026-07-28T07:06:45.358Z,AG-1014,2,0,0,23.02,1,0,22,0
3601,ACC-103601,Lagos,2026-08-24T07:06:45.358Z,AG-1000,0,0,0,21.08,1,0,8,0
3602,ACC-103602,Port Harcourt,2026-06-06T07:06:45.358Z,AG-1004,2,12.8,1,21.58,2,0,16,0
3603,ACC-103603,Abuja,2026-06-14T07:06:45.358Z,AG-1026,0,6.6,1,6.55,1,0,16,0
3604,ACC-103604,Port Harcourt,2026-08-18T07:06:45.358Z,AG-1009,2,1.3,0,19.6,0,0,12,0
3605,ACC-103605,Ibadan,2026-06-21T07:06:45.358Z,AG-1016,0,101.4,0,13.73,0,0,19,0
3606,ACC-103606,Kano,2026-08-10T07:06:45.358Z,AG-1012,1,23.3,1,10,0,0,20,0
3607,ACC-103607,Abuja,2026-07-10T07:06:45.358Z,AG-1021,1,12.8,0,27.13,1,0,10,0
3608,ACC-103608,Port Harcourt,2026-06-24T07:06:45.358Z,AG-1009,4,0,0,8.71,1,0,14,0
3609,ACC-103609,Ibadan,2026-08-31T07:06:45.358Z,AG-1028,1,47.4,1,0,0,0,12,0
3610,ACC-103610,Abuja,2026-07-11T07:06:45.358Z,AG-1003,1,57.9,0,30.42,1,0,14,0
3611,ACC-103611,Abuja,2026-06-26T07:06:45.358Z,AG-1023,2,249.3,1,1.75,8,493871,4,1
3612,ACC-103612,Lagos,2026-08-08T07:06:45.358Z,AG-1001,2,49.3,0,19.43,1,0,11,0
3613,ACC-103613,Port Harcourt,2026-08-22T07:06:45.358Z,AG-1006,2,0,0,8.97,0,0,9,0
3614,ACC-103614,Lagos,2026-07-08T07:06:45.358Z,AG-1031,3,4.1,1,2.06,1,0,12,0
3615,ACC-103615,Ibadan,2026-08-28T07:06:45.358Z,AG-1018,0,14.6,0,0,1,0,11,0
3616,ACC-103616,Abuja,2026-07-19T07:06:45.358Z,AG-1011,1,30.9,0,0,0,0,22,0
3617,ACC-103617,Ibadan,2026-07-13T07:06:45.358Z,AG-1033,3,22,0,12.96,0,0,16,0
3618,ACC-103618,Port Harcourt,2026-08-26T07:06:45.358Z,AG-1011,2,179.2,1,0,2,443294,2,1
3619,ACC-103619,Lagos,2026-08-24T07:06:45.358Z,AG-1003,0,34.9,0,11.67,0,20961,10,0
3620,ACC-103620,Ibadan,2026-07-07T07:06:45.358Z,AG-1022,3,26,0,32.55,0,0,13,0
3621,ACC-103621,Kano,2026-09-01T07:06:45.358Z,AG-1027,2,46.5,1,0,1,0,14,0
3622,ACC-103622,Abuja,2026-07-08T07:06:45.358Z,AG-1009,3,58.3,1,30.68,1,0,21,0
3623,ACC-103623,Port Harcourt,2026-09-04T07:06:45.358Z,AG-1026,2,9.6,1,9.31,0,0,21,0
3624,ACC-103624,Kano,2026-06-12T07:06:45.358Z,AG-1021,0,28.7,1,21.13,0,0,13,0
3625,ACC-103625,Abuja,2026-06-12T07:06:45.358Z,AG-1038,3,40.6,0,19.86,1,0,22,0
3626,ACC-103626,Abuja,2026-09-04T07:06:45.358Z,AG-1020,0,42.3,0,17.55,1,0,6,0
3627,ACC-103627,Kano,2026-06-16T07:06:45.358Z,AG-1024,6,0,0,11.53,2,0,17,0
3628,ACC-103628,Port Harcourt,2026-08-30T07:06:45.358Z,AG-1032,0,43.7,1,39.06,0,8333,11,0
3629,ACC-103629,Ibadan,2026-07-16T07:06:45.358Z,AG-1029,2,21.4,1,10.33,0,0,6,0
3630,ACC-103630,Port Harcourt,2026-07-08T07:06:45.358Z,AG-1014,0,49.2,1,39.51,0,0,8,0
3631,ACC-103631,Port Harcourt,2026-07-06T07:06:45.358Z,AG-1028,3,23.7,0,0,2,9586,17,0
3632,ACC-103632,Ibadan,2026-08-26T07:06:45.358Z,AG-1017,3,1.2,1,6.82,0,0,7,0
3633,ACC-103633,Ibadan,2026-08-08T07:06:45.358Z,AG-1035,3,56.6,1,2.56,4,357708,3,1
3634,ACC-103634,Kano,2026-08-06T07:06:45.358Z,AG-1015,1,31.7,0,13.77,0,18627,13,0
3635,ACC-103635,Port Harcourt,2026-07-22T07:06:45.358Z,AG-1033,0,3.4,1,17.06,1,0,21,0
3636,ACC-103636,Abuja,2026-07-15T07:06:45.358Z,AG-1028,0,10.1,0,0,2,0,8,0
3637,ACC-103637,Port Harcourt,2026-07-07T07:06:45.358Z,AG-1039,4,21.2,1,0,0,0,14,0
3638,ACC-103638,Kano,2026-06-29T07:06:45.358Z,AG-1027,4,53.4,0,1.91,0,0,18,0
3639,ACC-103639,Port Harcourt,2026-07-08T07:06:45.358Z,AG-1029,3,30.4,0,13.17,2,0,22,0
3640,ACC-103640,Kano,2026-08-23T07:06:45.358Z,AG-1033,0,0,0,29.37,1,0,7,0
3641,ACC-103641,Lagos,2026-09-01T07:06:45.358Z,AG-1032,3,0,0,10.72,0,13743,18,0
3642,ACC-103642,Abuja,2026-08-07T07:06:45.358Z,AG-1036,2,14.4,1,8.76,1,0,6,0
3643,ACC-103643,Abuja,2026-07-12T07:06:45.358Z,AG-1009,5,184.1,1,0.08,2,194364,2,1
3644,ACC-103644,Kano,2026-07-11T07:06:45.358Z,AG-1002,0,18.8,0,14.61,0,5576,8,0
3645,ACC-103645,Lagos,2026-08-08T07:06:45.358Z,AG-1035,2,14.9,0,0,1,0,9,0
3646,ACC-103646,Port Harcourt,2026-07-16T07:06:45.358Z,AG-1006,1,49,0,7.86,0,0,17,0
3647,ACC-103647,Abuja,2026-06-11T07:06:45.358Z,AG-1027,4,37.1,1,25.77,0,12865,10,0
3648,ACC-103648,Abuja,2026-08-06T07:06:45.358Z,AG-1013,3,5.7,0,7.86,2,0,8,0
3649,ACC-103649,Lagos,2026-06-30T07:06:45.358Z,AG-1025,6,20.8,0,28.48,0,3828,20,0
3650,ACC-103650,Ibadan,2026-08-24T07:06:45.358Z,AG-1020,3,19.8,0,7.73,1,0,14,0
3651,ACC-103651,Abuja,2026-08-28T07:06:45.358Z,AG-1032,3,11.4,1,17.99,1,0,16,0
3652,ACC-103652,Ibadan,2026-08-09T07:06:45.358Z,AG-1008,5,3.1,0,20.09,0,0,16,0
3653,ACC-103653,Lagos,2026-06-17T07:06:45.358Z,AG-1010,1,14,0,10.15,0,0,6,0
3654,ACC-103654,Ibadan,2026-06-14T07:06:45.358Z,AG-1022,2,0.6,0,18.95,2,0,16,0
3655,ACC-103655,Port Harcourt,2026-08-15T07:06:45.358Z,AG-1008,2,0,0,4.25,2,0,9,0
3656,ACC-103656,Port Harcourt,2026-09-01T07:06:45.358Z,AG-1034,0,1.8,0,8.65,0,0,17,0
3657,ACC-103657,Ibadan,2026-08-11T07:06:45.358Z,AG-1004,3,0,0,21.12,0,0,7,0
3658,ACC-103658,Kano,2026-06-28T07:06:45.358Z,AG-1004,1,49.9,0,24.92,1,0,7,0
3659,ACC-103659,Abuja,2026-09-04T07:06:45.358Z,AG-1026,4,34.2,1,0,2,74483,2,1
3660,ACC-103660,Kano,2026-07-02T07:06:45.358Z,AG-1034,5,30,0,25.92,1,0,12,0
3661,ACC-103661,Port Harcourt,2026-08-16T07:06:45.358Z,AG-1028,1,0,1,9.82,0,0,16,0
3662,ACC-103662,Kano,2026-08-20T07:06:45.358Z,AG-1018,0,48.2,0,16.65,0,0,16,0
3663,ACC-103663,Kano,2026-06-26T07:06:45.358Z,AG-1010,0,14.1,1,11.85,0,0,12,0
3664,ACC-103664,Port Harcourt,2026-06-11T07:06:45.358Z,AG-1007,0,4.2,0,18.97,2,19434,17,0
3665,ACC-103665,Port Harcourt,2026-07-11T07:06:45.358Z,AG-1023,4,2.8,0,14.86,1,0,21,0
3666,ACC-103666,Ibadan,2026-06-18T07:06:45.358Z,AG-1023,0,15,0,7.99,0,0,22,0
3667,ACC-103667,Lagos,2026-07-24T07:06:45.358Z,AG-1005,0,24.6,1,32.93,0,0,10,0
3668,ACC-103668,Kano,2026-07-12T07:06:45.358Z,AG-1000,2,39,1,40.79,0,15775,13,0
3669,ACC-103669,Kano,2026-06-24T07:06:45.358Z,AG-1038,2,8.2,0,30.05,1,6979,12,0
3670,ACC-103670,Port Harcourt,2026-08-27T07:06:45.358Z,AG-1012,2,14.8,0,12.1,1,0,15,0
3671,ACC-103671,Abuja,2026-08-12T07:06:45.358Z,AG-1017,1,0,1,18.47,0,5307,10,0
3672,ACC-103672,Abuja,2026-07-16T07:06:45.358Z,AG-1035,1,24.3,0,9.24,0,0,8,0
3673,ACC-103673,Ibadan,2026-07-26T07:06:45.358Z,AG-1024,2,0,1,9.78,1,4461,17,0
3674,ACC-103674,Ibadan,2026-06-08T07:06:45.359Z,AG-1012,0,13.5,0,15.38,1,0,9,0
3675,ACC-103675,Port Harcourt,2026-08-18T07:06:45.359Z,AG-1010,0,492.2,1,2.5,3,601962,6,1
3676,ACC-103676,Abuja,2026-08-17T07:06:45.359Z,AG-1015,2,19.9,1,3.88,0,0,15,0
3677,ACC-103677,Port Harcourt,2026-07-14T07:06:45.359Z,AG-1032,0,12.6,0,20.97,2,0,22,0
3678,ACC-103678,Abuja,2026-06-12T07:06:45.359Z,AG-1002,0,20,0,26.18,0,17487,7,0
3679,ACC-103679,Ibadan,2026-07-04T07:06:45.359Z,AG-1004,2,42.5,0,0,0,0,19,0
3680,ACC-103680,Kano,2026-07-28T07:06:45.359Z,AG-1036,1,54.6,0,14.4,1,0,22,0
3681,ACC-103681,Abuja,2026-07-11T07:06:45.359Z,AG-1035,0,54.1,0,1.16,2,8258,10,0
3682,ACC-103682,Kano,2026-08-06T07:06:45.359Z,AG-1005,4,250.5,1,0.21,6,0,6,1
3683,ACC-103683,Ibadan,2026-08-19T07:06:45.359Z,AG-1015,0,0,0,11.01,2,0,12,0
3684,ACC-103684,Port Harcourt,2026-06-25T07:06:45.359Z,AG-1024,2,12.2,0,16.89,1,0,19,0
3685,ACC-103685,Abuja,2026-08-31T07:06:45.359Z,AG-1010,0,0,0,12.44,2,0,22,0
3686,ACC-103686,Lagos,2026-08-28T07:06:45.359Z,AG-1022,0,0,1,26.34,0,0,10,0
3687,ACC-103687,Lagos,2026-06-20T07:06:45.359Z,AG-1006,1,10.4,0,12.43,0,0,22,0
3688,ACC-103688,Lagos,2026-08-23T07:06:45.359Z,AG-1011,2,61.5,0,17.96,2,0,14,0
3689,ACC-103689,Abuja,2026-08-29T07:06:45.359Z,AG-1006,0,7.4,0,30.02,0,0,11,0
3690,ACC-103690,Lagos,2026-08-21T07:06:45.359Z,AG-1004,3,100.4,0,11.91,0,0,10,0
3691,ACC-103691,Kano,2026-06-29T07:06:45.359Z,AG-1022,1,11.4,0,18.37,0,0,18,0
3692,ACC-103692,Lagos,2026-07-24T07:06:45.359Z,AG-1038,2,14.7,0,22.8,1,11684,9,0
3693,ACC-103693,Lagos,2026-07-21T07:06:45.359Z,AG-1028,1,42.7,1,8.99,0,0,11,0
3694,ACC-103694,Abuja,2026-07-02T07:06:45.359Z,AG-1012,5,18.9,1,13.47,0,0,12,0
3695,ACC-103695,Lagos,2026-06-24T07:06:45.359Z,AG-1028,0,0,0,20.93,1,0,12,0
3696,ACC-103696,Abuja,2026-08-29T07:06:45.359Z,AG-1024,0,63.7,0,15.16,0,0,22,0
3697,ACC-103697,Ibadan,2026-08-09T07:06:45.359Z,AG-1010,0,0,0,32.86,0,0,14,0
3698,ACC-103698,Port Harcourt,2026-09-01T07:06:45.359Z,AG-1030,0,0,0,18.06,0,0,7,0
3699,ACC-103699,Lagos,2026-06-21T07:06:45.359Z,AG-1029,2,42.7,1,17.87,1,0,11,0
3700,ACC-103700,Ibadan,2026-08-06T07:06:45.359Z,AG-1024,2,59.7,1,11.7,0,0,11,0
3701,ACC-103701,Kano,2026-07-18T07:06:45.359Z,AG-1034,1,35.1,0,31.2,1,0,13,0
3702,ACC-103702,Lagos,2026-06-07T07:06:45.359Z,AG-1026,2,56.7,0,14.18,0,0,14,0
3703,ACC-103703,Abuja,2026-06-19T07:06:45.359Z,AG-1006,2,326.2,1,2.11,7,417559,1,1
3704,ACC-103704,Abuja,2026-06-30T07:06:45.359Z,AG-1011,0,0,1,19.03,0,0,10,0
3705,ACC-103705,Lagos,2026-07-27T07:06:45.359Z,AG-1032,3,57.8,1,5.77,0,0,16,0
3706,ACC-103706,Port Harcourt,2026-07-30T07:06:45.359Z,AG-1009,1,2.5,1,14.25,0,13442,20,0
3707,ACC-103707,Abuja,2026-07-15T07:06:45.359Z,AG-1022,3,0,0,0,0,0,15,0
3708,ACC-103708,Lagos,2026-06-15T07:06:45.359Z,AG-1023,3,15.1,1,8.01,1,0,20,0
3709,ACC-103709,Kano,2026-07-29T07:06:45.359Z,AG-1011,1,7.5,0,0.02,2,17552,17,0
3710,ACC-103710,Abuja,2026-06-23T07:06:45.359Z,AG-1018,1,0,0,17.81,3,2968,9,0
3711,ACC-103711,Lagos,2026-06-25T07:06:45.359Z,AG-1021,0,0,0,8.52,0,0,17,0
3712,ACC-103712,Abuja,2026-09-02T07:06:45.359Z,AG-1018,3,3.8,0,21.05,1,0,14,0
3713,ACC-103713,Lagos,2026-06-10T07:06:45.359Z,AG-1037,1,56.1,0,22.12,0,0,11,0
3714,ACC-103714,Ibadan,2026-08-13T07:06:45.359Z,AG-1024,3,32.9,0,8.54,1,0,19,0
3715,ACC-103715,Lagos,2026-06-12T07:06:45.359Z,AG-1000,3,28.1,0,4.73,2,0,11,0
3716,ACC-103716,Kano,2026-06-21T07:06:45.359Z,AG-1025,1,5.3,0,7.76,1,0,6,0
3717,ACC-103717,Lagos,2026-06-20T07:06:45.359Z,AG-1002,2,19.6,0,31.24,2,0,13,0
3718,ACC-103718,Kano,2026-06-15T07:06:45.359Z,AG-1031,3,48.3,1,4.04,0,0,7,0
3719,ACC-103719,Abuja,2026-08-27T07:06:45.359Z,AG-1038,4,41.1,0,38.09,1,16985,10,0
3720,ACC-103720,Lagos,2026-06-16T07:06:45.360Z,AG-1006,1,45.9,0,28.2,1,0,22,0
3721,ACC-103721,Kano,2026-07-24T07:06:45.360Z,AG-1002,1,0.1,0,23.34,1,0,16,0
3722,ACC-103722,Kano,2026-06-16T07:06:45.360Z,AG-1035,2,16.1,1,17.11,2,632,18,0
3723,ACC-103723,Lagos,2026-07-15T07:06:45.360Z,AG-1009,3,0,1,0,2,7825,8,0
3724,ACC-103724,Ibadan,2026-07-09T07:06:45.360Z,AG-1037,0,18.2,0,15.88,0,0,13,0
3725,ACC-103725,Lagos,2026-06-14T07:06:45.360Z,AG-1018,2,11.4,0,6.94,0,0,20,0
3726,ACC-103726,Lagos,2026-07-12T07:06:45.360Z,AG-1033,3,6.2,0,31.69,1,0,7,0
3727,ACC-103727,Abuja,2026-08-06T07:06:45.360Z,AG-1008,1,5.7,0,10.37,3,0,21,0
3728,ACC-103728,Lagos,2026-06-27T07:06:45.360Z,AG-1021,3,11.2,0,12.08,1,21303,21,0
3729,ACC-103729,Abuja,2026-08-08T07:06:45.360Z,AG-1026,4,22.5,0,18.28,1,0,8,0
3730,ACC-103730,Port Harcourt,2026-07-26T07:06:45.360Z,AG-1021,2,42.5,0,0,1,5999,11,0
3731,ACC-103731,Lagos,2026-07-21T07:06:45.360Z,AG-1005,2,10.9,1,7.4,0,0,11,0
3732,ACC-103732,Kano,2026-07-10T07:06:45.360Z,AG-1020,4,65.1,1,13.68,0,0,10,0
3733,ACC-103733,Ibadan,2026-08-14T07:06:45.360Z,AG-1014,1,43.7,0,15.45,1,0,13,0
3734,ACC-103734,Ibadan,2026-07-18T07:06:45.360Z,AG-1035,1,2.7,0,19.81,1,5800,22,0
3735,ACC-103735,Lagos,2026-08-13T07:06:45.360Z,AG-1030,1,28.6,0,21.08,0,0,12,0
3736,ACC-103736,Port Harcourt,2026-08-26T07:06:45.360Z,AG-1023,4,8.4,0,19.27,1,0,10,0
3737,ACC-103737,Ibadan,2026-08-17T07:06:45.360Z,AG-1001,1,0,0,15.02,0,0,21,0
3738,ACC-103738,Lagos,2026-06-06T07:06:45.360Z,AG-1011,0,0,1,14.13,1,0,10,0
3739,ACC-103739,Abuja,2026-06-21T07:06:45.360Z,AG-1009,2,11.8,0,16.78,0,22419,12,0
3740,ACC-103740,Ibadan,2026-06-28T07:06:45.360Z,AG-1023,4,0,1,28.74,0,0,11,0
3741,ACC-103741,Kano,2026-08-03T07:06:45.360Z,AG-1034,1,20.2,1,10.86,2,0,14,0
3742,ACC-103742,Ibadan,2026-08-09T07:06:45.360Z,AG-1032,0,18.6,0,12.64,1,10934,6,0
3743,ACC-103743,Ibadan,2026-07-31T07:06:45.360Z,AG-1026,2,0,0,24.62,0,167,11,0
3744,ACC-103744,Lagos,2026-08-09T07:06:45.360Z,AG-1008,2,19.3,0,4.36,0,0,22,0
3745,ACC-103745,Ibadan,2026-08-01T07:06:45.360Z,AG-1005,3,31.7,1,6.38,0,0,9,0
3746,ACC-103746,Kano,2026-06-11T07:06:45.360Z,AG-1001,3,5.7,0,11.1,1,0,10,0
3747,ACC-103747,Ibadan,2026-08-18T07:06:45.360Z,AG-1018,2,31.6,0,9.73,0,0,6,0
3748,ACC-103748,Lagos,2026-06-10T07:06:45.360Z,AG-1023,0,0,1,13.04,0,0,10,0
3749,ACC-103749,Ibadan,2026-07-02T07:06:45.360Z,AG-1010,2,0,0,20.28,1,0,11,0
3750,ACC-103750,Abuja,2026-06-09T07:06:45.360Z,AG-1017,0,61.1,1,9.06,0,0,19,0
3751,ACC-103751,Lagos,2026-09-01T07:06:45.360Z,AG-1018,0,42.6,0,23.41,1,0,13,0
3752,ACC-103752,Ibadan,2026-07-05T07:06:45.360Z,AG-1018,0,0,0,29.36,3,13561,21,0
3753,ACC-103753,Ibadan,2026-06-09T07:06:45.360Z,AG-1032,2,0,0,24.33,0,0,17,0
3754,ACC-103754,Kano,2026-07-29T07:06:45.360Z,AG-1034,2,0,1,14.84,1,14584,18,0
3755,ACC-103755,Ibadan,2026-08-06T07:06:45.360Z,AG-1018,2,306.2,1,0.12,4,377047,0,1
3756,ACC-103756,Abuja,2026-08-06T07:06:45.360Z,AG-1001,0,11.7,1,4.23,0,0,22,0
3757,ACC-103757,Ibadan,2026-09-03T07:06:45.360Z,AG-1035,0,16.9,1,16.96,0,0,6,0
3758,ACC-103758,Lagos,2026-06-27T07:06:45.360Z,AG-1003,0,16.7,0,0,2,0,15,0
3759,ACC-103759,Lagos,2026-06-06T07:06:45.360Z,AG-1013,1,55.5,0,5.38,0,1361,13,0
3760,ACC-103760,Port Harcourt,2026-07-30T07:06:45.360Z,AG-1025,0,8.1,1,0,0,0,12,0
3761,ACC-103761,Lagos,2026-08-29T07:06:45.360Z,AG-1029,1,0,1,12.33,0,2001,16,0
3762,ACC-103762,Lagos,2026-07-31T07:06:45.360Z,AG-1035,1,91.2,0,24.06,0,0,21,0
3763,ACC-103763,Abuja,2026-07-27T07:06:45.360Z,AG-1018,1,31.2,1,1.72,0,0,20,0
3764,ACC-103764,Abuja,2026-07-05T07:06:45.360Z,AG-1019,1,17.3,0,23.53,0,0,8,0
3765,ACC-103765,Ibadan,2026-08-18T07:06:45.360Z,AG-1009,2,2.3,0,1.59,0,0,10,0
3766,ACC-103766,Ibadan,2026-06-11T07:06:45.360Z,AG-1039,1,0,0,27.3,0,0,8,0
3767,ACC-103767,Port Harcourt,2026-06-13T07:06:45.360Z,AG-1009,1,20,1,0,0,0,6,0
3768,ACC-103768,Ibadan,2026-06-24T07:06:45.360Z,AG-1012,5,11.8,1,0,2,8452,11,0
3769,ACC-103769,Lagos,2026-07-09T07:06:45.360Z,AG-1030,0,17.1,0,14.02,2,0,7,0
3770,ACC-103770,Port Harcourt,2026-06-08T07:06:45.360Z,AG-1017,2,33.2,1,44.72,2,0,8,0
3771,ACC-103771,Abuja,2026-07-28T07:06:45.360Z,AG-1012,3,18,0,9.26,1,0,9,0
3772,ACC-103772,Lagos,2026-07-06T07:06:45.360Z,AG-1030,0,0,1,5.2,1,0,11,0
3773,ACC-103773,Lagos,2026-08-20T07:06:45.360Z,AG-1013,0,12.3,0,13.63,0,0,14,0
3774,ACC-103774,Lagos,2026-06-27T07:06:45.360Z,AG-1013,1,56.9,0,24.29,0,0,16,0
3775,ACC-103775,Kano,2026-06-26T07:06:45.360Z,AG-1011,3,32,0,13.75,0,0,10,0
3776,ACC-103776,Kano,2026-08-22T07:06:45.360Z,AG-1032,0,14.8,0,13.32,0,0,20,0
3777,ACC-103777,Ibadan,2026-06-22T07:06:45.360Z,AG-1017,0,41.3,0,4.91,0,0,20,0
3778,ACC-103778,Lagos,2026-08-30T07:06:45.360Z,AG-1030,2,14.5,0,22.09,2,13533,17,0
3779,ACC-103779,Port Harcourt,2026-08-14T07:06:45.360Z,AG-1017,0,0,0,8.81,0,0,7,0
3780,ACC-103780,Kano,2026-06-10T07:06:45.360Z,AG-1024,2,30.9,0,16.99,2,0,9,0
3781,ACC-103781,Port Harcourt,2026-08-22T07:06:45.360Z,AG-1026,6,17.2,1,0,1,0,21,0
3782,ACC-103782,Lagos,2026-07-26T07:06:45.360Z,AG-1022,2,60.3,0,7.04,2,0,18,0
3783,ACC-103783,Lagos,2026-08-30T07:06:45.360Z,AG-1017,0,19.8,1,16.54,0,0,13,0
3784,ACC-103784,Abuja,2026-07-06T07:06:45.360Z,AG-1018,0,36.9,0,9.33,1,0,8,0
3785,ACC-103785,Kano,2026-07-03T07:06:45.360Z,AG-1025,1,11,0,22.82,1,17087,6,0
3786,ACC-103786,Lagos,2026-08-09T07:06:45.360Z,AG-1031,0,8.2,0,13.85,0,0,8,0
3787,ACC-103787,Kano,2026-07-21T07:06:45.360Z,AG-1030,1,73.2,0,0,0,0,20,0
3788,ACC-103788,Port Harcourt,2026-09-03T07:06:45.360Z,AG-1024,4,0,0,9.5,0,0,17,0
3789,ACC-103789,Lagos,2026-07-09T07:06:45.360Z,AG-1014,1,6.1,1,6.18,0,0,10,0
3790,ACC-103790,Ibadan,2026-06-27T07:06:45.360Z,AG-1003,1,0,1,17.12,1,0,22,0
3791,ACC-103791,Ibadan,2026-07-28T07:06:45.360Z,AG-1023,1,16.4,0,0.32,1,0,20,0
3792,ACC-103792,Lagos,2026-07-07T07:06:45.360Z,AG-1014,3,0,1,10.42,1,0,18,0
3793,ACC-103793,Lagos,2026-07-25T07:06:45.360Z,AG-1020,2,12.8,0,21.59,1,0,13,0
3794,ACC-103794,Abuja,2026-08-20T07:06:45.360Z,AG-1002,3,0,0,24.57,2,0,6,0
3795,ACC-103795,Port Harcourt,2026-06-29T07:06:45.360Z,AG-1031,1,3,0,28.83,0,1492,20,0
3796,ACC-103796,Port Harcourt,2026-07-21T07:06:45.360Z,AG-1022,1,46.3,1,6.85,0,13741,16,0
3797,ACC-103797,Abuja,2026-08-03T07:06:45.360Z,AG-1027,5,10.3,0,24.03,0,0,13,0
3798,ACC-103798,Lagos,2026-07-18T07:06:45.360Z,AG-1017,2,38.6,0,10.48,1,0,12,0
3799,ACC-103799,Kano,2026-06-20T07:06:45.360Z,AG-1037,3,0,0,10.01,1,0,17,0
3800,ACC-103800,Abuja,2026-07-13T07:06:45.360Z,AG-1023,0,0,0,0,0,0,11,0
3801,ACC-103801,Ibadan,2026-08-18T07:06:45.360Z,AG-1024,2,15.9,0,9.08,0,0,18,0
3802,ACC-103802,Kano,2026-08-24T07:06:45.360Z,AG-1009,2,43.6,0,5.25,1,6326,12,0
3803,ACC-103803,Kano,2026-06-09T07:06:45.360Z,AG-1000,0,0,0,14.12,0,0,13,0
3804,ACC-103804,Abuja,2026-08-13T07:06:45.360Z,AG-1037,3,26.4,1,26.96,2,0,21,0
3805,ACC-103805,Ibadan,2026-08-02T07:06:45.360Z,AG-1013,4,68.4,1,28.74,0,2502,9,0
3806,ACC-103806,Ibadan,2026-07-30T07:06:45.360Z,AG-1009,0,35.2,0,9.66,0,0,16,0
3807,ACC-103807,Port Harcourt,2026-06-22T07:06:45.360Z,AG-1001,16,175,1,2.36,2,10870,11,1
3808,ACC-103808,Lagos,2026-06-30T07:06:45.360Z,AG-1029,2,11.7,0,5.83,1,0,13,0
3809,ACC-103809,Lagos,2026-06-15T07:06:45.360Z,AG-1015,0,12.1,0,2.73,1,6819,18,0
3810,ACC-103810,Lagos,2026-07-24T07:06:45.360Z,AG-1031,0,22.5,1,4.6,1,0,10,0
3811,ACC-103811,Ibadan,2026-08-26T07:06:45.361Z,AG-1033,2,6,0,24.63,0,0,15,0
3812,ACC-103812,Port Harcourt,2026-07-09T07:06:45.361Z,AG-1038,4,2.9,1,9.42,0,0,12,0
3813,ACC-103813,Port Harcourt,2026-08-26T07:06:45.361Z,AG-1019,1,22.8,0,24.74,0,0,8,0
3814,ACC-103814,Kano,2026-07-15T07:06:45.361Z,AG-1005,0,0,0,18.81,0,6516,7,0
3815,ACC-103815,Lagos,2026-06-20T07:06:45.361Z,AG-1018,1,6,0,32.4,0,0,18,0
3816,ACC-103816,Kano,2026-08-17T07:06:45.361Z,AG-1017,2,23.9,0,10.01,0,0,14,0
3817,ACC-103817,Lagos,2026-09-02T07:06:45.361Z,AG-1035,3,0,0,26.32,0,0,13,0
3818,ACC-103818,Kano,2026-07-08T07:06:45.361Z,AG-1019,3,3.1,0,26.32,1,0,16,0
3819,ACC-103819,Ibadan,2026-08-18T07:06:45.361Z,AG-1004,10,359.3,1,0.08,9,106989,6,1
3820,ACC-103820,Abuja,2026-08-30T07:06:45.361Z,AG-1017,3,21.4,0,24.16,0,0,8,0
3821,ACC-103821,Kano,2026-07-02T07:06:45.361Z,AG-1029,0,47.1,0,21.9,2,4477,17,0
3822,ACC-103822,Kano,2026-09-03T07:06:45.361Z,AG-1006,1,8.5,1,6.25,0,0,16,0
3823,ACC-103823,Port Harcourt,2026-07-07T07:06:45.361Z,AG-1035,2,0,0,28.08,1,0,7,0
3824,ACC-103824,Port Harcourt,2026-06-30T07:06:45.361Z,AG-1039,2,10,0,23.12,1,4954,10,0
3825,ACC-103825,Lagos,2026-06-27T07:06:45.361Z,AG-1001,2,0,0,24.8,2,0,7,0
3826,ACC-103826,Abuja,2026-08-03T07:06:45.361Z,AG-1014,3,10.1,1,18.93,0,0,20,0
3827,ACC-103827,Kano,2026-07-22T07:06:45.361Z,AG-1035,2,0,0,14.9,0,0,17,0
3828,ACC-103828,Kano,2026-08-27T07:06:45.361Z,AG-1026,1,0,1,16.25,0,11044,22,0
3829,ACC-103829,Abuja,2026-07-30T07:06:45.361Z,AG-1017,1,18.4,0,26.94,0,0,12,0
3830,ACC-103830,Abuja,2026-08-22T07:06:45.361Z,AG-1009,1,0.7,0,25.09,1,0,13,0
3831,ACC-103831,Port Harcourt,2026-08-09T07:06:45.361Z,AG-1005,2,8.8,1,11.79,0,0,15,0
3832,ACC-103832,Ibadan,2026-08-04T07:06:45.361Z,AG-1008,1,4.7,0,4.28,0,0,13,0
3833,ACC-103833,Ibadan,2026-06-15T07:06:45.361Z,AG-1005,1,7.5,0,2.24,0,0,22,0
3834,ACC-103834,Abuja,2026-07-30T07:06:45.361Z,AG-1037,3,11.7,0,0,0,21785,17,0
3835,ACC-103835,Ibadan,2026-08-26T07:06:45.361Z,AG-1000,0,85.3,0,12.53,0,0,18,0
3836,ACC-103836,Kano,2026-07-06T07:06:45.361Z,AG-1002,2,31.2,0,14.23,0,0,19,0
3837,ACC-103837,Ibadan,2026-08-15T07:06:45.361Z,AG-1038,2,14.7,0,21.68,1,0,6,0
3838,ACC-103838,Abuja,2026-06-15T07:06:45.361Z,AG-1005,3,85.7,0,0.98,3,213016,0,1
3839,ACC-103839,Abuja,2026-08-17T07:06:45.361Z,AG-1028,3,0,0,16.71,1,0,10,0
3840,ACC-103840,Lagos,2026-07-21T07:06:45.361Z,AG-1031,1,3.7,0,9.83,1,0,9,0
3841,ACC-103841,Ibadan,2026-06-07T07:06:45.361Z,AG-1006,0,25.9,0,6.03,0,0,15,0
3842,ACC-103842,Port Harcourt,2026-08-11T07:06:45.361Z,AG-1009,2,12.8,1,19.22,1,0,11,0
3843,ACC-103843,Abuja,2026-07-11T07:06:45.361Z,AG-1025,2,6.8,0,0,2,0,15,0
3844,ACC-103844,Kano,2026-08-19T07:06:45.361Z,AG-1014,0,0,1,0,0,0,13,0
3845,ACC-103845,Lagos,2026-09-01T07:06:45.361Z,AG-1030,3,31.6,0,9.9,0,7756,21,0
3846,ACC-103846,Port Harcourt,2026-08-06T07:06:45.361Z,AG-1034,0,54.1,0,6.3,3,0,9,0
3847,ACC-103847,Lagos,2026-08-22T07:06:45.361Z,AG-1023,2,19.5,0,6.34,0,0,22,0
3848,ACC-103848,Ibadan,2026-06-28T07:06:45.361Z,AG-1006,2,0,0,12.08,0,0,22,0
3849,ACC-103849,Kano,2026-07-14T07:06:45.361Z,AG-1004,2,51.8,0,0,0,0,13,0
3850,ACC-103850,Port Harcourt,2026-08-23T07:06:45.361Z,AG-1004,0,75.3,0,17.73,0,0,8,0
3851,ACC-103851,Kano,2026-06-25T07:06:45.361Z,AG-1018,1,49,0,35.06,2,0,13,0
3852,ACC-103852,Ibadan,2026-06-26T07:06:45.361Z,AG-1029,2,21.9,0,7.33,0,2300,8,0
3853,ACC-103853,Lagos,2026-07-05T07:06:45.361Z,AG-1017,1,13.8,0,4.61,1,0,22,0
3854,ACC-103854,Port Harcourt,2026-08-12T07:06:45.361Z,AG-1034,3,24.2,0,27.18,0,0,15,0
3855,ACC-103855,Kano,2026-06-11T07:06:45.361Z,AG-1033,3,4.4,0,0,0,0,21,0
3856,ACC-103856,Kano,2026-08-24T07:06:45.361Z,AG-1014,3,12.4,0,13.59,1,0,20,0
3857,ACC-103857,Kano,2026-08-08T07:06:45.361Z,AG-1026,4,1072.5,1,0,8,254950,0,1
3858,ACC-103858,Kano,2026-07-01T07:06:45.361Z,AG-1018,2,17.3,0,13.41,1,0,12,0
3859,ACC-103859,Port Harcourt,2026-07-09T07:06:45.361Z,AG-1028,1,66.7,0,27.15,2,22061,7,0
3860,ACC-103860,Lagos,2026-07-20T07:06:45.361Z,AG-1033,0,2,0,0,0,8042,11,0
3861,ACC-103861,Ibadan,2026-06-19T07:06:45.361Z,AG-1028,4,12.9,0,0,1,9466,12,0
3862,ACC-103862,Port Harcourt,2026-08-29T07:06:45.361Z,AG-1002,3,9.9,1,37.04,0,0,11,0
3863,ACC-103863,Ibadan,2026-06-14T07:06:45.361Z,AG-1038,2,0,0,10.18,0,0,20,0
3864,ACC-103864,Ibadan,2026-07-26T07:06:45.361Z,AG-1036,0,0.3,1,12.08,1,0,19,0
3865,ACC-103865,Ibadan,2026-06-24T07:06:45.361Z,AG-1038,0,13.4,0,14.62,2,0,16,0
3866,ACC-103866,Kano,2026-07-01T07:06:45.361Z,AG-1035,0,0,0,29.85,0,0,20,0
3867,ACC-103867,Lagos,2026-06-10T07:06:45.365Z,AG-1026,2,29.8,0,15.44,2,0,7,0
3868,ACC-103868,Lagos,2026-07-25T07:06:45.365Z,AG-1006,1,6.1,0,0,0,0,21,0
3869,ACC-103869,Abuja,2026-06-20T07:06:45.365Z,AG-1012,2,0,0,12.95,1,0,21,0
3870,ACC-103870,Lagos,2026-08-01T07:06:45.365Z,AG-1035,4,72.3,1,3.07,0,8933,7,0
3871,ACC-103871,Abuja,2026-06-06T07:06:45.365Z,AG-1014,3,18.4,0,3.97,0,0,22,0
3872,ACC-103872,Kano,2026-06-23T07:06:45.365Z,AG-1019,1,9.6,1,10.37,3,0,8,0
3873,ACC-103873,Lagos,2026-06-25T07:06:45.365Z,AG-1034,3,33.4,0,0.92,1,0,21,0
3874,ACC-103874,Abuja,2026-08-17T07:06:45.365Z,AG-1036,2,23.9,0,10.77,1,0,11,0
3875,ACC-103875,Abuja,2026-07-08T07:06:45.365Z,AG-1013,0,0,1,26.49,0,18956,11,0
3876,ACC-103876,Abuja,2026-08-27T07:06:45.365Z,AG-1034,1,31.9,1,22.52,1,0,16,0
3877,ACC-103877,Lagos,2026-06-13T07:06:45.365Z,AG-1036,1,26.3,0,36.32,0,0,16,0
3878,ACC-103878,Ibadan,2026-06-12T07:06:45.365Z,AG-1016,0,0,0,8.91,2,9664,10,0
3879,ACC-103879,Ibadan,2026-09-04T07:06:45.365Z,AG-1035,2,19,1,18.82,1,0,18,0
3880,ACC-103880,Ibadan,2026-07-24T07:06:45.365Z,AG-1018,2,14.9,0,16.08,1,0,7,0
3881,ACC-103881,Ibadan,2026-07-22T07:06:45.365Z,AG-1038,3,0,0,26.66,0,0,15,0
3882,ACC-103882,Ibadan,2026-06-17T07:06:45.365Z,AG-1028,0,0,0,6.5,0,0,20,0
3883,ACC-103883,Kano,2026-06-10T07:06:45.365Z,AG-1014,1,73,1,14.1,1,0,17,0
3884,ACC-103884,Kano,2026-08-18T07:06:45.365Z,AG-1032,1,0,0,25.78,0,0,12,0
3885,ACC-103885,Kano,2026-07-25T07:06:45.365Z,AG-1011,4,33.2,1,17.99,0,15915,15,0
3886,ACC-103886,Abuja,2026-08-20T07:06:45.365Z,AG-1000,5,14.2,0,27.04,0,11804,18,0
3887,ACC-103887,Port Harcourt,2026-07-19T07:06:45.365Z,AG-1020,2,20.2,0,22.97,0,5146,12,0
3888,ACC-103888,Port Harcourt,2026-07-01T07:06:45.365Z,AG-1038,1,25.9,1,0,2,12453,15,0
3889,ACC-103889,Port Harcourt,2026-06-09T07:06:45.365Z,AG-1036,1,264.2,1,0.23,3,319883,4,1
3890,ACC-103890,Abuja,2026-07-05T07:06:45.365Z,AG-1006,1,11.2,1,33.55,1,0,14,0
3891,ACC-103891,Lagos,2026-07-06T07:06:45.365Z,AG-1031,1,27.5,0,19.5,0,0,10,0
3892,ACC-103892,Ibadan,2026-08-03T07:06:45.365Z,AG-1001,2,11,1,17.3,0,0,11,0
3893,ACC-103893,Port Harcourt,2026-06-26T07:06:45.365Z,AG-1009,2,4.6,1,6.55,0,0,6,0
3894,ACC-103894,Abuja,2026-08-08T07:06:45.365Z,AG-1018,0,5.8,0,28.98,1,0,12,0
3895,ACC-103895,Ibadan,2026-06-10T07:06:45.365Z,AG-1032,2,0,1,3.19,0,0,21,0
3896,ACC-103896,Port Harcourt,2026-08-01T07:06:45.365Z,AG-1024,4,37.8,0,11.8,1,0,21,0
3897,ACC-103897,Ibadan,2026-07-23T07:06:45.365Z,AG-1023,1,11.2,1,8.29,0,0,17,0
3898,ACC-103898,Kano,2026-07-02T07:06:45.365Z,AG-1034,2,0,0,25.01,0,0,20,0
3899,ACC-103899,Port Harcourt,2026-07-24T07:06:45.365Z,AG-1035,3,22.5,0,11.34,0,0,9,0
3900,ACC-103900,Lagos,2026-07-18T07:06:45.365Z,AG-1004,1,24,0,0.07,1,12972,6,0
3901,ACC-103901,Port Harcourt,2026-08-01T07:06:45.365Z,AG-1007,4,26.7,0,14.45,0,0,22,0
3902,ACC-103902,Kano,2026-08-30T07:06:45.365Z,AG-1006,1,26.7,0,28.23,0,0,22,0
3903,ACC-103903,Lagos,2026-08-02T07:06:45.365Z,AG-1035,3,0,0,0.24,6,226784,0,1
3904,ACC-103904,Lagos,2026-08-11T07:06:45.365Z,AG-1021,5,0,0,4.99,0,6148,12,0
3905,ACC-103905,Ibadan,2026-06-29T07:06:45.366Z,AG-1027,1,56,0,18.98,2,0,14,0
3906,ACC-103906,Ibadan,2026-06-29T07:06:45.366Z,AG-1014,0,23.4,0,4.1,2,0,22,0
3907,ACC-103907,Abuja,2026-07-31T07:06:45.366Z,AG-1022,3,2,0,21.29,0,0,11,0
3908,ACC-103908,Kano,2026-08-13T07:06:45.366Z,AG-1037,2,47.3,0,5.04,0,0,12,0
3909,ACC-103909,Kano,2026-08-08T07:06:45.366Z,AG-1030,0,0,1,2.11,0,0,18,0
3910,ACC-103910,Abuja,2026-06-17T07:06:45.366Z,AG-1002,1,0,0,36.47,1,0,13,0
3911,ACC-103911,Ibadan,2026-08-04T07:06:45.366Z,AG-1014,0,38.6,0,19.95,1,0,18,0
3912,ACC-103912,Port Harcourt,2026-07-09T07:06:45.366Z,AG-1032,0,1.7,0,14.81,1,17187,22,0
3913,ACC-103913,Ibadan,2026-07-12T07:06:45.366Z,AG-1000,2,0,0,8.93,0,0,20,0
3914,ACC-103914,Lagos,2026-07-17T07:06:45.366Z,AG-1016,1,39.8,0,7.75,0,14253,22,0
3915,ACC-103915,Port Harcourt,2026-08-22T07:06:45.366Z,AG-1021,2,21.9,0,17.38,0,0,20,0
3916,ACC-103916,Lagos,2026-07-26T07:06:45.366Z,AG-1017,2,35.1,0,20.16,0,0,9,0
3917,ACC-103917,Abuja,2026-07-02T07:06:45.366Z,AG-1032,1,14.4,0,1.71,0,10669,21,0
3918,ACC-103918,Lagos,2026-08-27T07:06:45.366Z,AG-1007,1,0,0,12.96,0,13680,15,0
3919,ACC-103919,Abuja,2026-07-30T07:06:45.366Z,AG-1027,2,0,0,14.33,0,0,21,0
3920,ACC-103920,Kano,2026-07-23T07:06:45.366Z,AG-1032,0,4.7,0,14.49,1,0,21,0
3921,ACC-103921,Port Harcourt,2026-07-08T07:06:45.366Z,AG-1023,1,36.6,0,16.37,1,0,16,0
3922,ACC-103922,Abuja,2026-07-29T07:06:45.366Z,AG-1026,3,45.4,0,27.08,0,0,6,0
3923,ACC-103923,Port Harcourt,2026-06-29T07:06:45.366Z,AG-1013,2,24.6,1,25.7,2,0,7,0
3924,ACC-103924,Kano,2026-08-17T07:06:45.366Z,AG-1035,0,27,0,18.4,0,0,17,0
3925,ACC-103925,Port Harcourt,2026-06-13T07:06:45.366Z,AG-1011,2,0,0,24.09,1,0,9,0
3926,ACC-103926,Abuja,2026-08-18T07:06:45.366Z,AG-1002,7,259.5,1,0.32,4,264204,18,1
3927,ACC-103927,Port Harcourt,2026-07-31T07:06:45.366Z,AG-1007,3,113.4,1,0.01,2,300953,3,1
3928,ACC-103928,Lagos,2026-08-28T07:06:45.366Z,AG-1020,1,5.3,1,1.64,1,0,8,0
3929,ACC-103929,Kano,2026-08-14T07:06:45.366Z,AG-1038,4,8,0,0,2,0,19,0
3930,ACC-103930,Ibadan,2026-08-02T07:06:45.366Z,AG-1001,3,50.7,0,14.47,1,0,11,0
3931,ACC-103931,Lagos,2026-08-09T07:06:45.366Z,AG-1017,3,0,0,12.72,1,6975,10,0
3932,ACC-103932,Lagos,2026-06-06T07:06:45.366Z,AG-1025,0,3.4,0,16.45,1,0,7,0
3933,ACC-103933,Abuja,2026-06-20T07:06:45.366Z,AG-1015,3,15.6,1,19.39,0,0,14,0
3934,ACC-103934,Lagos,2026-08-26T07:06:45.366Z,AG-1002,2,43.9,1,22.34,0,0,20,0
3935,ACC-103935,Abuja,2026-08-11T07:06:45.366Z,AG-1018,5,55.8,0,14.17,3,0,7,0
3936,ACC-103936,Ibadan,2026-07-19T07:06:45.366Z,AG-1027,1,27.3,0,9.22,0,0,6,0
3937,ACC-103937,Abuja,2026-06-15T07:06:45.366Z,AG-1028,3,31.9,1,0,1,0,22,0
3938,ACC-103938,Lagos,2026-06-24T07:06:45.366Z,AG-1025,2,4.1,1,22.5,0,0,16,0
3939,ACC-103939,Abuja,2026-08-19T07:06:45.366Z,AG-1019,0,12,0,28.93,2,10266,13,0
3940,ACC-103940,Port Harcourt,2026-08-27T07:06:45.366Z,AG-1003,3,32.5,1,18.12,2,2430,16,0
3941,ACC-103941,Port Harcourt,2026-08-12T07:06:45.366Z,AG-1032,0,0.7,0,13.48,0,0,12,0
3942,ACC-103942,Abuja,2026-06-12T07:06:45.366Z,AG-1039,3,2.7,0,19.86,1,0,16,0
3943,ACC-103943,Abuja,2026-09-03T07:06:45.366Z,AG-1001,1,44,0,15.32,0,0,11,0
3944,ACC-103944,Abuja,2026-07-31T07:06:45.366Z,AG-1004,3,22.9,0,11.63,0,13549,18,0
3945,ACC-103945,Kano,2026-08-25T07:06:45.366Z,AG-1039,3,28.5,0,31.04,0,0,10,0
3946,ACC-103946,Abuja,2026-07-23T07:06:45.366Z,AG-1037,1,19.2,0,12.91,1,0,16,0
3947,ACC-103947,Ibadan,2026-08-10T07:06:45.366Z,AG-1016,5,11.7,0,1.71,2,0,6,0
3948,ACC-103948,Ibadan,2026-07-29T07:06:45.366Z,AG-1017,2,32.7,1,0,1,0,16,0
3949,ACC-103949,Port Harcourt,2026-09-02T07:06:45.366Z,AG-1013,1,0,0,21.03,1,0,8,0
3950,ACC-103950,Kano,2026-09-01T07:06:45.366Z,AG-1035,0,46.7,0,7.02,1,12774,16,0
3951,ACC-103951,Abuja,2026-08-02T07:06:45.366Z,AG-1012,1,28,0,27.07,1,0,9,0
3952,ACC-103952,Abuja,2026-06-13T07:06:45.366Z,AG-1000,4,54.3,1,0,0,0,9,0
3953,ACC-103953,Kano,2026-06-28T07:06:45.366Z,AG-1033,0,70.4,1,32.98,1,16696,12,0
3954,ACC-103954,Kano,2026-08-01T07:06:45.366Z,AG-1034,0,25.1,0,19.06,1,0,22,0
3955,ACC-103955,Abuja,2026-06-27T07:06:45.366Z,AG-1038,0,23.7,1,14.3,1,0,21,0
3956,ACC-103956,Kano,2026-06-17T07:06:45.366Z,AG-1026,3,0,0,19.59,0,10985,14,0
3957,ACC-103957,Abuja,2026-09-03T07:06:45.366Z,AG-1016,1,30.3,1,7.63,2,0,16,0
3958,ACC-103958,Ibadan,2026-09-01T07:06:45.366Z,AG-1009,1,87.6,0,0,0,0,7,0
3959,ACC-103959,Port Harcourt,2026-06-18T07:06:45.366Z,AG-1035,1,19.4,0,15.79,1,0,13,0
3960,ACC-103960,Kano,2026-08-20T07:06:45.366Z,AG-1019,1,23.6,0,36.06,0,0,14,0
3961,ACC-103961,Port Harcourt,2026-07-17T07:06:45.366Z,AG-1038,1,15.3,0,11.25,1,0,11,0
3962,ACC-103962,Abuja,2026-07-18T07:06:45.366Z,AG-1012,2,1.8,1,23.62,1,0,7,0
3963,ACC-103963,Ibadan,2026-07-08T07:06:45.366Z,AG-1028,3,0,0,0,0,6481,18,0
3964,ACC-103964,Kano,2026-08-24T07:06:45.366Z,AG-1012,3,3.1,1,3.18,1,1200,11,0
3965,ACC-103965,Kano,2026-07-06T07:06:45.366Z,AG-1024,3,29.5,0,4.03,2,13679,18,0
3966,ACC-103966,Kano,2026-06-08T07:06:45.366Z,AG-1009,1,70.3,1,8.71,1,0,17,0
3967,ACC-103967,Ibadan,2026-09-03T07:06:45.366Z,AG-1008,0,14.6,0,0,0,0,17,0
3968,ACC-103968,Ibadan,2026-08-09T07:06:45.366Z,AG-1019,1,20.2,0,17.9,0,5067,15,0
3969,ACC-103969,Port Harcourt,2026-08-03T07:06:45.366Z,AG-1004,1,0,0,18.09,2,0,20,0
3970,ACC-103970,Port Harcourt,2026-07-12T07:06:45.366Z,AG-1034,1,2.1,0,5.27,0,0,12,0
3971,ACC-103971,Kano,2026-06-06T07:06:45.366Z,AG-1003,0,0,0,16.6,1,0,21,0
3972,ACC-103972,Lagos,2026-07-19T07:06:45.366Z,AG-1007,3,131.3,0,0.36,7,316274,23,1
3973,ACC-103973,Kano,2026-06-17T07:06:45.366Z,AG-1010,3,16.9,0,0,1,0,10,0
3974,ACC-103974,Lagos,2026-06-14T07:06:45.366Z,AG-1010,0,0,0,11.38,2,0,7,0
3975,ACC-103975,Ibadan,2026-08-17T07:06:45.366Z,AG-1018,3,56.2,1,0.54,3,321951,0,1
3976,ACC-103976,Abuja,2026-08-13T07:06:45.366Z,AG-1025,1,13.9,1,19.23,2,11643,11,0
3977,ACC-103977,Ibadan,2026-06-07T07:06:45.366Z,AG-1024,1,65.3,0,30.56,2,18218,17,0
3978,ACC-103978,Lagos,2026-07-01T07:06:45.366Z,AG-1021,2,11.9,0,11.63,1,0,22,0
3979,ACC-103979,Abuja,2026-06-08T07:06:45.366Z,AG-1004,0,25.4,1,18.09,0,0,7,0
3980,ACC-103980,Port Harcourt,2026-08-10T07:06:45.366Z,AG-1026,2,2.9,0,10.56,0,0,10,0
3981,ACC-103981,Lagos,2026-07-29T07:06:45.366Z,AG-1035,0,37.3,0,11.64,0,0,15,0
3982,ACC-103982,Port Harcourt,2026-08-15T07:06:45.366Z,AG-1027,0,39.2,0,8.9,0,0,15,0
3983,ACC-103983,Abuja,2026-06-30T07:06:45.366Z,AG-1013,2,32.4,1,12.82,0,7916,11,0
3984,ACC-103984,Ibadan,2026-08-16T07:06:45.366Z,AG-1039,3,33.6,0,9.48,0,0,14,0
3985,ACC-103985,Port Harcourt,2026-07-16T07:06:45.366Z,AG-1034,0,66.2,1,0,1,0,8,0
3986,ACC-103986,Ibadan,2026-08-27T07:06:45.366Z,AG-1006,3,11.6,1,23.05,0,0,12,0
3987,ACC-103987,Abuja,2026-07-18T07:06:45.366Z,AG-1024,3,0,0,0,0,0,22,0
3988,ACC-103988,Abuja,2026-07-25T07:06:45.366Z,AG-1007,1,71.4,1,11,0,0,11,0
3989,ACC-103989,Lagos,2026-07-16T07:06:45.366Z,AG-1026,3,85.3,1,15.99,1,0,14,0
3990,ACC-103990,Lagos,2026-09-01T07:06:45.366Z,AG-1021,2,0,0,12.35,0,0,13,0
3991,ACC-103991,Port Harcourt,2026-06-21T07:06:45.366Z,AG-1005,4,0,0,3.53,0,19374,13,0
3992,ACC-103992,Lagos,2026-07-28T07:06:45.366Z,AG-1031,1,16.8,0,25.07,0,0,10,0
3993,ACC-103993,Kano,2026-08-17T07:06:45.366Z,AG-1005,3,21.1,1,0,1,0,11,0
3994,ACC-103994,Ibadan,2026-06-14T07:06:45.366Z,AG-1014,1,9.2,1,6.44,0,0,20,0
3995,ACC-103995,Abuja,2026-07-08T07:06:45.366Z,AG-1026,0,20.5,0,2.03,1,0,11,0
3996,ACC-103996,Abuja,2026-07-01T07:06:45.366Z,AG-1005,1,25.7,0,20.31,2,0,19,0
3997,ACC-103997,Kano,2026-08-07T07:06:45.366Z,AG-1005,0,5.9,0,20.7,1,0,15,0
3998,ACC-103998,Port Harcourt,2026-08-04T07:06:45.366Z,AG-1011,3,8.5,1,8.28,1,19192,6,0
3999,ACC-103999,Port Harcourt,2026-08-22T07:06:45.366Z,AG-1034,1,13.9,0,14.16,1,12177,22,0
4000,ACC-104000,Kano,2026-07-22T07:06:45.366Z,AG-1004,0,14.1,1,13.13,0,0,10,0
4001,ACC-104001,Ibadan,2026-06-18T07:06:45.366Z,AG-1038,2,31.5,1,18.8,0,0,19,0
4002,ACC-104002,Kano,2026-07-31T07:06:45.366Z,AG-1037,1,3.1,0,17.02,1,0,8,0
4003,ACC-104003,Lagos,2026-08-30T07:06:45.367Z,AG-1032,2,0,1,12.38,0,5313,12,0
4004,ACC-104004,Ibadan,2026-09-03T07:06:45.367Z,AG-1036,3,29.7,0,3.24,2,0,18,0
4005,ACC-104005,Kano,2026-07-20T07:06:45.367Z,AG-1009,3,35.5,0,9.23,1,16326,18,0
4006,ACC-104006,Abuja,2026-08-27T07:06:45.367Z,AG-1018,1,22.1,1,6.89,2,0,7,0
4007,ACC-104007,Kano,2026-06-08T07:06:45.367Z,AG-1031,0,57.9,0,12.27,2,0,13,0
4008,ACC-104008,Port Harcourt,2026-08-31T07:06:45.367Z,AG-1024,2,52.4,1,22.89,0,0,21,0
4009,ACC-104009,Ibadan,2026-09-02T07:06:45.367Z,AG-1009,3,0,1,17.14,0,0,9,0
4010,ACC-104010,Ibadan,2026-07-05T07:06:45.367Z,AG-1030,3,33.1,1,15.33,0,0,21,0
4011,ACC-104011,Kano,2026-08-26T07:06:45.367Z,AG-1013,4,72.4,1,29.26,0,10440,6,0
4012,ACC-104012,Abuja,2026-08-06T07:06:45.367Z,AG-1011,4,3.5,0,15.76,2,0,12,0
4013,ACC-104013,Abuja,2026-08-09T07:06:45.367Z,AG-1013,0,0,0,22.42,1,0,13,0
4014,ACC-104014,Ibadan,2026-09-02T07:06:45.367Z,AG-1013,1,12,1,18.49,0,0,7,0
4015,ACC-104015,Abuja,2026-07-19T07:06:45.367Z,AG-1000,2,26.4,0,0,0,12103,20,0
4016,ACC-104016,Port Harcourt,2026-08-09T07:06:45.367Z,AG-1033,2,31.1,0,19.96,1,0,12,0
4017,ACC-104017,Abuja,2026-08-16T07:06:45.367Z,AG-1029,0,40.8,0,24.44,1,0,13,0
4018,ACC-104018,Port Harcourt,2026-07-16T07:06:45.367Z,AG-1006,0,77.6,0,27.06,0,0,17,0
4019,ACC-104019,Kano,2026-08-23T07:06:45.367Z,AG-1029,4,0,1,22.72,1,0,9,0
4020,ACC-104020,Abuja,2026-08-08T07:06:45.367Z,AG-1023,0,326.7,1,2.33,2,50067,5,1
4021,ACC-104021,Abuja,2026-06-12T07:06:45.367Z,AG-1025,4,3.8,0,12.13,1,0,10,0
4022,ACC-104022,Lagos,2026-06-25T07:06:45.367Z,AG-1010,1,30.2,1,23.75,2,17677,22,0
4023,ACC-104023,Lagos,2026-07-05T07:06:45.367Z,AG-1027,0,0,0,13.99,2,0,22,0
4024,ACC-104024,Kano,2026-07-16T07:06:45.367Z,AG-1009,5,46.5,0,5.24,2,0,13,0
4025,ACC-104025,Port Harcourt,2026-07-26T07:06:45.367Z,AG-1009,2,23.3,0,6.19,1,0,22,0
4026,ACC-104026,Port Harcourt,2026-08-24T07:06:45.367Z,AG-1018,1,0,1,20.26,1,0,14,0
4027,ACC-104027,Lagos,2026-06-21T07:06:45.367Z,AG-1030,0,0.9,1,7.21,0,0,21,0
4028,ACC-104028,Abuja,2026-07-17T07:06:45.367Z,AG-1002,1,43.1,1,15.36,0,0,7,0
4029,ACC-104029,Abuja,2026-07-16T07:06:45.367Z,AG-1019,2,32.9,1,15.97,1,0,17,0
4030,ACC-104030,Lagos,2026-08-07T07:06:45.367Z,AG-1018,1,69.8,1,7.07,0,4933,16,0
4031,ACC-104031,Abuja,2026-07-23T07:06:45.367Z,AG-1032,3,56.9,0,14.02,2,0,20,0
4032,ACC-104032,Lagos,2026-08-06T07:06:45.367Z,AG-1020,0,48.6,0,20.89,3,0,6,0
4033,ACC-104033,Lagos,2026-07-21T07:06:45.367Z,AG-1038,1,11.6,1,21.95,0,0,9,0
4034,ACC-104034,Lagos,2026-09-01T07:06:45.367Z,AG-1024,3,6.7,0,16.92,0,0,17,0
4035,ACC-104035,Ibadan,2026-06-25T07:06:45.367Z,AG-1013,2,20.9,0,8.23,1,0,9,0
4036,ACC-104036,Lagos,2026-07-14T07:06:45.367Z,AG-1035,2,68,0,31.3,0,0,9,0
4037,ACC-104037,Port Harcourt,2026-08-03T07:06:45.367Z,AG-1037,4,31.7,1,2.31,2,396370,4,1
4038,ACC-104038,Kano,2026-06-23T07:06:45.367Z,AG-1006,0,0,0,16.25,0,0,6,0
4039,ACC-104039,Ibadan,2026-08-14T07:06:45.367Z,AG-1016,2,33.6,0,1.91,2,12839,7,0
4040,ACC-104040,Ibadan,2026-06-22T07:06:45.367Z,AG-1005,0,2.9,0,10.76,0,0,22,0
4041,ACC-104041,Lagos,2026-08-11T07:06:45.367Z,AG-1032,3,66.9,0,16.47,1,17644,11,0
4042,ACC-104042,Port Harcourt,2026-06-19T07:06:45.367Z,AG-1035,3,32.4,1,17.89,0,0,8,0
4043,ACC-104043,Abuja,2026-08-18T07:06:45.367Z,AG-1012,0,69.1,0,21.44,2,4626,16,0
4044,ACC-104044,Ibadan,2026-07-19T07:06:45.367Z,AG-1022,0,53.2,0,16.17,1,0,9,0
4045,ACC-104045,Kano,2026-09-01T07:06:45.367Z,AG-1030,1,54.9,0,7.73,2,17100,20,0
4046,ACC-104046,Lagos,2026-07-12T07:06:45.367Z,AG-1024,0,16.6,1,38.72,0,0,14,0
4047,ACC-104047,Abuja,2026-08-11T07:06:45.367Z,AG-1014,2,99.3,0,22.38,0,0,11,0
4048,ACC-104048,Lagos,2026-07-07T07:06:45.367Z,AG-1032,0,18.2,1,28.58,3,0,9,0
4049,ACC-104049,Port Harcourt,2026-07-12T07:06:45.367Z,AG-1010,0,74.1,0,16.27,0,0,15,0
4050,ACC-104050,Ibadan,2026-06-11T07:06:45.367Z,AG-1033,2,13.1,0,12.4,0,8288,15,0
4051,ACC-104051,Kano,2026-08-19T07:06:45.367Z,AG-1001,10,78.8,1,0.08,9,359767,4,1
4052,ACC-104052,Kano,2026-08-28T07:06:45.367Z,AG-1014,3,11.1,1,22.34,1,0,21,0
4053,ACC-104053,Lagos,2026-08-07T07:06:45.367Z,AG-1009,4,44.6,0,21.27,2,12745,17,0
4054,ACC-104054,Abuja,2026-08-24T07:06:45.367Z,AG-1005,3,9,0,14.65,0,0,9,0
4055,ACC-104055,Ibadan,2026-08-24T07:06:45.367Z,AG-1019,0,25.7,0,10.73,1,0,6,0
4056,ACC-104056,Ibadan,2026-08-06T07:06:45.367Z,AG-1019,4,25.9,0,0,5,0,23,1
4057,ACC-104057,Port Harcourt,2026-07-09T07:06:45.367Z,AG-1019,3,34.7,0,5.39,0,0,12,0
4058,ACC-104058,Kano,2026-06-24T07:06:45.367Z,AG-1007,1,46.9,0,19.1,0,0,9,0
4059,ACC-104059,Ibadan,2026-07-22T07:06:45.367Z,AG-1026,0,18.2,1,7.09,1,0,7,0
4060,ACC-104060,Ibadan,2026-08-28T07:06:45.367Z,AG-1000,1,0.5,0,19.33,0,0,17,0
4061,ACC-104061,Port Harcourt,2026-07-21T07:06:45.367Z,AG-1003,0,0,0,18.37,0,0,20,0
4062,ACC-104062,Lagos,2026-08-20T07:06:45.367Z,AG-1013,2,5.8,0,10.43,2,0,9,0
4063,ACC-104063,Lagos,2026-06-27T07:06:45.367Z,AG-1025,2,34.7,0,19.9,2,11575,7,0
4064,ACC-104064,Kano,2026-07-08T07:06:45.367Z,AG-1021,0,21.1,0,4.23,0,0,20,0
4065,ACC-104065,Port Harcourt,2026-08-10T07:06:45.367Z,AG-1021,4,5.4,1,0,1,0,19,0
4066,ACC-104066,Kano,2026-08-25T07:06:45.367Z,AG-1009,7,20.8,0,0,3,683990,3,1
4067,ACC-104067,Lagos,2026-06-22T07:06:45.367Z,AG-1023,1,0,1,11.31,2,0,11,0
4068,ACC-104068,Ibadan,2026-07-12T07:06:45.367Z,AG-1006,2,22.9,0,8.96,0,10780,7,0
4069,ACC-104069,Ibadan,2026-07-18T07:06:45.367Z,AG-1039,1,0,0,5.17,1,0,6,0
4070,ACC-104070,Ibadan,2026-06-07T07:06:45.367Z,AG-1022,5,86.2,0,14.15,0,0,9,0
4071,ACC-104071,Ibadan,2026-08-26T07:06:45.367Z,AG-1001,4,0,1,5.84,0,0,20,0
4072,ACC-104072,Port Harcourt,2026-07-14T07:06:45.367Z,AG-1032,0,37.8,0,10.24,1,0,13,0
4073,ACC-104073,Kano,2026-07-21T07:06:45.367Z,AG-1037,3,0,0,0,0,15253,8,0
4074,ACC-104074,Abuja,2026-07-29T07:06:45.367Z,AG-1028,1,4.3,1,3.15,2,0,15,0
4075,ACC-104075,Port Harcourt,2026-06-10T07:06:45.367Z,AG-1031,2,15,0,21.45,1,0,16,0
4076,ACC-104076,Lagos,2026-08-26T07:06:45.367Z,AG-1034,0,26.1,1,25.25,0,0,18,0
4077,ACC-104077,Kano,2026-08-31T07:06:45.367Z,AG-1024,0,18.6,0,4.14,0,6459,21,0
4078,ACC-104078,Port Harcourt,2026-06-09T07:06:45.367Z,AG-1011,0,12.5,0,20.25,1,0,18,0
4079,ACC-104079,Port Harcourt,2026-08-05T07:06:45.367Z,AG-1038,0,0,1,20.29,1,0,6,0
4080,ACC-104080,Port Harcourt,2026-08-31T07:06:45.367Z,AG-1017,1,34.4,0,10.48,0,0,11,0
4081,ACC-104081,Lagos,2026-07-19T07:06:45.367Z,AG-1011,4,46.2,0,22.23,2,0,19,0
4082,ACC-104082,Abuja,2026-07-31T07:06:45.367Z,AG-1023,1,20.2,0,19.22,0,0,16,0
4083,ACC-104083,Ibadan,2026-08-25T07:06:45.367Z,AG-1034,0,0,0,11.66,2,0,10,0
4084,ACC-104084,Port Harcourt,2026-06-08T07:06:45.367Z,AG-1018,2,6.6,0,8.57,1,0,6,0
4085,ACC-104085,Port Harcourt,2026-06-06T07:06:45.367Z,AG-1019,2,16.4,0,19.75,0,0,15,0
4086,ACC-104086,Lagos,2026-08-12T07:06:45.367Z,AG-1028,2,0,1,0,0,0,17,0
4087,ACC-104087,Lagos,2026-06-14T07:06:45.367Z,AG-1016,6,9.6,1,2.38,1,0,6,0
4088,ACC-104088,Ibadan,2026-06-27T07:06:45.367Z,AG-1020,2,24.4,0,11.04,0,0,19,0
4089,ACC-104089,Ibadan,2026-07-06T07:06:45.367Z,AG-1009,1,7.1,0,16.8,2,0,20,0
4090,ACC-104090,Ibadan,2026-08-08T07:06:45.367Z,AG-1022,4,36.9,0,4.15,1,17696,9,0
4091,ACC-104091,Ibadan,2026-06-30T07:06:45.367Z,AG-1010,1,16.5,0,10.42,1,0,18,0
4092,ACC-104092,Lagos,2026-08-31T07:06:45.367Z,AG-1024,2,0.4,0,4.67,0,0,6,0
4093,ACC-104093,Lagos,2026-08-22T07:06:45.367Z,AG-1003,15,387.2,1,2.91,6,153618,5,1
4094,ACC-104094,Ibadan,2026-06-23T07:06:45.367Z,AG-1028,4,37.2,0,5.33,1,0,17,0
4095,ACC-104095,Port Harcourt,2026-07-04T07:06:45.367Z,AG-1000,3,0,1,13.64,0,13565,10,0
4096,ACC-104096,Abuja,2026-08-27T07:06:45.367Z,AG-1011,2,0,0,20.83,3,12294,17,0
4097,ACC-104097,Kano,2026-07-09T07:06:45.367Z,AG-1032,4,26.8,0,12.52,1,0,14,0
4098,ACC-104098,Abuja,2026-07-14T07:06:45.367Z,AG-1014,2,19.6,0,32.93,0,0,15,0
4099,ACC-104099,Kano,2026-07-30T07:06:45.367Z,AG-1021,2,20.9,0,12.42,1,22505,18,0
4100,ACC-104100,Ibadan,2026-07-10T07:06:45.367Z,AG-1009,0,12.9,0,9.11,0,0,10,0
4101,ACC-104101,Abuja,2026-06-28T07:06:45.367Z,AG-1026,0,14.6,0,9.07,0,15573,18,0
4102,ACC-104102,Kano,2026-07-07T07:06:45.368Z,AG-1012,2,6.9,1,14.64,2,3092,21,0
4103,ACC-104103,Ibadan,2026-09-01T07:06:45.368Z,AG-1023,0,27.8,0,13.08,0,0,6,0
4104,ACC-104104,Abuja,2026-06-24T07:06:45.368Z,AG-1007,2,20,0,31.46,0,4893,22,0
4105,ACC-104105,Abuja,2026-08-31T07:06:45.368Z,AG-1022,0,0,0,9.88,1,13259,12,0
4106,ACC-104106,Lagos,2026-08-06T07:06:45.368Z,AG-1022,0,5,1,31.35,1,11739,11,0
4107,ACC-104107,Kano,2026-06-15T07:06:45.368Z,AG-1024,0,63.3,1,13.13,0,14007,15,0
4108,ACC-104108,Abuja,2026-07-27T07:06:45.368Z,AG-1014,1,55.6,0,3.07,0,0,9,0
4109,ACC-104109,Kano,2026-08-15T07:06:45.368Z,AG-1005,1,24.7,1,15.64,0,0,11,0
4110,ACC-104110,Lagos,2026-07-15T07:06:45.368Z,AG-1019,0,26,1,2.85,0,0,6,0
4111,ACC-104111,Kano,2026-06-17T07:06:45.368Z,AG-1006,1,21.2,0,16.54,1,0,13,0
4112,ACC-104112,Kano,2026-08-22T07:06:45.368Z,AG-1029,2,95.7,1,0,5,435334,4,1
4113,ACC-104113,Ibadan,2026-07-10T07:06:45.368Z,AG-1019,5,170.8,1,0,7,599295,21,1
4114,ACC-104114,Lagos,2026-06-10T07:06:45.368Z,AG-1030,3,53.3,1,23.8,1,0,11,0
4115,ACC-104115,Port Harcourt,2026-08-25T07:06:45.368Z,AG-1000,1,5.3,0,15.96,2,0,8,0
4116,ACC-104116,Abuja,2026-08-07T07:06:45.368Z,AG-1039,0,0,0,28.76,0,0,16,0
4117,ACC-104117,Kano,2026-08-09T07:06:45.368Z,AG-1000,3,9.2,1,20.49,0,0,22,0
4118,ACC-104118,Lagos,2026-07-21T07:06:45.368Z,AG-1013,1,0,0,13.74,0,0,11,0
4119,ACC-104119,Kano,2026-08-27T07:06:45.368Z,AG-1029,1,42.5,1,7.01,2,7994,21,0
4120,ACC-104120,Kano,2026-06-25T07:06:45.368Z,AG-1019,3,53.8,1,6.44,0,0,17,0
4121,ACC-104121,Lagos,2026-06-13T07:06:45.368Z,AG-1002,1,0,0,18.9,0,0,14,0
4122,ACC-104122,Lagos,2026-08-21T07:06:45.368Z,AG-1027,4,664,1,0.09,6,485565,2,1
4123,ACC-104123,Abuja,2026-08-16T07:06:45.368Z,AG-1013,3,15.3,0,3.94,1,0,17,0
4124,ACC-104124,Ibadan,2026-07-08T07:06:45.368Z,AG-1026,4,45.7,0,5.73,0,0,19,0
4125,ACC-104125,Lagos,2026-06-08T07:06:45.368Z,AG-1037,3,1.3,0,8.53,0,1322,6,0
4126,ACC-104126,Abuja,2026-07-16T07:06:45.368Z,AG-1014,3,394.2,0,1.5,5,380712,2,1
4127,ACC-104127,Port Harcourt,2026-07-24T07:06:45.368Z,AG-1017,2,5.2,1,2.57,1,0,11,0
4128,ACC-104128,Kano,2026-07-16T07:06:45.368Z,AG-1036,0,18.8,0,13.65,1,0,9,0
4129,ACC-104129,Lagos,2026-07-17T07:06:45.368Z,AG-1004,2,3.6,0,0,1,0,17,0
4130,ACC-104130,Kano,2026-07-19T07:06:45.368Z,AG-1030,2,57,0,7.83,2,0,13,0
4131,ACC-104131,Ibadan,2026-06-30T07:06:45.368Z,AG-1009,0,109.3,0,12.45,1,3721,9,0
4132,ACC-104132,Kano,2026-07-20T07:06:45.368Z,AG-1015,3,26.8,0,19.11,0,0,18,0
4133,ACC-104133,Kano,2026-07-23T07:06:45.368Z,AG-1032,3,33.7,1,28.8,1,7235,21,0
4134,ACC-104134,Kano,2026-07-25T07:06:45.368Z,AG-1025,3,0,1,27.56,0,0,6,0
4135,ACC-104135,Port Harcourt,2026-06-14T07:06:45.368Z,AG-1012,4,0,1,7.51,1,26124,8,0
4136,ACC-104136,Abuja,2026-08-03T07:06:45.368Z,AG-1039,3,42.1,0,22.65,0,0,16,0
4137,ACC-104137,Abuja,2026-08-25T07:06:45.368Z,AG-1002,5,13.2,0,19.89,1,0,11,0
4138,ACC-104138,Ibadan,2026-06-12T07:06:45.368Z,AG-1013,1,47.1,0,17.8,0,0,20,0
4139,ACC-104139,Abuja,2026-07-14T07:06:45.368Z,AG-1005,0,14.9,0,8.46,1,0,18,0
4140,ACC-104140,Port Harcourt,2026-07-21T07:06:45.368Z,AG-1003,7,324.9,1,1.62,4,536458,2,1
4141,ACC-104141,Abuja,2026-07-15T07:06:45.368Z,AG-1013,1,0,0,16.66,0,0,20,0
4142,ACC-104142,Kano,2026-07-10T07:06:45.368Z,AG-1017,0,9.8,0,2.76,0,0,14,0
4143,ACC-104143,Port Harcourt,2026-07-25T07:06:45.368Z,AG-1004,2,79,0,13.71,1,0,13,0
4144,ACC-104144,Ibadan,2026-08-21T07:06:45.368Z,AG-1030,2,40.8,1,24.16,3,0,8,0
4145,ACC-104145,Ibadan,2026-06-12T07:06:45.368Z,AG-1009,1,34.5,1,28.32,1,0,18,0
4146,ACC-104146,Abuja,2026-08-30T07:06:45.368Z,AG-1036,3,0,0,1.13,1,0,19,0
4147,ACC-104147,Ibadan,2026-07-09T07:06:45.368Z,AG-1033,1,8.8,0,17.21,1,0,15,0
4148,ACC-104148,Ibadan,2026-07-12T07:06:45.368Z,AG-1014,4,1.1,1,11.16,0,4574,20,0
4149,ACC-104149,Kano,2026-08-27T07:06:45.368Z,AG-1033,2,26.8,0,8.56,0,6140,18,0
4150,ACC-104150,Kano,2026-07-27T07:06:45.368Z,AG-1005,1,19.2,0,24.31,0,10282,18,0
4151,ACC-104151,Ibadan,2026-07-29T07:06:45.368Z,AG-1012,2,6.4,0,7.95,1,0,19,0
4152,ACC-104152,Kano,2026-08-22T07:06:45.368Z,AG-1005,4,29.8,0,28.21,0,0,16,0
4153,ACC-104153,Kano,2026-06-13T07:06:45.368Z,AG-1011,2,0,0,16.41,0,0,13,0
4154,ACC-104154,Port Harcourt,2026-07-05T07:06:45.368Z,AG-1000,0,5.7,0,11.19,1,0,11,0
4155,ACC-104155,Lagos,2026-09-03T07:06:45.368Z,AG-1010,1,1.9,1,12.12,0,0,7,0
4156,ACC-104156,Kano,2026-08-29T07:06:45.368Z,AG-1019,0,0,0,2.61,0,0,9,0
4157,ACC-104157,Lagos,2026-07-12T07:06:45.368Z,AG-1031,0,25,0,24.11,0,0,21,0
4158,ACC-104158,Port Harcourt,2026-09-01T07:06:45.368Z,AG-1009,2,19.5,0,20.1,0,0,11,0
4159,ACC-104159,Abuja,2026-07-31T07:06:45.368Z,AG-1015,2,31,1,13.2,1,0,6,0
4160,ACC-104160,Lagos,2026-06-14T07:06:45.368Z,AG-1034,2,37.2,0,11.12,0,0,6,0
4161,ACC-104161,Abuja,2026-07-03T07:06:45.368Z,AG-1033,4,37.4,0,7.52,1,0,14,0
4162,ACC-104162,Ibadan,2026-08-01T07:06:45.368Z,AG-1035,1,0,1,0,0,0,16,0
4163,ACC-104163,Port Harcourt,2026-06-16T07:06:45.368Z,AG-1016,2,16.2,0,27.04,0,0,12,0
4164,ACC-104164,Kano,2026-08-27T07:06:45.368Z,AG-1005,3,54.9,0,23.64,0,23635,17,0
4165,ACC-104165,Kano,2026-06-29T07:06:45.368Z,AG-1033,1,4.8,1,0,0,0,9,0
4166,ACC-104166,Kano,2026-08-21T07:06:45.368Z,AG-1020,1,3.2,0,9.63,0,0,8,0
4167,ACC-104167,Ibadan,2026-08-24T07:06:45.368Z,AG-1001,0,4.1,0,26.06,0,0,7,0
4168,ACC-104168,Ibadan,2026-09-01T07:06:45.368Z,AG-1038,2,0.1,1,28.88,1,619,19,0
4169,ACC-104169,Kano,2026-08-06T07:06:45.368Z,AG-1026,1,5,0,13.04,0,0,14,0
4170,ACC-104170,Lagos,2026-08-07T07:06:45.368Z,AG-1035,0,52.6,0,1.69,1,2306,14,0
4171,ACC-104171,Port Harcourt,2026-08-05T07:06:45.368Z,AG-1016,0,29.4,1,32.41,1,0,17,0
4172,ACC-104172,Abuja,2026-08-23T07:06:45.368Z,AG-1014,1,16.1,0,4.35,2,0,12,0
4173,ACC-104173,Port Harcourt,2026-08-13T07:06:45.368Z,AG-1023,1,6.6,0,11.32,0,23386,10,0
4174,ACC-104174,Lagos,2026-08-01T07:06:45.368Z,AG-1012,5,0,1,13.21,0,7428,22,0
4175,ACC-104175,Abuja,2026-07-27T07:06:45.368Z,AG-1020,3,0,1,10.55,2,0,17,0
4176,ACC-104176,Ibadan,2026-09-03T07:06:45.368Z,AG-1011,0,0,0,22.91,1,0,13,0
4177,ACC-104177,Lagos,2026-06-28T07:06:45.368Z,AG-1002,6,34.3,0,18.29,0,0,15,0
4178,ACC-104178,Abuja,2026-06-16T07:06:45.368Z,AG-1008,4,5.6,1,0.65,6,208539,7,1
4179,ACC-104179,Port Harcourt,2026-08-17T07:06:45.368Z,AG-1010,4,174.5,1,2.44,2,331113,3,1
4180,ACC-104180,Ibadan,2026-08-02T07:06:45.368Z,AG-1024,1,47.1,1,12.39,0,0,16,0
4181,ACC-104181,Port Harcourt,2026-06-06T07:06:45.368Z,AG-1036,5,14,1,28.23,2,0,7,0
4182,ACC-104182,Kano,2026-08-22T07:06:45.368Z,AG-1026,5,18.9,1,27.17,1,0,22,0
4183,ACC-104183,Kano,2026-07-01T07:06:45.368Z,AG-1010,0,545.5,1,0.52,4,381266,23,1
4184,ACC-104184,Lagos,2026-06-08T07:06:45.368Z,AG-1003,2,14.1,0,19.53,1,0,19,0
4185,ACC-104185,Kano,2026-07-24T07:06:45.368Z,AG-1010,1,15.9,1,20.3,0,0,14,0
4186,ACC-104186,Port Harcourt,2026-06-26T07:06:45.368Z,AG-1008,0,0,0,6.39,1,0,6,0
4187,ACC-104187,Kano,2026-08-09T07:06:45.368Z,AG-1018,0,7.4,0,3.36,1,0,16,0
4188,ACC-104188,Ibadan,2026-07-08T07:06:45.368Z,AG-1032,0,55.3,1,15.06,0,12312,13,0
4189,ACC-104189,Ibadan,2026-08-13T07:06:45.368Z,AG-1000,0,16.3,0,8.96,1,13377,9,0
4190,ACC-104190,Port Harcourt,2026-06-17T07:06:45.368Z,AG-1030,0,66.8,0,14.98,0,0,15,0
4191,ACC-104191,Abuja,2026-07-30T07:06:45.368Z,AG-1015,2,0,1,32.95,2,0,17,0
4192,ACC-104192,Ibadan,2026-08-07T07:06:45.368Z,AG-1013,2,11.4,1,28.29,0,0,11,0
4193,ACC-104193,Ibadan,2026-08-08T07:06:45.368Z,AG-1038,2,64.2,0,0,1,0,12,0
4194,ACC-104194,Abuja,2026-09-02T07:06:45.368Z,AG-1003,0,0,0,27.07,1,17262,8,0
4195,ACC-104195,Kano,2026-08-16T07:06:45.368Z,AG-1019,0,5.6,0,14.97,0,0,8,0
4196,ACC-104196,Abuja,2026-06-25T07:06:45.368Z,AG-1039,1,51.3,1,6.73,0,0,12,0
4197,ACC-104197,Abuja,2026-07-05T07:06:45.368Z,AG-1014,1,48.6,0,17.5,0,0,13,0
4198,ACC-104198,Lagos,2026-08-05T07:06:45.368Z,AG-1009,1,44.2,0,4.62,0,0,14,0
4199,ACC-104199,Lagos,2026-06-13T07:06:45.368Z,AG-1001,1,30.7,0,16.05,0,0,20,0
4200,ACC-104200,Ibadan,2026-08-18T07:06:45.368Z,AG-1014,1,136.3,0,12.06,0,0,8,0
4201,ACC-104201,Kano,2026-08-20T07:06:45.368Z,AG-1005,5,38.2,0,15.39,0,0,6,0
4202,ACC-104202,Abuja,2026-06-21T07:06:45.368Z,AG-1009,0,10.3,0,13.42,2,0,17,0
4203,ACC-104203,Abuja,2026-08-05T07:06:45.368Z,AG-1013,3,0.9,0,5.09,0,0,16,0
4204,ACC-104204,Ibadan,2026-06-23T07:06:45.371Z,AG-1006,4,18.5,0,13.86,0,0,9,0
4205,ACC-104205,Abuja,2026-07-07T07:06:45.371Z,AG-1015,2,31.4,0,0,0,13757,6,0
4206,ACC-104206,Port Harcourt,2026-07-31T07:06:45.371Z,AG-1013,0,13.1,0,15.63,2,0,12,0
4207,ACC-104207,Port Harcourt,2026-07-17T07:06:45.371Z,AG-1020,3,0,0,29.31,0,2993,6,0
4208,ACC-104208,Kano,2026-06-15T07:06:45.371Z,AG-1005,0,1.1,0,17.76,1,0,21,0
4209,ACC-104209,Lagos,2026-07-25T07:06:45.371Z,AG-1024,0,17.5,1,1.47,0,18992,11,0
4210,ACC-104210,Kano,2026-09-03T07:06:45.371Z,AG-1012,3,33.1,1,11.09,1,0,19,0
4211,ACC-104211,Ibadan,2026-06-10T07:06:45.371Z,AG-1034,3,7.4,0,30.24,0,0,11,0
4212,ACC-104212,Ibadan,2026-07-09T07:06:45.371Z,AG-1010,1,0,0,24.3,1,0,6,0
4213,ACC-104213,Port Harcourt,2026-07-08T07:06:45.371Z,AG-1016,1,19.2,0,17.34,1,18007,14,0
4214,ACC-104214,Lagos,2026-07-29T07:06:45.371Z,AG-1009,2,28.4,0,19.99,0,0,13,0
4215,ACC-104215,Ibadan,2026-07-21T07:06:45.371Z,AG-1034,1,25.8,0,15.17,0,0,20,0
4216,ACC-104216,Abuja,2026-07-29T07:06:45.371Z,AG-1034,2,0,0,0,1,0,22,0
4217,ACC-104217,Lagos,2026-06-18T07:06:45.371Z,AG-1032,4,472.4,1,1.88,0,553367,3,1
4218,ACC-104218,Abuja,2026-07-17T07:06:45.371Z,AG-1021,3,47.3,0,24.06,0,14582,16,0
4219,ACC-104219,Port Harcourt,2026-07-07T07:06:45.371Z,AG-1003,0,33.3,0,17.33,0,0,16,0
4220,ACC-104220,Kano,2026-08-29T07:06:45.371Z,AG-1032,3,18.7,0,11.4,2,16039,21,0
4221,ACC-104221,Port Harcourt,2026-06-29T07:06:45.371Z,AG-1030,1,23.3,1,23.72,3,18748,18,0
4222,ACC-104222,Port Harcourt,2026-08-16T07:06:45.371Z,AG-1008,0,24,0,27.51,0,0,15,0
4223,ACC-104223,Port Harcourt,2026-08-11T07:06:45.371Z,AG-1018,1,10.2,0,6.65,3,9903,15,0
4224,ACC-104224,Ibadan,2026-06-10T07:06:45.371Z,AG-1002,2,43.8,0,4.81,2,0,13,0
4225,ACC-104225,Lagos,2026-07-28T07:06:45.371Z,AG-1039,0,7.9,0,0,2,0,22,0
4226,ACC-104226,Kano,2026-08-17T07:06:45.371Z,AG-1005,1,0,0,0.51,1,31150,6,0
4227,ACC-104227,Port Harcourt,2026-08-22T07:06:45.371Z,AG-1001,4,48.4,0,9.81,0,0,14,0
4228,ACC-104228,Ibadan,2026-06-18T07:06:45.371Z,AG-1001,0,8.4,0,20.85,0,0,13,0
4229,ACC-104229,Lagos,2026-07-19T07:06:45.371Z,AG-1025,1,38.3,0,11.92,1,0,10,0
4230,ACC-104230,Kano,2026-08-31T07:06:45.371Z,AG-1037,0,234.5,1,1.57,1,523855,7,1
4231,ACC-104231,Lagos,2026-08-23T07:06:45.371Z,AG-1002,0,0,0,3.88,0,0,11,0
4232,ACC-104232,Kano,2026-06-20T07:06:45.371Z,AG-1012,5,25.2,0,15.73,0,0,22,0
4233,ACC-104233,Ibadan,2026-06-29T07:06:45.371Z,AG-1034,1,42.3,1,16.22,1,0,9,0
4234,ACC-104234,Port Harcourt,2026-08-03T07:06:45.371Z,AG-1023,2,0,0,3.26,1,0,17,0
4235,ACC-104235,Ibadan,2026-06-09T07:06:45.371Z,AG-1032,2,6.1,0,15.69,2,0,16,0
4236,ACC-104236,Port Harcourt,2026-06-27T07:06:45.371Z,AG-1031,0,57.6,0,10.25,0,0,11,0
4237,ACC-104237,Kano,2026-08-17T07:06:45.371Z,AG-1015,1,11.6,1,20.36,0,0,17,0
4238,ACC-104238,Port Harcourt,2026-08-25T07:06:45.371Z,AG-1012,3,9.5,1,12.06,1,0,15,0
4239,ACC-104239,Kano,2026-08-30T07:06:45.371Z,AG-1039,0,0,1,13.73,0,0,13,0
4240,ACC-104240,Lagos,2026-08-06T07:06:45.371Z,AG-1010,2,65.6,0,25.16,0,0,16,0
4241,ACC-104241,Abuja,2026-08-16T07:06:45.371Z,AG-1004,1,11,0,5.82,0,0,17,0
4242,ACC-104242,Lagos,2026-07-25T07:06:45.371Z,AG-1023,0,0,0,12.91,2,10711,18,0
4243,ACC-104243,Ibadan,2026-07-16T07:06:45.371Z,AG-1031,4,13.5,0,10.35,0,0,17,0
4244,ACC-104244,Ibadan,2026-07-06T07:06:45.371Z,AG-1023,0,0,0,4.1,0,0,9,0
4245,ACC-104245,Port Harcourt,2026-08-12T07:06:45.371Z,AG-1019,2,57.8,0,4.17,0,0,7,0
4246,ACC-104246,Abuja,2026-07-05T07:06:45.371Z,AG-1038,0,0,0,7.74,0,0,20,0
4247,ACC-104247,Abuja,2026-06-25T07:06:45.371Z,AG-1036,3,21.5,0,6.23,1,0,17,0
4248,ACC-104248,Ibadan,2026-06-11T07:06:45.371Z,AG-1014,4,58.9,1,21.54,3,0,12,0
4249,ACC-104249,Ibadan,2026-06-12T07:06:45.371Z,AG-1000,2,32.5,0,5.88,2,0,13,0
4250,ACC-104250,Ibadan,2026-08-05T07:06:45.371Z,AG-1029,2,0.5,0,14.88,4,0,21,0
4251,ACC-104251,Abuja,2026-06-21T07:06:45.371Z,AG-1010,2,59.1,0,5.2,1,10337,14,0
4252,ACC-104252,Kano,2026-07-26T07:06:45.371Z,AG-1017,1,4,0,11.3,2,0,14,0
4253,ACC-104253,Abuja,2026-07-25T07:06:45.371Z,AG-1039,1,0,0,16.01,0,4495,19,0
4254,ACC-104254,Abuja,2026-08-20T07:06:45.371Z,AG-1024,2,44.8,1,6.13,1,0,10,0
4255,ACC-104255,Ibadan,2026-08-02T07:06:45.371Z,AG-1030,3,15.1,0,12.34,0,0,16,0
4256,ACC-104256,Lagos,2026-08-10T07:06:45.371Z,AG-1030,3,288.8,1,0,3,267909,0,1
4257,ACC-104257,Kano,2026-06-09T07:06:45.371Z,AG-1007,2,43,0,25.62,0,0,11,0
4258,ACC-104258,Kano,2026-07-01T07:06:45.371Z,AG-1032,3,35.8,0,17.7,0,0,15,0
4259,ACC-104259,Lagos,2026-07-16T07:06:45.371Z,AG-1021,1,68,0,0,0,8200,21,0
4260,ACC-104260,Ibadan,2026-06-20T07:06:45.371Z,AG-1036,2,54.5,0,3.57,2,0,15,0
4261,ACC-104261,Abuja,2026-07-01T07:06:45.371Z,AG-1001,1,0,0,10.58,1,22351,11,0
4262,ACC-104262,Port Harcourt,2026-07-21T07:06:45.371Z,AG-1007,1,6.9,0,19.83,0,6382,10,0
4263,ACC-104263,Port Harcourt,2026-06-27T07:06:45.371Z,AG-1024,0,5,1,5.44,1,0,9,0
4264,ACC-104264,Port Harcourt,2026-07-09T07:06:45.371Z,AG-1032,1,7.4,0,21.06,1,0,9,0
4265,ACC-104265,Ibadan,2026-06-15T07:06:45.371Z,AG-1030,1,0.9,0,13.89,1,0,13,0
4266,ACC-104266,Abuja,2026-06-26T07:06:45.371Z,AG-1015,3,0,0,20.35,0,2716,7,0
4267,ACC-104267,Port Harcourt,2026-06-12T07:06:45.371Z,AG-1024,0,54.3,0,12.21,1,0,11,0
4268,ACC-104268,Kano,2026-07-31T07:06:45.371Z,AG-1028,0,9.5,0,5.58,3,0,8,0
4269,ACC-104269,Ibadan,2026-08-26T07:06:45.371Z,AG-1024,0,91.1,1,12.94,2,3969,7,0
4270,ACC-104270,Port Harcourt,2026-07-16T07:06:45.371Z,AG-1028,0,30.5,0,6.96,1,1001,20,0
4271,ACC-104271,Abuja,2026-08-13T07:06:45.371Z,AG-1035,2,6,1,15.9,0,0,20,0
4272,ACC-104272,Port Harcourt,2026-08-06T07:06:45.371Z,AG-1020,2,38.7,0,16.21,0,0,10,0
4273,ACC-104273,Port Harcourt,2026-08-03T07:06:45.371Z,AG-1009,2,28,0,19.42,1,0,7,0
4274,ACC-104274,Abuja,2026-07-31T07:06:45.371Z,AG-1002,0,2.4,1,2.18,0,2063,19,0
4275,ACC-104275,Lagos,2026-07-26T07:06:45.371Z,AG-1033,3,0,1,28.63,0,0,8,0
4276,ACC-104276,Kano,2026-06-10T07:06:45.371Z,AG-1010,4,266,1,2.37,6,275680,0,1
4277,ACC-104277,Port Harcourt,2026-06-18T07:06:45.371Z,AG-1029,2,6.8,0,0.78,0,0,9,0
4278,ACC-104278,Port Harcourt,2026-07-31T07:06:45.371Z,AG-1024,3,66.3,1,14.72,0,25973,21,0
4279,ACC-104279,Abuja,2026-07-13T07:06:45.371Z,AG-1018,0,39.7,0,19.31,0,8462,8,0
4280,ACC-104280,Ibadan,2026-06-14T07:06:45.371Z,AG-1037,0,0,0,3.82,0,0,16,0
4281,ACC-104281,Port Harcourt,2026-07-17T07:06:45.371Z,AG-1021,0,18.8,0,22.75,0,7150,11,0
4282,ACC-104282,Abuja,2026-07-08T07:06:45.371Z,AG-1017,2,19.1,0,10.27,1,25281,7,0
4283,ACC-104283,Lagos,2026-08-23T07:06:45.371Z,AG-1014,1,23.5,1,25.39,0,0,15,0
4284,ACC-104284,Ibadan,2026-06-22T07:06:45.371Z,AG-1002,13,0,1,0.92,7,346737,0,1
4285,ACC-104285,Kano,2026-07-12T07:06:45.371Z,AG-1010,1,77.3,0,13.18,0,6307,20,0
4286,ACC-104286,Lagos,2026-08-01T07:06:45.371Z,AG-1005,1,15.2,0,7.1,1,0,10,0
4287,ACC-104287,Kano,2026-08-07T07:06:45.371Z,AG-1023,3,68.6,0,21.09,2,0,22,0
4288,ACC-104288,Lagos,2026-07-08T07:06:45.371Z,AG-1016,4,0,0,35.58,0,0,21,0
4289,ACC-104289,Port Harcourt,2026-07-27T07:06:45.371Z,AG-1005,2,33.3,1,25.11,0,0,22,0
4290,ACC-104290,Kano,2026-07-09T07:06:45.371Z,AG-1031,1,51.2,0,8.74,0,0,13,0
4291,ACC-104291,Kano,2026-06-11T07:06:45.371Z,AG-1035,0,10.2,0,3,0,0,16,0
4292,ACC-104292,Kano,2026-06-27T07:06:45.371Z,AG-1033,2,46.5,0,11.42,0,180,18,0
4293,ACC-104293,Abuja,2026-07-11T07:06:45.371Z,AG-1008,2,0,1,0,2,0,17,0
4294,ACC-104294,Kano,2026-07-04T07:06:45.371Z,AG-1036,0,40.2,0,10.24,1,0,18,0
4295,ACC-104295,Lagos,2026-06-21T07:06:45.371Z,AG-1029,0,42.2,0,21.45,0,0,8,0
4296,ACC-104296,Ibadan,2026-08-30T07:06:45.371Z,AG-1027,0,51.8,0,3.6,1,0,14,0
4297,ACC-104297,Port Harcourt,2026-06-16T07:06:45.371Z,AG-1004,2,7.3,0,10.73,0,0,16,0
4298,ACC-104298,Kano,2026-07-24T07:06:45.371Z,AG-1015,3,11.8,0,16.28,2,0,22,0
4299,ACC-104299,Abuja,2026-08-04T07:06:45.371Z,AG-1036,3,34.2,0,12.36,0,0,10,0
4300,ACC-104300,Lagos,2026-08-14T07:06:45.371Z,AG-1030,0,30.1,1,11.14,0,2497,11,0
4301,ACC-104301,Port Harcourt,2026-06-15T07:06:45.371Z,AG-1016,1,0,0,34.79,1,0,15,0
4302,ACC-104302,Ibadan,2026-07-18T07:06:45.371Z,AG-1037,1,47.3,0,11.51,0,22408,9,0
4303,ACC-104303,Port Harcourt,2026-06-26T07:06:45.371Z,AG-1009,2,23.6,1,8.87,0,18242,16,0
4304,ACC-104304,Port Harcourt,2026-06-09T07:06:45.371Z,AG-1001,5,43.8,0,0,0,0,19,0
4305,ACC-104305,Ibadan,2026-07-25T07:06:45.371Z,AG-1025,0,47.2,0,7.93,2,14438,15,0
4306,ACC-104306,Kano,2026-06-16T07:06:45.371Z,AG-1021,2,7.9,0,30.86,1,0,21,0
4307,ACC-104307,Abuja,2026-08-29T07:06:45.371Z,AG-1019,0,3.3,0,14.99,0,18975,10,0
4308,ACC-104308,Lagos,2026-08-04T07:06:45.371Z,AG-1019,0,10.5,0,15.59,2,0,11,0
4309,ACC-104309,Port Harcourt,2026-08-09T07:06:45.371Z,AG-1037,3,45.9,0,7.45,0,8443,12,0
4310,ACC-104310,Abuja,2026-07-09T07:06:45.371Z,AG-1000,0,0,1,5,0,0,19,0
4311,ACC-104311,Ibadan,2026-07-26T07:06:45.371Z,AG-1021,0,43.7,1,9.32,1,0,15,0
4312,ACC-104312,Ibadan,2026-06-09T07:06:45.371Z,AG-1019,2,0,0,37.93,2,0,22,0
4313,ACC-104313,Kano,2026-06-14T07:06:45.371Z,AG-1005,3,2.8,0,3.98,1,0,15,0
4314,ACC-104314,Ibadan,2026-07-23T07:06:45.371Z,AG-1001,1,15.7,0,11.52,0,0,6,0
4315,ACC-104315,Kano,2026-08-25T07:06:45.371Z,AG-1011,1,40.5,0,7.4,0,0,15,0
4316,ACC-104316,Abuja,2026-06-29T07:06:45.371Z,AG-1022,1,0,0,0,2,0,12,0
4317,ACC-104317,Ibadan,2026-08-06T07:06:45.371Z,AG-1010,1,36.4,0,0,3,0,6,0
4318,ACC-104318,Abuja,2026-08-04T07:06:45.371Z,AG-1008,0,37.9,1,9.02,0,16687,8,0
4319,ACC-104319,Port Harcourt,2026-07-12T07:06:45.371Z,AG-1000,5,0,0,8.44,1,0,6,0
4320,ACC-104320,Port Harcourt,2026-06-13T07:06:45.371Z,AG-1023,1,40.3,0,4.84,1,0,7,0
4321,ACC-104321,Port Harcourt,2026-08-02T07:06:45.371Z,AG-1029,2,70.5,0,10.76,2,0,21,0
4322,ACC-104322,Ibadan,2026-08-17T07:06:45.371Z,AG-1026,0,31.6,1,32.69,3,0,21,0
4323,ACC-104323,Lagos,2026-07-20T07:06:45.371Z,AG-1027,4,23.4,1,24.48,2,0,12,0
4324,ACC-104324,Lagos,2026-08-15T07:06:45.371Z,AG-1010,0,1.3,0,18.42,0,0,10,0
4325,ACC-104325,Lagos,2026-08-30T07:06:45.371Z,AG-1012,2,20.2,1,17.28,0,0,14,0
4326,ACC-104326,Ibadan,2026-08-25T07:06:45.371Z,AG-1011,1,0,0,17.59,0,0,16,0
4327,ACC-104327,Port Harcourt,2026-08-31T07:06:45.371Z,AG-1015,2,7.9,1,12.76,0,2763,6,0
4328,ACC-104328,Abuja,2026-08-01T07:06:45.371Z,AG-1008,1,0,1,0,0,0,13,0
4329,ACC-104329,Abuja,2026-08-20T07:06:45.371Z,AG-1025,1,16.3,0,20.61,0,0,22,0
4330,ACC-104330,Kano,2026-07-13T07:06:45.371Z,AG-1014,0,17.3,0,19.16,0,0,18,0
4331,ACC-104331,Ibadan,2026-07-21T07:06:45.371Z,AG-1010,1,28.5,1,15.63,0,0,9,0
4332,ACC-104332,Ibadan,2026-06-08T07:06:45.371Z,AG-1036,0,152.7,1,1.57,6,0,2,1
4333,ACC-104333,Abuja,2026-08-26T07:06:45.371Z,AG-1037,2,8.8,0,5.07,1,0,15,0
4334,ACC-104334,Port Harcourt,2026-08-19T07:06:45.371Z,AG-1029,1,43.7,0,17.73,3,21555,21,0
4335,ACC-104335,Lagos,2026-07-17T07:06:45.371Z,AG-1037,0,13.3,1,25.35,0,0,21,0
4336,ACC-104336,Port Harcourt,2026-08-27T07:06:45.371Z,AG-1039,6,99.5,1,2.08,9,152366,1,1
4337,ACC-104337,Ibadan,2026-06-29T07:06:45.371Z,AG-1005,1,0,0,5.81,0,0,13,0
4338,ACC-104338,Port Harcourt,2026-08-13T07:06:45.371Z,AG-1022,2,61.8,0,14.85,1,0,17,0
4339,ACC-104339,Abuja,2026-08-22T07:06:45.371Z,AG-1004,2,0,0,12.61,1,0,6,0
4340,ACC-104340,Lagos,2026-08-04T07:06:45.371Z,AG-1033,2,26.9,1,8.84,1,0,20,0
4341,ACC-104341,Lagos,2026-08-04T07:06:45.371Z,AG-1009,2,26.6,0,7.73,0,0,16,0
4342,ACC-104342,Port Harcourt,2026-06-28T07:06:45.371Z,AG-1022,4,193.5,1,1.04,5,512878,11,1
4343,ACC-104343,Ibadan,2026-07-18T07:06:45.371Z,AG-1028,4,3.8,0,11.77,2,2209,18,0
4344,ACC-104344,Kano,2026-09-04T07:06:45.371Z,AG-1016,0,45,0,15.39,0,0,15,0
4345,ACC-104345,Abuja,2026-08-09T07:06:45.371Z,AG-1028,2,226.7,0,3.85,7,166315,1,1
4346,ACC-104346,Abuja,2026-07-05T07:06:45.371Z,AG-1004,10,297,1,0.5,5,508162,5,1
4347,ACC-104347,Lagos,2026-07-01T07:06:45.371Z,AG-1020,3,35.5,0,13.84,0,0,10,0
4348,ACC-104348,Port Harcourt,2026-08-26T07:06:45.371Z,AG-1025,2,31,1,12.65,1,0,13,0
4349,ACC-104349,Lagos,2026-08-17T07:06:45.371Z,AG-1026,2,7.4,1,14.66,1,0,9,0
4350,ACC-104350,Lagos,2026-06-07T07:06:45.371Z,AG-1010,1,12.2,0,0,1,0,11,0
4351,ACC-104351,Lagos,2026-08-15T07:06:45.371Z,AG-1033,2,0,0,16.24,0,0,16,0
4352,ACC-104352,Port Harcourt,2026-08-26T07:06:45.371Z,AG-1009,3,8.7,0,5.41,0,0,12,0
4353,ACC-104353,Port Harcourt,2026-06-18T07:06:45.371Z,AG-1010,3,42.8,0,0,0,0,18,0
4354,ACC-104354,Kano,2026-08-18T07:06:45.371Z,AG-1018,1,22.9,0,5.71,0,0,22,0
4355,ACC-104355,Port Harcourt,2026-06-08T07:06:45.371Z,AG-1030,3,31.1,0,23.25,1,0,16,0
4356,ACC-104356,Ibadan,2026-07-21T07:06:45.371Z,AG-1000,1,31.7,1,41.18,1,16548,13,0
4357,ACC-104357,Kano,2026-07-31T07:06:45.371Z,AG-1009,3,11.6,0,21.26,0,0,20,0
4358,ACC-104358,Abuja,2026-07-26T07:06:45.371Z,AG-1015,0,17.7,0,18.48,1,10225,10,0
4359,ACC-104359,Kano,2026-07-24T07:06:45.371Z,AG-1003,2,0,1,14.16,1,0,22,0
4360,ACC-104360,Lagos,2026-06-18T07:06:45.371Z,AG-1020,0,1.1,0,24.17,0,0,16,0
4361,ACC-104361,Port Harcourt,2026-07-04T07:06:45.371Z,AG-1005,1,33.4,1,30.58,1,0,20,0
4362,ACC-104362,Ibadan,2026-09-02T07:06:45.371Z,AG-1033,0,27.1,0,7.79,0,0,22,0
4363,ACC-104363,Ibadan,2026-07-25T07:06:45.371Z,AG-1037,2,23.8,0,18.61,0,0,19,0
4364,ACC-104364,Kano,2026-06-09T07:06:45.371Z,AG-1005,2,0.6,0,0,0,0,14,0
4365,ACC-104365,Kano,2026-07-07T07:06:45.371Z,AG-1023,0,0,0,7.62,0,0,9,0
4366,ACC-104366,Port Harcourt,2026-07-26T07:06:45.371Z,AG-1016,4,222.1,1,1.35,0,327085,2,1
4367,ACC-104367,Kano,2026-07-08T07:06:45.371Z,AG-1027,1,30.1,0,16.81,0,0,16,0
4368,ACC-104368,Lagos,2026-08-05T07:06:45.371Z,AG-1039,0,0,0,17.97,0,0,17,0
4369,ACC-104369,Ibadan,2026-06-28T07:06:45.371Z,AG-1002,1,26.7,0,15.57,0,0,15,0
4370,ACC-104370,Lagos,2026-08-11T07:06:45.371Z,AG-1021,2,29.3,0,12.08,2,0,17,0
4371,ACC-104371,Port Harcourt,2026-06-10T07:06:45.371Z,AG-1016,3,0,0,5.14,1,0,16,0
4372,ACC-104372,Ibadan,2026-07-07T07:06:45.371Z,AG-1034,1,38.6,1,20.27,0,27213,22,0
4373,ACC-104373,Abuja,2026-08-13T07:06:45.371Z,AG-1000,1,15,0,34.7,0,9583,19,0
4374,ACC-104374,Abuja,2026-07-24T07:06:45.371Z,AG-1033,2,36.1,1,4.42,1,0,8,0
4375,ACC-104375,Ibadan,2026-07-16T07:06:45.371Z,AG-1026,0,0,0,13.92,0,0,19,0
4376,ACC-104376,Ibadan,2026-08-16T07:06:45.371Z,AG-1016,3,64.6,0,28.14,0,0,17,0
4377,ACC-104377,Abuja,2026-07-31T07:06:45.371Z,AG-1009,0,30,0,19.79,1,0,18,0
4378,ACC-104378,Ibadan,2026-07-08T07:06:45.371Z,AG-1015,1,0,1,11.57,0,0,8,0
4379,ACC-104379,Port Harcourt,2026-06-22T07:06:45.371Z,AG-1004,4,29.4,0,7.56,1,2199,12,0
4380,ACC-104380,Lagos,2026-08-21T07:06:45.371Z,AG-1036,1,3.5,1,20.2,0,0,18,0
4381,ACC-104381,Lagos,2026-06-15T07:06:45.371Z,AG-1014,3,34.5,0,8.26,0,0,17,0
4382,ACC-104382,Kano,2026-07-21T07:06:45.371Z,AG-1032,1,47.7,1,9.02,0,0,20,0
4383,ACC-104383,Kano,2026-07-28T07:06:45.371Z,AG-1021,2,32.3,0,29.21,2,0,15,0
4384,ACC-104384,Lagos,2026-08-25T07:06:45.371Z,AG-1037,1,5.8,1,16.75,1,0,20,0
4385,ACC-104385,Port Harcourt,2026-08-22T07:06:45.371Z,AG-1018,1,23.3,0,30.13,1,0,13,0
4386,ACC-104386,Lagos,2026-08-05T07:06:45.371Z,AG-1017,2,27,0,19,2,0,8,0
4387,ACC-104387,Port Harcourt,2026-07-28T07:06:45.371Z,AG-1003,0,9.5,0,8.81,1,3854,19,0
4388,ACC-104388,Lagos,2026-07-26T07:06:45.371Z,AG-1032,1,0,0,14.57,1,0,19,0
4389,ACC-104389,Lagos,2026-08-28T07:06:45.371Z,AG-1028,3,33.9,0,22.72,1,9350,11,0
4390,ACC-104390,Abuja,2026-07-23T07:06:45.371Z,AG-1009,6,280.3,1,1.09,2,239801,5,1
4391,ACC-104391,Abuja,2026-07-07T07:06:45.371Z,AG-1001,2,60.2,0,0,0,0,19,0
4392,ACC-104392,Ibadan,2026-08-07T07:06:45.371Z,AG-1009,0,11.8,0,22.79,0,0,19,0
4393,ACC-104393,Abuja,2026-08-22T07:06:45.371Z,AG-1035,1,0,0,4.47,1,0,19,0
4394,ACC-104394,Abuja,2026-07-18T07:06:45.371Z,AG-1008,5,0,0,11.58,1,0,21,0
4395,ACC-104395,Ibadan,2026-06-25T07:06:45.371Z,AG-1022,5,40,1,20.08,2,0,9,0
4396,ACC-104396,Abuja,2026-07-22T07:06:45.371Z,AG-1006,1,3.1,0,4.63,1,19913,22,0
4397,ACC-104397,Port Harcourt,2026-07-08T07:06:45.371Z,AG-1034,0,34.6,0,7.45,0,0,6,0
4398,ACC-104398,Lagos,2026-07-06T07:06:45.371Z,AG-1011,2,7.4,0,6.16,0,0,19,0
4399,ACC-104399,Ibadan,2026-08-15T07:06:45.371Z,AG-1004,2,27.1,0,19.02,0,0,20,0
4400,ACC-104400,Ibadan,2026-07-18T07:06:45.371Z,AG-1029,0,9.5,0,18.82,2,5136,17,0
4401,ACC-104401,Ibadan,2026-07-16T07:06:45.371Z,AG-1019,1,59.5,0,4.87,0,0,6,0
4402,ACC-104402,Port Harcourt,2026-08-28T07:06:45.371Z,AG-1008,0,10.1,1,14.45,0,2012,10,0
4403,ACC-104403,Lagos,2026-07-13T07:06:45.371Z,AG-1024,2,7.6,0,16.06,0,0,16,0
4404,ACC-104404,Abuja,2026-06-30T07:06:45.371Z,AG-1017,0,60.1,0,10.41,0,0,19,0
4405,ACC-104405,Ibadan,2026-06-15T07:06:45.371Z,AG-1022,2,57.2,0,8.41,0,0,9,0
4406,ACC-104406,Abuja,2026-07-11T07:06:45.371Z,AG-1028,1,27.6,0,6.95,1,0,21,0
4407,ACC-104407,Port Harcourt,2026-07-06T07:06:45.371Z,AG-1029,2,30.3,0,20.13,0,18821,18,0
4408,ACC-104408,Abuja,2026-07-08T07:06:45.371Z,AG-1024,3,8.6,0,24.44,0,0,9,0
4409,ACC-104409,Lagos,2026-07-26T07:06:45.371Z,AG-1036,1,0,0,12.47,0,0,11,0
4410,ACC-104410,Kano,2026-06-13T07:06:45.371Z,AG-1032,7,20.1,1,0.54,9,207842,3,1
4411,ACC-104411,Port Harcourt,2026-08-21T07:06:45.371Z,AG-1030,4,76.3,0,4.74,1,25408,18,0
4412,ACC-104412,Lagos,2026-08-07T07:06:45.371Z,AG-1004,0,0,0,14.25,1,10025,9,0
4413,ACC-104413,Abuja,2026-08-01T07:06:45.371Z,AG-1031,2,23.2,0,2.07,0,17800,22,0
4414,ACC-104414,Abuja,2026-08-02T07:06:45.371Z,AG-1014,0,0,1,14.77,1,0,8,0
4415,ACC-104415,Lagos,2026-07-29T07:06:45.371Z,AG-1004,1,64.3,0,9.47,1,17778,6,0
4416,ACC-104416,Kano,2026-06-19T07:06:45.371Z,AG-1028,1,25.4,0,27.45,1,0,8,0
4417,ACC-104417,Abuja,2026-08-18T07:06:45.371Z,AG-1003,2,51.2,0,32.72,1,0,9,0
4418,ACC-104418,Port Harcourt,2026-07-21T07:06:45.371Z,AG-1019,1,53.6,0,23.17,1,0,12,0
4419,ACC-104419,Abuja,2026-08-11T07:06:45.371Z,AG-1001,0,17.2,0,10.85,2,0,14,0
4420,ACC-104420,Abuja,2026-07-13T07:06:45.371Z,AG-1035,0,33.5,0,19.26,0,0,10,0
4421,ACC-104421,Port Harcourt,2026-06-08T07:06:45.371Z,AG-1000,0,28.8,0,9.02,0,0,21,0
4422,ACC-104422,Kano,2026-06-12T07:06:45.371Z,AG-1006,2,16.8,1,16.39,0,16710,14,0
4423,ACC-104423,Lagos,2026-08-27T07:06:45.371Z,AG-1019,0,46.6,0,22.13,0,0,14,0
4424,ACC-104424,Lagos,2026-08-08T07:06:45.371Z,AG-1016,0,0,1,2.01,2,0,6,0
4425,ACC-104425,Port Harcourt,2026-07-19T07:06:45.371Z,AG-1004,2,16.7,1,11.31,0,0,8,0
4426,ACC-104426,Kano,2026-08-20T07:06:45.371Z,AG-1007,2,0.4,0,4.96,1,0,14,0
4427,ACC-104427,Port Harcourt,2026-07-18T07:06:45.371Z,AG-1024,1,34.3,0,2.87,0,0,13,0
4428,ACC-104428,Lagos,2026-08-24T07:06:45.371Z,AG-1018,2,150.3,1,2.62,3,6403,5,1
4429,ACC-104429,Abuja,2026-08-08T07:06:45.371Z,AG-1031,1,0,0,11.32,0,0,20,0
4430,ACC-104430,Port Harcourt,2026-07-29T07:06:45.371Z,AG-1006,1,34.2,1,24.59,0,0,19,0
4431,ACC-104431,Abuja,2026-09-02T07:06:45.371Z,AG-1035,1,0,0,11.37,1,0,19,0
4432,ACC-104432,Kano,2026-08-20T07:06:45.371Z,AG-1028,2,16.7,0,16.18,0,0,8,0
4433,ACC-104433,Lagos,2026-06-29T07:06:45.371Z,AG-1023,1,39.3,1,9.06,3,0,12,0
4434,ACC-104434,Lagos,2026-07-02T07:06:45.377Z,AG-1038,0,77.5,0,7.99,0,0,13,0
4435,ACC-104435,Port Harcourt,2026-08-11T07:06:45.377Z,AG-1032,2,3.5,1,0,1,0,22,0
4436,ACC-104436,Port Harcourt,2026-06-30T07:06:45.377Z,AG-1039,1,12.2,0,22.69,0,11532,12,0
4437,ACC-104437,Ibadan,2026-07-15T07:06:45.377Z,AG-1025,1,0,0,21.83,1,0,8,0
4438,ACC-104438,Abuja,2026-07-02T07:06:45.377Z,AG-1014,0,49.3,1,0,0,19360,15,0
4439,ACC-104439,Kano,2026-08-29T07:06:45.377Z,AG-1034,0,27.2,1,20.57,1,0,22,0
4440,ACC-104440,Kano,2026-06-24T07:06:45.377Z,AG-1009,0,38.8,0,10.67,2,0,10,0
4441,ACC-104441,Lagos,2026-07-14T07:06:45.377Z,AG-1018,2,0,0,0,0,0,21,0
4442,ACC-104442,Abuja,2026-08-02T07:06:45.377Z,AG-1027,0,17.7,0,0,1,0,19,0
4443,ACC-104443,Port Harcourt,2026-08-10T07:06:45.377Z,AG-1037,1,45.7,1,24.42,1,21061,19,0
4444,ACC-104444,Ibadan,2026-06-08T07:06:45.377Z,AG-1034,1,0,0,9.31,2,0,22,0
4445,ACC-104445,Ibadan,2026-09-01T07:06:45.377Z,AG-1031,1,16.1,0,17.57,2,0,14,0
4446,ACC-104446,Kano,2026-06-27T07:06:45.377Z,AG-1016,3,11.2,1,13.69,0,0,16,0
4447,ACC-104447,Port Harcourt,2026-07-06T07:06:45.377Z,AG-1028,0,44.4,0,2.48,0,0,13,0
4448,ACC-104448,Port Harcourt,2026-06-09T07:06:45.377Z,AG-1032,2,26.7,0,17.42,0,0,13,0
4449,ACC-104449,Kano,2026-07-06T07:06:45.377Z,AG-1031,0,0,0,27.94,0,0,19,0
4450,ACC-104450,Port Harcourt,2026-07-13T07:06:45.377Z,AG-1032,2,13.7,1,10.7,1,1535,19,0
4451,ACC-104451,Kano,2026-08-17T07:06:45.377Z,AG-1004,2,41.7,1,23.47,0,12928,9,0
4452,ACC-104452,Ibadan,2026-09-04T07:06:45.377Z,AG-1009,0,30,1,11.36,3,0,18,0
4453,ACC-104453,Abuja,2026-08-13T07:06:45.377Z,AG-1010,2,47.7,0,15.98,1,0,18,0
4454,ACC-104454,Kano,2026-08-15T07:06:45.377Z,AG-1019,4,302,1,1.63,6,476664,5,1
4455,ACC-104455,Ibadan,2026-08-06T07:06:45.377Z,AG-1011,1,23.2,0,5.89,0,0,15,0
4456,ACC-104456,Lagos,2026-06-26T07:06:45.377Z,AG-1008,3,16.5,0,32.47,1,0,20,0
4457,ACC-104457,Ibadan,2026-07-12T07:06:45.377Z,AG-1035,0,0,1,0,0,0,9,0
4458,ACC-104458,Kano,2026-08-07T07:06:45.377Z,AG-1020,0,0,0,19.53,1,15644,14,0
4459,ACC-104459,Port Harcourt,2026-08-02T07:06:45.377Z,AG-1008,0,0,1,3.02,0,0,18,0
4460,ACC-104460,Kano,2026-07-12T07:06:45.377Z,AG-1026,0,28.4,1,14.04,0,0,15,0
4461,ACC-104461,Abuja,2026-06-16T07:06:45.377Z,AG-1015,0,14.1,1,4.6,2,0,19,0
4462,ACC-104462,Lagos,2026-06-20T07:06:45.377Z,AG-1034,1,6.2,1,19.15,1,0,21,0
4463,ACC-104463,Abuja,2026-08-22T07:06:45.377Z,AG-1022,3,0,0,25.14,1,0,19,0
4464,ACC-104464,Abuja,2026-08-08T07:06:45.377Z,AG-1026,2,3.9,0,6.29,0,0,21,0
4465,ACC-104465,Lagos,2026-06-27T07:06:45.377Z,AG-1034,2,11.2,0,1.24,0,0,14,0
4466,ACC-104466,Kano,2026-06-15T07:06:45.377Z,AG-1004,3,60.9,0,0.96,1,8674,22,0
4467,ACC-104467,Kano,2026-08-25T07:06:45.377Z,AG-1029,2,63.4,0,28.69,0,10035,16,0
4468,ACC-104468,Kano,2026-08-25T07:06:45.377Z,AG-1012,2,0,1,2.63,0,0,14,0
4469,ACC-104469,Abuja,2026-08-07T07:06:45.377Z,AG-1032,2,70.4,1,2.58,0,0,9,0
4470,ACC-104470,Kano,2026-09-02T07:06:45.377Z,AG-1021,1,25.5,0,0,2,0,22,0
4471,ACC-104471,Ibadan,2026-07-10T07:06:45.377Z,AG-1028,1,15.7,0,28.13,0,0,8,0
4472,ACC-104472,Ibadan,2026-08-21T07:06:45.377Z,AG-1003,2,41.6,1,8.8,0,0,8,0
4473,ACC-104473,Lagos,2026-06-18T07:06:45.377Z,AG-1024,1,44.3,0,38.48,0,11285,18,0
4474,ACC-104474,Kano,2026-08-30T07:06:45.377Z,AG-1007,0,0.5,0,6.28,1,0,15,0
4475,ACC-104475,Port Harcourt,2026-07-30T07:06:45.377Z,AG-1013,3,19.7,0,4.03,1,7838,18,0
4476,ACC-104476,Abuja,2026-07-14T07:06:45.377Z,AG-1004,1,28.7,1,17.46,0,12076,15,0
4477,ACC-104477,Lagos,2026-07-07T07:06:45.377Z,AG-1030,3,42.5,0,0.63,2,0,19,0
4478,ACC-104478,Ibadan,2026-08-22T07:06:45.377Z,AG-1036,1,33.8,0,10.73,2,0,9,0
4479,ACC-104479,Kano,2026-06-10T07:06:45.377Z,AG-1035,3,0,1,15.13,2,0,14,0
4480,ACC-104480,Port Harcourt,2026-06-24T07:06:45.377Z,AG-1016,4,3.2,0,0,0,0,12,0
4481,ACC-104481,Kano,2026-07-02T07:06:45.377Z,AG-1027,2,32.8,0,9.63,0,6964,18,0
4482,ACC-104482,Port Harcourt,2026-06-11T07:06:45.377Z,AG-1006,2,18.5,1,22.85,0,0,21,0
4483,ACC-104483,Abuja,2026-06-22T07:06:45.377Z,AG-1017,3,0,0,22.57,0,11612,6,0
4484,ACC-104484,Kano,2026-07-27T07:06:45.377Z,AG-1037,4,37.8,0,22.06,1,0,14,0
4485,ACC-104485,Port Harcourt,2026-06-18T07:06:45.377Z,AG-1025,1,23.1,0,10.11,1,0,9,0
4486,ACC-104486,Kano,2026-07-09T07:06:45.377Z,AG-1015,0,14.4,0,15.87,1,2194,14,0
4487,ACC-104487,Kano,2026-06-30T07:06:45.377Z,AG-1000,1,15.8,0,23.68,0,0,18,0
4488,ACC-104488,Ibadan,2026-06-27T07:06:45.377Z,AG-1028,1,31.3,0,9.14,2,4003,14,0
4489,ACC-104489,Lagos,2026-07-14T07:06:45.377Z,AG-1005,0,36.6,1,7.82,2,0,17,0
4490,ACC-104490,Abuja,2026-08-08T07:06:45.377Z,AG-1032,3,7.3,0,1.62,0,9524,7,0
4491,ACC-104491,Port Harcourt,2026-07-17T07:06:45.377Z,AG-1027,0,8.4,0,16.95,1,0,22,0
4492,ACC-104492,Ibadan,2026-08-25T07:06:45.377Z,AG-1025,2,29.4,0,18.38,1,0,9,0
4493,ACC-104493,Lagos,2026-08-14T07:06:45.377Z,AG-1025,2,177.5,1,0,5,492081,21,1
4494,ACC-104494,Ibadan,2026-07-03T07:06:45.377Z,AG-1037,1,9.5,1,0,1,0,14,0
4495,ACC-104495,Port Harcourt,2026-06-08T07:06:45.377Z,AG-1006,3,20.8,0,0,0,0,16,0
4496,ACC-104496,Kano,2026-08-07T07:06:45.377Z,AG-1010,0,13.7,0,5.52,0,0,14,0
4497,ACC-104497,Lagos,2026-06-08T07:06:45.377Z,AG-1013,2,11.5,0,0,1,0,8,0
4498,ACC-104498,Kano,2026-06-09T07:06:45.377Z,AG-1013,0,6.4,0,14.18,2,0,21,0
4499,ACC-104499,Port Harcourt,2026-07-02T07:06:45.377Z,AG-1010,4,40.2,0,7.84,0,0,14,0
4500,ACC-104500,Kano,2026-06-26T07:06:45.377Z,AG-1034,2,0,1,28.01,1,0,6,0
4501,ACC-104501,Port Harcourt,2026-08-31T07:06:45.377Z,AG-1017,1,15.6,0,5.28,1,0,7,0
4502,ACC-104502,Abuja,2026-08-12T07:06:45.377Z,AG-1026,3,4.9,1,11.4,1,6892,19,0
4503,ACC-104503,Ibadan,2026-08-10T07:06:45.377Z,AG-1021,2,49.3,0,26.88,1,21610,9,0
4504,ACC-104504,Lagos,2026-07-24T07:06:45.377Z,AG-1000,3,9.4,0,25.08,1,0,21,0
4505,ACC-104505,Kano,2026-07-29T07:06:45.377Z,AG-1036,0,0,0,9.44,1,4081,14,0
4506,ACC-104506,Lagos,2026-08-29T07:06:45.377Z,AG-1003,0,20,1,11.89,2,0,10,0
4507,ACC-104507,Kano,2026-08-06T07:06:45.377Z,AG-1022,2,14.1,0,25.95,1,0,16,0
4508,ACC-104508,Abuja,2026-07-07T07:06:45.377Z,AG-1019,3,20,1,21.03,1,0,17,0
4509,ACC-104509,Abuja,2026-06-16T07:06:45.377Z,AG-1022,1,74.7,0,0,1,8228,13,0
4510,ACC-104510,Abuja,2026-06-15T07:06:45.377Z,AG-1013,1,10.8,1,6.96,0,0,6,0
4511,ACC-104511,Kano,2026-08-21T07:06:45.377Z,AG-1034,5,31.9,1,0,1,0,19,0
4512,ACC-104512,Lagos,2026-09-03T07:06:45.377Z,AG-1023,0,50.1,0,21.86,1,0,22,0
4513,ACC-104513,Kano,2026-07-02T07:06:45.377Z,AG-1006,1,20.4,0,9.31,1,0,20,0
4514,ACC-104514,Abuja,2026-07-01T07:06:45.377Z,AG-1010,0,33.3,1,20.83,0,0,17,0
4515,ACC-104515,Kano,2026-07-04T07:06:45.377Z,AG-1036,0,33.6,0,5.71,0,8751,12,0
4516,ACC-104516,Port Harcourt,2026-08-12T07:06:45.377Z,AG-1013,2,50.4,0,15,0,0,21,0
4517,ACC-104517,Lagos,2026-07-07T07:06:45.377Z,AG-1011,0,0,1,23.36,1,0,15,0
4518,ACC-104518,Ibadan,2026-06-13T07:06:45.377Z,AG-1036,2,42.5,0,16.67,0,0,8,0
4519,ACC-104519,Lagos,2026-07-10T07:06:45.377Z,AG-1039,4,24.3,0,3.31,0,19049,11,0
4520,ACC-104520,Port Harcourt,2026-07-20T07:06:45.377Z,AG-1013,0,45.3,0,0,0,17701,21,0
4521,ACC-104521,Ibadan,2026-07-23T07:06:45.377Z,AG-1018,3,121.2,0,3.32,2,0,14,0
4522,ACC-104522,Port Harcourt,2026-07-13T07:06:45.377Z,AG-1031,4,44.4,0,32.17,1,9813,11,0
4523,ACC-104523,Ibadan,2026-07-10T07:06:45.377Z,AG-1037,1,0,0,0,2,0,13,0
4524,ACC-104524,Ibadan,2026-06-14T07:06:45.377Z,AG-1021,4,35.3,1,21.35,2,0,21,0
4525,ACC-104525,Kano,2026-08-06T07:06:45.377Z,AG-1007,5,24.1,0,25.37,0,0,6,0
4526,ACC-104526,Lagos,2026-07-07T07:06:45.377Z,AG-1024,1,29,0,12.86,1,0,6,0
4527,ACC-104527,Port Harcourt,2026-07-30T07:06:45.377Z,AG-1016,3,69.9,0,17.73,0,0,9,0
4528,ACC-104528,Abuja,2026-07-17T07:06:45.377Z,AG-1007,3,3.8,1,15.66,0,0,14,0
4529,ACC-104529,Abuja,2026-08-27T07:06:45.377Z,AG-1039,2,5,1,14.47,1,6468,9,0
4530,ACC-104530,Abuja,2026-07-04T07:06:45.377Z,AG-1021,0,10,0,7.77,2,0,15,0
4531,ACC-104531,Ibadan,2026-08-19T07:06:45.377Z,AG-1023,2,19.4,1,12.17,1,0,17,0
4532,ACC-104532,Kano,2026-08-11T07:06:45.377Z,AG-1037,0,2,0,9.85,0,0,16,0
4533,ACC-104533,Ibadan,2026-06-18T07:06:45.377Z,AG-1026,3,17.2,0,11.07,1,0,10,0
4534,ACC-104534,Port Harcourt,2026-06-25T07:06:45.377Z,AG-1003,3,8.5,0,23.19,1,0,11,0
4535,ACC-104535,Abuja,2026-06-19T07:06:45.377Z,AG-1013,2,8.9,1,10.74,0,0,9,0
4536,ACC-104536,Port Harcourt,2026-07-17T07:06:45.377Z,AG-1039,1,16,0,7.97,0,0,22,0
4537,ACC-104537,Kano,2026-06-15T07:06:45.377Z,AG-1005,1,0,0,26.02,0,0,8,0
4538,ACC-104538,Lagos,2026-07-11T07:06:45.377Z,AG-1020,0,0,0,8.49,1,0,17,0
4539,ACC-104539,Ibadan,2026-07-23T07:06:45.377Z,AG-1025,0,69.5,0,24.1,0,0,14,0
4540,ACC-104540,Lagos,2026-07-09T07:06:45.377Z,AG-1024,2,17.7,0,15.32,1,0,20,0
4541,ACC-104541,Port Harcourt,2026-08-28T07:06:45.377Z,AG-1017,1,15.4,1,5.8,0,0,14,0
4542,ACC-104542,Ibadan,2026-08-26T07:06:45.377Z,AG-1016,0,37.1,0,1.62,0,0,21,0
4543,ACC-104543,Lagos,2026-07-25T07:06:45.377Z,AG-1013,1,17.3,1,12.85,1,0,21,0
4544,ACC-104544,Ibadan,2026-08-15T07:06:45.377Z,AG-1035,2,16.8,0,8.93,0,0,15,0
4545,ACC-104545,Port Harcourt,2026-07-15T07:06:45.377Z,AG-1035,0,21.7,0,26.74,1,0,17,0
4546,ACC-104546,Ibadan,2026-06-27T07:06:45.377Z,AG-1018,5,19,0,1.81,0,5108,22,0
4547,ACC-104547,Ibadan,2026-08-03T07:06:45.377Z,AG-1030,3,77.9,1,8.49,0,0,13,0
4548,ACC-104548,Lagos,2026-06-12T07:06:45.377Z,AG-1000,0,0,0,12.75,1,0,8,0
4549,ACC-104549,Abuja,2026-07-06T07:06:45.377Z,AG-1029,2,5,0,4.16,0,0,11,0
4550,ACC-104550,Lagos,2026-08-09T07:06:45.377Z,AG-1021,2,64.6,0,16.12,0,0,13,0
4551,ACC-104551,Abuja,2026-06-14T07:06:45.377Z,AG-1037,1,0,0,18.22,1,0,8,0
4552,ACC-104552,Kano,2026-06-14T07:06:45.377Z,AG-1034,1,27.2,0,31.21,1,0,22,0
4553,ACC-104553,Ibadan,2026-08-19T07:06:45.377Z,AG-1012,1,5.9,0,11.99,1,0,8,0
4554,ACC-104554,Abuja,2026-07-31T07:06:45.377Z,AG-1021,2,51.1,0,26.18,2,8505,15,0
4555,ACC-104555,Kano,2026-08-11T07:06:45.377Z,AG-1038,1,37.4,1,21.89,1,0,9,0
4556,ACC-104556,Port Harcourt,2026-07-27T07:06:45.377Z,AG-1018,0,14.6,0,15.12,1,16157,22,0
4557,ACC-104557,Kano,2026-08-27T07:06:45.377Z,AG-1000,1,17.2,1,27.63,0,0,13,0
4558,ACC-104558,Lagos,2026-07-29T07:06:45.377Z,AG-1037,1,0,0,21,0,4780,11,0
4559,ACC-104559,Port Harcourt,2026-07-04T07:06:45.377Z,AG-1010,6,58,0,16.38,1,0,11,0
4560,ACC-104560,Port Harcourt,2026-06-23T07:06:45.377Z,AG-1031,2,34.6,0,31.28,2,0,8,0
4561,ACC-104561,Abuja,2026-06-23T07:06:45.377Z,AG-1008,2,14.1,0,14.22,0,0,22,0
4562,ACC-104562,Kano,2026-08-25T07:06:45.377Z,AG-1011,0,21.5,1,20.08,0,13943,12,0
4563,ACC-104563,Port Harcourt,2026-08-12T07:06:45.377Z,AG-1034,2,44.6,1,19.24,0,20003,11,0
4564,ACC-104564,Ibadan,2026-08-16T07:06:45.377Z,AG-1003,1,37.1,0,9.83,0,0,9,0
4565,ACC-104565,Kano,2026-08-31T07:06:45.377Z,AG-1019,1,28.6,0,16.91,1,0,19,0
4566,ACC-104566,Kano,2026-08-17T07:06:45.377Z,AG-1036,0,4.4,0,27.11,0,0,11,0
4567,ACC-104567,Ibadan,2026-07-20T07:06:45.377Z,AG-1024,3,31.2,1,19.59,1,0,12,0
4568,ACC-104568,Abuja,2026-07-18T07:06:45.377Z,AG-1028,1,0,0,10.33,0,2682,18,0
4569,ACC-104569,Lagos,2026-06-13T07:06:45.377Z,AG-1035,1,4.6,0,17.23,0,9646,22,0
4570,ACC-104570,Kano,2026-08-06T07:06:45.377Z,AG-1006,1,71.9,0,10.48,1,0,9,0
4571,ACC-104571,Kano,2026-07-05T07:06:45.377Z,AG-1012,2,42.6,0,20.35,2,0,13,0
4572,ACC-104572,Lagos,2026-06-08T07:06:45.377Z,AG-1003,1,37.1,0,6.6,0,0,8,0
4573,ACC-104573,Kano,2026-08-10T07:06:45.377Z,AG-1004,0,18.9,0,16.49,1,0,16,0
4574,ACC-104574,Abuja,2026-09-03T07:06:45.377Z,AG-1038,2,5.7,0,21.33,0,7251,20,0
4575,ACC-104575,Ibadan,2026-08-19T07:06:45.377Z,AG-1018,1,0,0,21.75,0,0,10,0
4576,ACC-104576,Abuja,2026-07-20T07:06:45.377Z,AG-1012,1,9.8,1,2.92,1,0,15,0
4577,ACC-104577,Lagos,2026-08-17T07:06:45.377Z,AG-1010,3,89.6,0,13.12,1,11971,7,0
4578,ACC-104578,Kano,2026-06-27T07:06:45.377Z,AG-1032,4,6.4,0,25.67,0,0,20,0
4579,ACC-104579,Abuja,2026-06-20T07:06:45.377Z,AG-1011,3,0,1,14.96,0,11045,18,0
4580,ACC-104580,Abuja,2026-08-08T07:06:45.377Z,AG-1024,0,16,0,4.8,0,2523,15,0
4581,ACC-104581,Abuja,2026-08-19T07:06:45.377Z,AG-1003,2,29.4,1,0,0,0,9,0
4582,ACC-104582,Abuja,2026-06-24T07:06:45.377Z,AG-1021,2,6.1,0,6.9,1,14523,11,0
4583,ACC-104583,Lagos,2026-08-22T07:06:45.377Z,AG-1019,3,0,0,0.7,0,0,8,0
4584,ACC-104584,Ibadan,2026-06-12T07:06:45.377Z,AG-1004,3,17.5,0,0,0,14809,16,0
4585,ACC-104585,Ibadan,2026-07-20T07:06:45.377Z,AG-1011,2,0.6,1,30.68,2,0,22,0
4586,ACC-104586,Lagos,2026-07-04T07:06:45.377Z,AG-1024,1,32,1,37.07,2,9131,15,0
4587,ACC-104587,Port Harcourt,2026-06-16T07:06:45.377Z,AG-1036,3,5.4,0,15.42,0,0,21,0
4588,ACC-104588,Port Harcourt,2026-06-25T07:06:45.377Z,AG-1023,3,14.3,0,31.12,1,0,7,0
4589,ACC-104589,Kano,2026-09-01T07:06:45.377Z,AG-1027,3,0,0,0,0,0,21,0
4590,ACC-104590,Abuja,2026-08-24T07:06:45.377Z,AG-1025,1,6.3,0,29.56,0,0,8,0
4591,ACC-104591,Kano,2026-07-28T07:06:45.377Z,AG-1006,0,17.8,1,24.04,0,17477,19,0
4592,ACC-104592,Abuja,2026-07-04T07:06:45.377Z,AG-1025,2,80.1,0,14.89,1,0,6,0
4593,ACC-104593,Ibadan,2026-06-13T07:06:45.377Z,AG-1001,4,3.6,0,14.49,0,0,11,0
4594,ACC-104594,Kano,2026-07-30T07:06:45.377Z,AG-1037,2,0,1,8.12,0,0,17,0
4595,ACC-104595,Port Harcourt,2026-07-27T07:06:45.377Z,AG-1031,2,7.8,1,1.34,1,0,17,0
4596,ACC-104596,Lagos,2026-08-26T07:06:45.377Z,AG-1036,1,15.1,0,19.25,1,0,9,0
4597,ACC-104597,Lagos,2026-07-25T07:06:45.377Z,AG-1029,1,7.1,0,13.61,0,0,18,0
4598,ACC-104598,Lagos,2026-08-04T07:06:45.377Z,AG-1004,0,8.9,1,0,2,0,9,0
4599,ACC-104599,Port Harcourt,2026-06-10T07:06:45.377Z,AG-1027,1,27.1,1,1.79,0,0,14,0
4600,ACC-104600,Kano,2026-06-22T07:06:45.377Z,AG-1014,1,41.1,1,26.93,0,0,12,0
4601,ACC-104601,Ibadan,2026-06-24T07:06:45.377Z,AG-1030,0,11.4,1,3.55,2,0,13,0
4602,ACC-104602,Lagos,2026-07-14T07:06:45.377Z,AG-1005,3,30.3,0,17.04,0,0,22,0
4603,ACC-104603,Lagos,2026-06-13T07:06:45.377Z,AG-1023,0,21.5,0,14.25,0,2909,7,0
4604,ACC-104604,Abuja,2026-08-31T07:06:45.377Z,AG-1037,2,1,1,15.6,0,0,10,0
4605,ACC-104605,Abuja,2026-08-28T07:06:45.377Z,AG-1006,1,21.1,0,10.51,0,0,17,0
4606,ACC-104606,Port Harcourt,2026-07-20T07:06:45.377Z,AG-1037,0,18,0,39.7,0,0,8,0
4607,ACC-104607,Lagos,2026-08-25T07:06:45.377Z,AG-1005,0,2.3,0,19.02,0,0,8,0
4608,ACC-104608,Abuja,2026-07-19T07:06:45.377Z,AG-1035,0,10.3,0,25.55,0,13772,9,0
4609,ACC-104609,Lagos,2026-07-28T07:06:45.377Z,AG-1029,3,24,0,28.38,0,0,12,0
4610,ACC-104610,Lagos,2026-06-08T07:06:45.377Z,AG-1010,1,30,0,9.66,0,0,12,0
4611,ACC-104611,Ibadan,2026-06-18T07:06:45.377Z,AG-1004,2,1.3,0,5.93,1,25992,15,0
4612,ACC-104612,Ibadan,2026-07-07T07:06:45.377Z,AG-1005,3,0,1,0,1,0,8,0
4613,ACC-104613,Ibadan,2026-06-18T07:06:45.377Z,AG-1038,1,40.2,0,15.24,1,0,12,0
4614,ACC-104614,Kano,2026-07-08T07:06:45.377Z,AG-1018,3,9,0,27.07,1,0,8,0
4615,ACC-104615,Port Harcourt,2026-08-10T07:06:45.377Z,AG-1004,0,0,0,6.89,2,22101,13,0
4616,ACC-104616,Ibadan,2026-07-17T07:06:45.377Z,AG-1031,1,56.7,0,11.02,0,0,15,0
4617,ACC-104617,Kano,2026-07-04T07:06:45.377Z,AG-1030,4,758.7,1,1.63,4,152424,0,1
4618,ACC-104618,Lagos,2026-08-15T07:06:45.378Z,AG-1025,2,15.1,1,6.43,1,22819,21,0
4619,ACC-104619,Port Harcourt,2026-07-21T07:06:45.378Z,AG-1023,0,12.7,1,14.03,3,0,16,0
4620,ACC-104620,Lagos,2026-08-06T07:06:45.378Z,AG-1007,1,9.5,1,19.71,0,0,7,0
4621,ACC-104621,Abuja,2026-08-30T07:06:45.378Z,AG-1022,1,14.2,0,2.87,0,0,18,0
4622,ACC-104622,Ibadan,2026-07-27T07:06:45.378Z,AG-1023,2,63,0,16.22,1,15891,22,0
4623,ACC-104623,Abuja,2026-08-30T07:06:45.378Z,AG-1032,0,0,0,3.22,0,27,16,0
4624,ACC-104624,Kano,2026-08-13T07:06:45.378Z,AG-1028,2,60.2,1,14.85,0,18841,22,0
4625,ACC-104625,Lagos,2026-07-08T07:06:45.378Z,AG-1033,1,0.5,0,28.03,0,11217,19,0
4626,ACC-104626,Lagos,2026-06-24T07:06:45.378Z,AG-1029,2,15.1,0,8.38,1,0,13,0
4627,ACC-104627,Kano,2026-06-10T07:06:45.378Z,AG-1011,1,37.6,0,11.59,1,0,12,0
4628,ACC-104628,Ibadan,2026-08-27T07:06:45.378Z,AG-1006,3,81.7,0,30.07,1,0,16,0
4629,ACC-104629,Kano,2026-08-09T07:06:45.378Z,AG-1013,0,0,0,16.05,0,11925,14,0
4630,ACC-104630,Abuja,2026-07-14T07:06:45.378Z,AG-1000,0,0,1,24.31,1,11513,22,0
4631,ACC-104631,Kano,2026-06-09T07:06:45.378Z,AG-1027,1,32,0,3.19,1,0,9,0
4632,ACC-104632,Lagos,2026-07-20T07:06:45.378Z,AG-1022,4,46.1,0,11.83,1,0,11,0
4633,ACC-104633,Ibadan,2026-08-31T07:06:45.378Z,AG-1032,4,118.6,1,1.2,5,138348,15,1
4634,ACC-104634,Port Harcourt,2026-06-15T07:06:45.378Z,AG-1018,1,46.7,0,0,0,0,19,0
4635,ACC-104635,Kano,2026-08-22T07:06:45.378Z,AG-1012,2,0,0,7.35,1,6028,17,0
4636,ACC-104636,Abuja,2026-08-15T07:06:45.378Z,AG-1034,0,22,0,20.13,1,504,14,0
4637,ACC-104637,Kano,2026-07-16T07:06:45.378Z,AG-1009,3,50.7,1,19.32,2,0,6,0
4638,ACC-104638,Port Harcourt,2026-08-10T07:06:45.378Z,AG-1002,2,41.9,0,19.49,1,0,17,0
4639,ACC-104639,Abuja,2026-08-17T07:06:45.378Z,AG-1017,2,4.7,0,9.07,1,0,10,0
4640,ACC-104640,Lagos,2026-08-08T07:06:45.378Z,AG-1025,0,73.4,1,36.63,1,6731,10,0
4641,ACC-104641,Lagos,2026-07-23T07:06:45.378Z,AG-1000,4,0,0,11.74,0,0,12,0
4642,ACC-104642,Port Harcourt,2026-07-26T07:06:45.378Z,AG-1021,1,17.8,1,34.66,0,12115,8,0
4643,ACC-104643,Ibadan,2026-08-17T07:06:45.378Z,AG-1014,0,12.7,0,22.11,1,0,14,0
4644,ACC-104644,Abuja,2026-07-20T07:06:45.378Z,AG-1005,0,11,0,9.65,0,0,6,0
4645,ACC-104645,Abuja,2026-07-11T07:06:45.378Z,AG-1007,1,59,0,5.4,1,0,13,0
4646,ACC-104646,Port Harcourt,2026-07-19T07:06:45.378Z,AG-1031,2,22,0,15.17,1,9899,18,0
4647,ACC-104647,Ibadan,2026-08-04T07:06:45.378Z,AG-1013,2,31.1,1,22.27,0,0,20,0
4648,ACC-104648,Lagos,2026-06-11T07:06:45.378Z,AG-1004,1,45.1,0,22.43,0,0,12,0
4649,ACC-104649,Port Harcourt,2026-07-02T07:06:45.378Z,AG-1021,4,12.9,1,1.18,7,101729,1,1
4650,ACC-104650,Kano,2026-08-05T07:06:45.378Z,AG-1006,0,32.2,1,34.8,0,5947,13,0
4651,ACC-104651,Abuja,2026-07-01T07:06:45.378Z,AG-1012,2,0,0,22.89,0,0,6,0
4652,ACC-104652,Kano,2026-08-13T07:06:45.378Z,AG-1003,0,2.3,0,0.29,1,370,10,0
4653,ACC-104653,Lagos,2026-08-06T07:06:45.378Z,AG-1010,3,9.6,1,11.67,0,0,14,0
4654,ACC-104654,Ibadan,2026-09-04T07:06:45.378Z,AG-1012,1,37.8,0,9.86,0,0,9,0
4655,ACC-104655,Ibadan,2026-07-21T07:06:45.378Z,AG-1005,2,0,0,0.43,0,0,21,0
4656,ACC-104656,Port Harcourt,2026-08-08T07:06:45.378Z,AG-1033,4,5.1,1,18.83,0,8258,8,0
4657,ACC-104657,Lagos,2026-08-08T07:06:45.378Z,AG-1013,0,0.8,0,19.13,0,0,18,0
4658,ACC-104658,Abuja,2026-06-18T07:06:45.378Z,AG-1019,3,18.2,1,9.81,0,0,18,0
4659,ACC-104659,Ibadan,2026-07-30T07:06:45.378Z,AG-1035,2,17.8,1,23.82,0,3751,6,0
4660,ACC-104660,Ibadan,2026-06-25T07:06:45.378Z,AG-1015,2,15.7,0,0,0,0,13,0
4661,ACC-104661,Lagos,2026-06-16T07:06:45.378Z,AG-1006,2,27.5,1,18.14,2,7485,18,0
4662,ACC-104662,Port Harcourt,2026-06-10T07:06:45.378Z,AG-1006,1,34.6,0,7.14,0,0,15,0
4663,ACC-104663,Abuja,2026-09-01T07:06:45.378Z,AG-1014,0,19.8,0,18.16,0,0,12,0
4664,ACC-104664,Lagos,2026-06-08T07:06:45.378Z,AG-1030,2,10.8,0,7.84,0,10825,21,0
4665,ACC-104665,Lagos,2026-07-14T07:06:45.378Z,AG-1008,2,27.9,1,14.72,1,0,8,0
4666,ACC-104666,Lagos,2026-06-20T07:06:45.378Z,AG-1037,2,61.5,0,6.64,0,0,8,0
4667,ACC-104667,Ibadan,2026-07-29T07:06:45.378Z,AG-1012,0,33.8,1,7.67,0,0,10,0
4668,ACC-104668,Abuja,2026-07-27T07:06:45.378Z,AG-1001,0,21.8,0,13.15,0,0,13,0
4669,ACC-104669,Ibadan,2026-07-31T07:06:45.378Z,AG-1029,3,58,0,27.76,0,0,7,0
4670,ACC-104670,Abuja,2026-09-04T07:06:45.378Z,AG-1030,1,0,0,23.09,2,0,18,0
4671,ACC-104671,Ibadan,2026-07-16T07:06:45.378Z,AG-1029,2,5.9,0,16.03,0,0,12,0
4672,ACC-104672,Port Harcourt,2026-08-25T07:06:45.378Z,AG-1009,1,2.3,1,15.54,2,0,22,0
4673,ACC-104673,Ibadan,2026-07-30T07:06:45.378Z,AG-1030,4,0,1,22.68,0,0,19,0
4674,ACC-104674,Ibadan,2026-08-13T07:06:45.378Z,AG-1012,5,43.3,0,15.74,1,0,15,0
4675,ACC-104675,Abuja,2026-07-06T07:06:45.378Z,AG-1015,3,0,0,3.96,0,0,22,0
4676,ACC-104676,Lagos,2026-08-23T07:06:45.378Z,AG-1002,0,46.3,0,28.56,0,4773,19,0
4677,ACC-104677,Kano,2026-06-17T07:06:45.378Z,AG-1035,1,0,0,6.74,1,0,16,0
4678,ACC-104678,Kano,2026-06-25T07:06:45.378Z,AG-1015,0,10.3,1,15.05,0,9638,18,0
4679,ACC-104679,Ibadan,2026-06-09T07:06:45.378Z,AG-1011,0,28.2,0,7.91,1,4098,22,0
4680,ACC-104680,Kano,2026-06-27T07:06:45.378Z,AG-1010,3,47.3,0,19.12,2,0,10,0
4681,ACC-104681,Port Harcourt,2026-08-17T07:06:45.378Z,AG-1011,1,0,0,14.74,0,0,9,0
4682,ACC-104682,Abuja,2026-07-02T07:06:45.378Z,AG-1031,1,39.3,0,17.59,2,5711,9,0
4683,ACC-104683,Abuja,2026-06-08T07:06:45.378Z,AG-1036,0,0,0,20.8,2,0,20,0
4684,ACC-104684,Abuja,2026-06-24T07:06:45.378Z,AG-1029,2,1.2,0,34.8,1,0,15,0
4685,ACC-104685,Ibadan,2026-06-19T07:06:45.378Z,AG-1013,3,206.7,1,1.06,1,291589,3,1
4686,ACC-104686,Port Harcourt,2026-06-26T07:06:45.378Z,AG-1037,2,0,0,10.12,0,9343,17,0
4687,ACC-104687,Abuja,2026-08-01T07:06:45.378Z,AG-1013,1,91.9,1,40.79,1,0,14,0
4688,ACC-104688,Kano,2026-09-02T07:06:45.378Z,AG-1006,0,40.9,1,13.01,1,0,19,0
4689,ACC-104689,Lagos,2026-09-04T07:06:45.378Z,AG-1026,6,345.1,0,1.88,7,446808,22,1
4690,ACC-104690,Kano,2026-07-20T07:06:45.378Z,AG-1027,0,2.1,0,21.97,1,0,8,0
4691,ACC-104691,Kano,2026-08-04T07:06:45.378Z,AG-1020,4,9.7,1,12.89,0,12606,6,0
4692,ACC-104692,Ibadan,2026-07-24T07:06:45.378Z,AG-1005,1,0,0,28.18,0,0,11,0
4693,ACC-104693,Abuja,2026-08-20T07:06:45.378Z,AG-1014,3,39.8,0,2.97,1,0,13,0
4694,ACC-104694,Abuja,2026-07-29T07:06:45.378Z,AG-1026,1,25.2,0,12.62,2,12701,15,0
4695,ACC-104695,Abuja,2026-07-19T07:06:45.378Z,AG-1016,2,72.8,0,26.97,1,18729,20,0
4696,ACC-104696,Lagos,2026-08-07T07:06:45.378Z,AG-1039,3,39.6,0,2.92,1,9195,11,0
4697,ACC-104697,Lagos,2026-07-18T07:06:45.378Z,AG-1022,1,21.1,0,8.02,0,16922,18,0
4698,ACC-104698,Abuja,2026-08-10T07:06:45.378Z,AG-1006,0,37.2,0,25.28,0,10553,19,0
4699,ACC-104699,Ibadan,2026-06-29T07:06:45.378Z,AG-1035,2,5.2,0,4.47,2,0,21,0
4700,ACC-104700,Abuja,2026-06-22T07:06:45.378Z,AG-1001,2,10.3,1,10.4,0,0,14,0
4701,ACC-104701,Port Harcourt,2026-08-14T07:06:45.378Z,AG-1027,0,0,0,29.38,2,0,20,0
4702,ACC-104702,Kano,2026-08-27T07:06:45.378Z,AG-1021,3,77.5,0,25.19,1,0,8,0
4703,ACC-104703,Kano,2026-08-02T07:06:45.378Z,AG-1012,2,0,1,0.63,6,264389,14,1
4704,ACC-104704,Abuja,2026-08-29T07:06:45.378Z,AG-1001,1,14.6,0,11.8,1,0,11,0
4705,ACC-104705,Abuja,2026-07-28T07:06:45.378Z,AG-1027,4,66.2,0,27.2,1,0,14,0
4706,ACC-104706,Abuja,2026-07-23T07:06:45.378Z,AG-1021,0,0,0,17.21,0,0,20,0
4707,ACC-104707,Lagos,2026-06-13T07:06:45.378Z,AG-1001,1,8,1,9.1,2,0,10,0
4708,ACC-104708,Port Harcourt,2026-08-02T07:06:45.378Z,AG-1028,1,68.8,0,0,1,0,16,0
4709,ACC-104709,Ibadan,2026-07-09T07:06:45.378Z,AG-1015,1,11.9,0,10.8,1,0,18,0
4710,ACC-104710,Ibadan,2026-06-29T07:06:45.378Z,AG-1002,1,20.7,0,23.39,1,3476,8,0
4711,ACC-104711,Port Harcourt,2026-07-14T07:06:45.378Z,AG-1038,3,11.5,0,0,2,12168,9,0
4712,ACC-104712,Abuja,2026-08-09T07:06:45.378Z,AG-1035,0,18.5,1,25.66,0,0,14,0
4713,ACC-104713,Port Harcourt,2026-08-27T07:06:45.378Z,AG-1026,2,25.5,0,5.64,1,10283,21,0
4714,ACC-104714,Ibadan,2026-07-03T07:06:45.378Z,AG-1001,2,0,0,19.51,0,0,15,0
4715,ACC-104715,Kano,2026-07-28T07:06:45.378Z,AG-1028,2,30.2,0,9.18,0,19012,19,0
4716,ACC-104716,Ibadan,2026-07-06T07:06:45.378Z,AG-1028,1,9.8,0,0,1,0,16,0
4717,ACC-104717,Abuja,2026-07-25T07:06:45.378Z,AG-1016,1,7.8,1,11.28,1,12010,16,0
4718,ACC-104718,Lagos,2026-07-18T07:06:45.378Z,AG-1017,3,71,1,20.77,2,0,11,0
4719,ACC-104719,Port Harcourt,2026-08-01T07:06:45.378Z,AG-1038,3,24.7,0,16,1,0,9,0
4720,ACC-104720,Abuja,2026-06-12T07:06:45.378Z,AG-1003,3,49.7,1,39.1,0,0,14,0
4721,ACC-104721,Kano,2026-06-22T07:06:45.378Z,AG-1027,2,10.9,0,17.56,0,0,7,0
4722,ACC-104722,Port Harcourt,2026-07-07T07:06:45.378Z,AG-1000,0,39,0,13.93,0,0,10,0
4723,ACC-104723,Port Harcourt,2026-06-07T07:06:45.378Z,AG-1030,1,2.3,0,21.16,0,0,18,0
4724,ACC-104724,Port Harcourt,2026-06-24T07:06:45.378Z,AG-1031,2,35.1,1,21.63,0,0,19,0
4725,ACC-104725,Kano,2026-08-02T07:06:45.378Z,AG-1019,2,55.7,0,9.11,2,0,8,0
4726,ACC-104726,Kano,2026-08-20T07:06:45.378Z,AG-1002,10,36.7,1,0.76,4,417842,15,1
4727,ACC-104727,Ibadan,2026-08-16T07:06:45.378Z,AG-1037,0,28.7,1,2.67,1,0,8,0
4728,ACC-104728,Kano,2026-07-21T07:06:45.378Z,AG-1022,1,10.4,1,4.37,1,0,14,0
4729,ACC-104729,Abuja,2026-07-06T07:06:45.378Z,AG-1002,1,0.1,0,0,1,0,14,0
4730,ACC-104730,Abuja,2026-08-09T07:06:45.378Z,AG-1008,1,43.1,0,0.74,0,0,21,0
4731,ACC-104731,Port Harcourt,2026-08-28T07:06:45.378Z,AG-1032,1,17.5,1,14.32,0,0,18,0
4732,ACC-104732,Kano,2026-07-07T07:06:45.378Z,AG-1005,2,21.4,1,23.99,0,0,16,0
4733,ACC-104733,Ibadan,2026-06-06T07:06:45.378Z,AG-1009,2,5.6,0,14.43,0,20480,17,0
4734,ACC-104734,Port Harcourt,2026-08-02T07:06:45.378Z,AG-1017,0,81.8,0,5.54,1,0,19,0
4735,ACC-104735,Lagos,2026-07-03T07:06:45.378Z,AG-1037,2,38.7,0,10.86,0,10251,8,0
4736,ACC-104736,Port Harcourt,2026-07-17T07:06:45.378Z,AG-1019,3,23.4,0,30.86,1,0,13,0
4737,ACC-104737,Kano,2026-06-06T07:06:45.378Z,AG-1004,0,23.3,0,17.64,0,0,9,0
4738,ACC-104738,Ibadan,2026-06-21T07:06:45.378Z,AG-1018,0,33.4,0,25.37,0,0,11,0
4739,ACC-104739,Port Harcourt,2026-07-05T07:06:45.378Z,AG-1021,2,23.8,0,19.41,1,0,17,0
4740,ACC-104740,Abuja,2026-06-24T07:06:45.378Z,AG-1001,0,63.3,0,21.14,1,0,10,0
4741,ACC-104741,Port Harcourt,2026-06-28T07:06:45.378Z,AG-1001,1,28,0,24.45,0,0,10,0
4742,ACC-104742,Ibadan,2026-08-24T07:06:45.378Z,AG-1037,3,54.8,0,15.98,1,0,13,0
4743,ACC-104743,Lagos,2026-07-18T07:06:45.378Z,AG-1002,2,9.4,0,6.11,0,0,14,0
4744,ACC-104744,Lagos,2026-08-21T07:06:45.378Z,AG-1002,1,34.7,1,29.77,0,11894,19,0
4745,ACC-104745,Abuja,2026-06-10T07:06:45.378Z,AG-1032,3,47.4,0,14.53,0,9454,11,0
4746,ACC-104746,Port Harcourt,2026-08-16T07:06:45.378Z,AG-1017,0,0,0,0,1,9801,8,0
4747,ACC-104747,Port Harcourt,2026-07-22T07:06:45.378Z,AG-1028,0,27.3,1,0,3,735,18,0
4748,ACC-104748,Abuja,2026-08-30T07:06:45.378Z,AG-1019,4,94.5,1,0,3,284587,3,1
4749,ACC-104749,Ibadan,2026-07-29T07:06:45.378Z,AG-1027,0,5.2,0,23.71,0,0,8,0
4750,ACC-104750,Port Harcourt,2026-08-01T07:06:45.378Z,AG-1038,5,0,0,32.11,1,0,11,0
4751,ACC-104751,Ibadan,2026-08-28T07:06:45.378Z,AG-1020,0,7.8,0,38.75,0,25228,10,0
4752,ACC-104752,Abuja,2026-07-24T07:06:45.378Z,AG-1034,1,25.3,1,0,0,0,21,0
4753,ACC-104753,Lagos,2026-08-04T07:06:45.378Z,AG-1025,3,16.1,0,15.52,1,0,17,0
4754,ACC-104754,Port Harcourt,2026-06-30T07:06:45.378Z,AG-1017,0,0,0,31.19,0,0,18,0
4755,ACC-104755,Lagos,2026-07-29T07:06:45.378Z,AG-1012,0,8.4,1,10.9,0,0,15,0
4756,ACC-104756,Kano,2026-07-20T07:06:45.378Z,AG-1036,2,0,0,0,1,0,10,0
4757,ACC-104757,Port Harcourt,2026-09-02T07:06:45.378Z,AG-1016,1,0,0,11.2,1,0,10,0
4758,ACC-104758,Ibadan,2026-06-17T07:06:45.378Z,AG-1016,2,7.8,1,16.29,1,0,13,0
4759,ACC-104759,Kano,2026-07-14T07:06:45.378Z,AG-1029,4,14,0,10.59,1,0,6,0
4760,ACC-104760,Port Harcourt,2026-08-25T07:06:45.378Z,AG-1028,4,9.5,0,9.29,2,19148,17,0
4761,ACC-104761,Ibadan,2026-07-02T07:06:45.378Z,AG-1035,1,31.9,0,4.85,2,6709,16,0
4762,ACC-104762,Abuja,2026-07-25T07:06:45.378Z,AG-1011,0,0,0,8.46,1,0,19,0
4763,ACC-104763,Kano,2026-08-16T07:06:45.378Z,AG-1009,1,27.6,1,9.45,1,0,6,0
4764,ACC-104764,Kano,2026-07-17T07:06:45.378Z,AG-1028,2,52.9,0,16.29,0,6067,9,0
4765,ACC-104765,Lagos,2026-06-15T07:06:45.378Z,AG-1016,1,11,0,21.29,1,8128,10,0
4766,ACC-104766,Lagos,2026-08-11T07:06:45.378Z,AG-1036,2,0,1,22.9,0,2865,21,0
4767,ACC-104767,Abuja,2026-06-23T07:06:45.378Z,AG-1034,1,31.5,0,2.11,2,20758,7,0
4768,ACC-104768,Kano,2026-07-11T07:06:45.378Z,AG-1035,2,2.7,0,9.13,1,0,18,0
4769,ACC-104769,Ibadan,2026-08-30T07:06:45.378Z,AG-1029,1,35,0,5.79,0,2018,12,0
4770,ACC-104770,Kano,2026-06-24T07:06:45.378Z,AG-1013,0,31,0,25.36,2,0,12,0
4771,ACC-104771,Lagos,2026-08-18T07:06:45.378Z,AG-1021,3,0,1,9.81,0,0,21,0
4772,ACC-104772,Kano,2026-06-15T07:06:45.378Z,AG-1005,2,43.6,0,4.12,1,6042,13,0
4773,ACC-104773,Lagos,2026-07-28T07:06:45.378Z,AG-1029,6,26.2,1,16.47,0,10557,7,0
4774,ACC-104774,Abuja,2026-06-24T07:06:45.378Z,AG-1026,3,0,0,43.46,1,0,19,0
4775,ACC-104775,Ibadan,2026-08-25T07:06:45.378Z,AG-1015,1,14.8,0,27.14,0,0,11,0
4776,ACC-104776,Ibadan,2026-07-06T07:06:45.378Z,AG-1002,2,21.6,0,20.93,0,0,13,0
4777,ACC-104777,Lagos,2026-06-07T07:06:45.378Z,AG-1024,0,0,0,10.33,1,0,15,0
4778,ACC-104778,Kano,2026-08-16T07:06:45.378Z,AG-1028,1,0,1,39.28,0,0,18,0
4779,ACC-104779,Ibadan,2026-07-29T07:06:45.379Z,AG-1022,2,29.1,0,4.82,0,0,21,0
4780,ACC-104780,Kano,2026-08-02T07:06:45.379Z,AG-1034,0,79.5,1,4.66,0,0,22,0
4781,ACC-104781,Kano,2026-07-05T07:06:45.379Z,AG-1019,0,84.4,0,10.56,1,0,10,0
4782,ACC-104782,Kano,2026-07-20T07:06:45.379Z,AG-1017,2,0,1,31.1,0,0,14,0
4783,ACC-104783,Kano,2026-06-26T07:06:45.379Z,AG-1015,2,31.2,0,12.39,1,6013,13,0
4784,ACC-104784,Lagos,2026-09-02T07:06:45.379Z,AG-1033,2,28.9,1,24.59,0,0,17,0
4785,ACC-104785,Lagos,2026-07-28T07:06:45.379Z,AG-1037,5,305.8,1,0.45,4,321850,5,1
4786,ACC-104786,Abuja,2026-06-07T07:06:45.379Z,AG-1024,1,0,0,9.84,0,0,21,0
4787,ACC-104787,Lagos,2026-06-15T07:06:45.379Z,AG-1030,2,7.1,0,22.27,0,6669,12,0
4788,ACC-104788,Kano,2026-08-19T07:06:45.379Z,AG-1039,1,32.6,0,3.99,0,0,22,0
4789,ACC-104789,Abuja,2026-08-25T07:06:45.379Z,AG-1019,2,0,0,0,0,0,16,0
4790,ACC-104790,Abuja,2026-07-08T07:06:45.379Z,AG-1031,5,244.5,1,0.52,5,349017,18,1
4791,ACC-104791,Abuja,2026-06-18T07:06:45.379Z,AG-1012,2,0,1,31.69,0,0,17,0
4792,ACC-104792,Abuja,2026-08-07T07:06:45.379Z,AG-1013,1,0,0,25.43,0,0,20,0
4793,ACC-104793,Port Harcourt,2026-06-07T07:06:45.379Z,AG-1013,4,85.8,0,11,1,0,13,0
4794,ACC-104794,Kano,2026-08-29T07:06:45.379Z,AG-1012,3,53.6,0,12.52,0,0,10,0
4795,ACC-104795,Port Harcourt,2026-06-12T07:06:45.379Z,AG-1034,4,33.4,1,7.18,1,0,22,0
4796,ACC-104796,Lagos,2026-07-20T07:06:45.379Z,AG-1030,1,26.2,0,0,0,4911,12,0
4797,ACC-104797,Ibadan,2026-08-09T07:06:45.379Z,AG-1025,2,7.1,0,20.17,1,9150,14,0
4798,ACC-104798,Abuja,2026-08-21T07:06:45.379Z,AG-1004,0,41.3,0,18.82,0,12638,20,0
4799,ACC-104799,Ibadan,2026-07-23T07:06:45.379Z,AG-1022,1,19.6,1,13.29,0,0,15,0
4800,ACC-104800,Port Harcourt,2026-06-15T07:06:45.379Z,AG-1022,0,20,1,5.01,0,0,20,0
4801,ACC-104801,Ibadan,2026-07-15T07:06:45.379Z,AG-1026,0,10.1,0,19.92,2,0,15,0
4802,ACC-104802,Abuja,2026-08-16T07:06:45.379Z,AG-1032,0,0,0,12.66,0,17847,7,0
4803,ACC-104803,Ibadan,2026-07-05T07:06:45.379Z,AG-1036,3,53.2,0,4.4,1,0,14,0
4804,ACC-104804,Kano,2026-06-07T07:06:45.379Z,AG-1011,2,6.2,0,33.2,1,0,19,0
4805,ACC-104805,Port Harcourt,2026-06-24T07:06:45.379Z,AG-1023,1,19.2,1,16.01,1,0,10,0
4806,ACC-104806,Abuja,2026-08-27T07:06:45.379Z,AG-1028,2,24.4,0,8.54,1,0,16,0
4807,ACC-104807,Abuja,2026-06-14T07:06:45.379Z,AG-1006,1,38.2,0,10.05,1,0,12,0
4808,ACC-104808,Abuja,2026-06-19T07:06:45.379Z,AG-1025,4,30.9,0,22.21,0,0,14,0
4809,ACC-104809,Lagos,2026-06-25T07:06:45.379Z,AG-1026,0,23.8,0,20.49,1,0,17,0
4810,ACC-104810,Port Harcourt,2026-08-27T07:06:45.379Z,AG-1005,4,32.9,0,15.21,0,10865,7,0
4811,ACC-104811,Port Harcourt,2026-07-19T07:06:45.379Z,AG-1020,1,15.8,1,3.83,0,0,20,0
4812,ACC-104812,Kano,2026-06-14T07:06:45.379Z,AG-1029,2,77.6,0,6.05,3,0,12,0
4813,ACC-104813,Port Harcourt,2026-07-17T07:06:45.379Z,AG-1031,2,6.6,0,4.47,0,0,19,0
4814,ACC-104814,Lagos,2026-08-15T07:06:45.379Z,AG-1039,4,5.5,0,17.46,1,28488,11,0
4815,ACC-104815,Lagos,2026-08-31T07:06:45.379Z,AG-1004,1,22.6,0,7.78,2,0,10,0
4816,ACC-104816,Lagos,2026-07-17T07:06:45.379Z,AG-1005,0,49.1,1,20.29,1,0,10,0
4817,ACC-104817,Kano,2026-06-12T07:06:45.379Z,AG-1036,3,53.3,0,1.54,0,13962,18,0
4818,ACC-104818,Port Harcourt,2026-08-18T07:06:45.379Z,AG-1035,3,0,0,14.71,0,2499,19,0
4819,ACC-104819,Lagos,2026-06-18T07:06:45.379Z,AG-1032,5,28.8,0,4.63,1,0,15,0
4820,ACC-104820,Ibadan,2026-06-13T07:06:45.379Z,AG-1036,0,0,0,17.62,2,1167,14,0
4821,ACC-104821,Kano,2026-08-21T07:06:45.379Z,AG-1016,4,4.7,1,9.05,0,0,7,0
4822,ACC-104822,Abuja,2026-06-19T07:06:45.379Z,AG-1031,4,33.8,0,14.57,1,18610,17,0
4823,ACC-104823,Ibadan,2026-08-02T07:06:45.379Z,AG-1022,3,0,0,23.31,1,0,20,0
4824,ACC-104824,Ibadan,2026-08-21T07:06:45.379Z,AG-1038,1,36.5,0,6.38,0,0,18,0
4825,ACC-104825,Abuja,2026-06-07T07:06:45.379Z,AG-1031,2,26.2,0,8.2,0,1731,16,0
4826,ACC-104826,Lagos,2026-08-21T07:06:45.379Z,AG-1023,4,0,0,9.46,0,7749,12,0
4827,ACC-104827,Kano,2026-06-10T07:06:45.379Z,AG-1012,1,31.6,1,0.63,3,0,9,0
4828,ACC-104828,Lagos,2026-08-02T07:06:45.379Z,AG-1028,3,37.1,0,7.47,2,0,12,0
4829,ACC-104829,Abuja,2026-06-23T07:06:45.379Z,AG-1034,0,11.8,0,23.56,1,0,21,0
4830,ACC-104830,Abuja,2026-08-28T07:06:45.379Z,AG-1023,3,0,1,28.7,1,0,18,0
4831,ACC-104831,Lagos,2026-08-25T07:06:45.379Z,AG-1002,8,0,1,2.21,2,557304,10,1
4832,ACC-104832,Abuja,2026-06-22T07:06:45.379Z,AG-1023,2,0,1,6.3,0,0,19,0
4833,ACC-104833,Port Harcourt,2026-06-25T07:06:45.379Z,AG-1038,0,0,0,23.44,1,0,12,0
4834,ACC-104834,Ibadan,2026-08-30T07:06:45.379Z,AG-1019,1,14.7,0,7.6,1,0,18,0
4835,ACC-104835,Ibadan,2026-07-16T07:06:45.379Z,AG-1031,1,9.5,1,8.55,1,0,17,0
4836,ACC-104836,Lagos,2026-08-18T07:06:45.379Z,AG-1039,0,33.9,1,26.27,2,0,22,0
4837,ACC-104837,Abuja,2026-08-03T07:06:45.379Z,AG-1019,3,17.7,1,20.59,2,0,12,0
4838,ACC-104838,Lagos,2026-07-21T07:06:45.379Z,AG-1035,2,57.7,0,21.52,1,15390,10,0
4839,ACC-104839,Abuja,2026-07-25T07:06:45.379Z,AG-1033,1,31.7,0,16.04,0,15292,14,0
4840,ACC-104840,Abuja,2026-07-23T07:06:45.379Z,AG-1029,2,5,0,7.55,1,12517,17,0
4841,ACC-104841,Kano,2026-08-12T07:06:45.379Z,AG-1036,2,67.2,0,2.49,1,0,19,0
4842,ACC-104842,Abuja,2026-08-13T07:06:45.379Z,AG-1027,1,6.9,0,17.67,0,0,8,0
4843,ACC-104843,Lagos,2026-08-21T07:06:45.379Z,AG-1026,1,63.8,0,8.17,0,9153,20,0
4844,ACC-104844,Abuja,2026-07-25T07:06:45.379Z,AG-1015,1,62.7,0,15.89,0,0,19,0
4845,ACC-104845,Abuja,2026-07-28T07:06:45.379Z,AG-1000,2,40.2,0,22.99,2,0,14,0
4846,ACC-104846,Abuja,2026-07-01T07:06:45.379Z,AG-1005,0,31.2,0,10,0,0,16,0
4847,ACC-104847,Port Harcourt,2026-06-09T07:06:45.379Z,AG-1027,1,0,1,10.31,0,8714,10,0
4848,ACC-104848,Port Harcourt,2026-08-15T07:06:45.379Z,AG-1018,2,0,0,2.08,1,0,11,0
4849,ACC-104849,Port Harcourt,2026-07-06T07:06:45.379Z,AG-1037,0,25.2,1,12.97,1,0,8,0
4850,ACC-104850,Kano,2026-08-06T07:06:45.379Z,AG-1020,0,38.8,0,11.68,1,0,20,0
4851,ACC-104851,Abuja,2026-07-27T07:06:45.379Z,AG-1011,0,99.3,1,14.56,0,0,14,0
4852,ACC-104852,Ibadan,2026-07-09T07:06:45.379Z,AG-1009,5,40,0,27.97,2,0,18,0
4853,ACC-104853,Lagos,2026-06-08T07:06:45.379Z,AG-1030,1,59.6,0,14.74,1,0,18,0
4854,ACC-104854,Lagos,2026-06-24T07:06:45.379Z,AG-1011,0,28.4,0,2.3,2,14896,22,0
4855,ACC-104855,Ibadan,2026-07-26T07:06:45.379Z,AG-1026,1,18.3,0,17.88,1,0,22,0
4856,ACC-104856,Ibadan,2026-06-07T07:06:45.379Z,AG-1012,2,0,0,35.95,1,9022,7,0
4857,ACC-104857,Port Harcourt,2026-06-15T07:06:45.380Z,AG-1028,2,59,0,28.17,1,5894,13,0
4858,ACC-104858,Abuja,2026-07-30T07:06:45.380Z,AG-1024,0,76.5,0,2.29,1,0,15,0
4859,ACC-104859,Port Harcourt,2026-07-13T07:06:45.380Z,AG-1015,0,0,0,15.19,0,0,10,0
4860,ACC-104860,Abuja,2026-07-03T07:06:45.380Z,AG-1006,2,0,0,4.65,1,0,20,0
4861,ACC-104861,Lagos,2026-08-11T07:06:45.380Z,AG-1011,0,28.7,1,13.82,0,0,20,0
4862,ACC-104862,Abuja,2026-06-08T07:06:45.380Z,AG-1020,1,30.7,0,28.4,0,0,22,0
4863,ACC-104863,Port Harcourt,2026-07-20T07:06:45.380Z,AG-1032,1,23.5,0,14.52,1,9113,11,0
4864,ACC-104864,Lagos,2026-06-09T07:06:45.380Z,AG-1031,2,20.8,1,35.09,1,0,8,0
4865,ACC-104865,Ibadan,2026-07-20T07:06:45.380Z,AG-1036,1,7.4,1,7.28,3,0,7,0
4866,ACC-104866,Ibadan,2026-06-09T07:06:45.380Z,AG-1019,0,16.5,0,0,2,0,16,0
4867,ACC-104867,Kano,2026-07-15T07:06:45.380Z,AG-1025,1,14.2,1,14.25,1,5114,12,0
4868,ACC-104868,Port Harcourt,2026-06-16T07:06:45.380Z,AG-1005,4,0,0,10.34,1,0,11,0
4869,ACC-104869,Port Harcourt,2026-06-26T07:06:45.380Z,AG-1030,0,5.6,0,0,0,0,7,0
4870,ACC-104870,Kano,2026-06-25T07:06:45.380Z,AG-1035,1,0,1,15.51,0,0,20,0
4871,ACC-104871,Abuja,2026-07-29T07:06:45.380Z,AG-1002,2,6.5,0,15.44,1,0,11,0
4872,ACC-104872,Ibadan,2026-08-17T07:06:45.380Z,AG-1034,4,48.1,1,6.43,0,7157,18,0
4873,ACC-104873,Ibadan,2026-08-15T07:06:45.380Z,AG-1012,0,2.1,0,0.5,1,0,10,0
4874,ACC-104874,Kano,2026-08-24T07:06:45.380Z,AG-1006,5,183.3,1,2.31,6,443612,16,1
4875,ACC-104875,Port Harcourt,2026-08-30T07:06:45.380Z,AG-1015,2,41.6,0,12.31,1,11686,17,0
4876,ACC-104876,Kano,2026-06-07T07:06:45.380Z,AG-1027,3,0,1,10.76,0,0,9,0
4877,ACC-104877,Port Harcourt,2026-07-01T07:06:45.380Z,AG-1007,3,29.1,0,13.77,0,0,16,0
4878,ACC-104878,Lagos,2026-07-06T07:06:45.380Z,AG-1002,2,16,0,11.01,0,0,9,0
4879,ACC-104879,Lagos,2026-07-22T07:06:45.380Z,AG-1028,2,0,0,14.35,0,0,7,0
4880,ACC-104880,Kano,2026-08-26T07:06:45.380Z,AG-1028,2,33.3,0,11.28,0,0,19,0
4881,ACC-104881,Port Harcourt,2026-08-12T07:06:45.380Z,AG-1006,2,64.3,0,14.42,1,0,20,0
4882,ACC-104882,Kano,2026-08-23T07:06:45.380Z,AG-1035,1,0,0,17.31,1,0,13,0
4883,ACC-104883,Abuja,2026-06-25T07:06:45.380Z,AG-1024,0,14.8,1,20.87,0,0,13,0
4884,ACC-104884,Abuja,2026-07-04T07:06:45.380Z,AG-1010,1,23.1,1,5.29,1,0,20,0
4885,ACC-104885,Abuja,2026-07-06T07:06:45.380Z,AG-1006,2,85.8,0,0,1,0,15,0
4886,ACC-104886,Port Harcourt,2026-06-14T07:06:45.380Z,AG-1033,0,33.6,1,12.85,0,0,6,0
4887,ACC-104887,Abuja,2026-07-04T07:06:45.380Z,AG-1008,1,0,0,2.29,0,15219,10,0
4888,ACC-104888,Abuja,2026-08-25T07:06:45.380Z,AG-1007,0,8.3,1,26.87,1,0,22,0
4889,ACC-104889,Port Harcourt,2026-06-13T07:06:45.380Z,AG-1001,3,3.2,1,23.14,0,0,20,0
4890,ACC-104890,Abuja,2026-08-07T07:06:45.380Z,AG-1027,1,17.4,1,10.26,2,0,20,0
4891,ACC-104891,Ibadan,2026-06-11T07:06:45.380Z,AG-1023,3,10.9,0,7.33,0,0,8,0
4892,ACC-104892,Kano,2026-08-07T07:06:45.380Z,AG-1028,4,10.7,0,12.88,0,0,9,0
4893,ACC-104893,Port Harcourt,2026-06-08T07:06:45.380Z,AG-1009,1,11.1,0,11.66,1,0,12,0
4894,ACC-104894,Abuja,2026-07-11T07:06:45.380Z,AG-1038,3,0,0,2.2,1,0,6,0
4895,ACC-104895,Lagos,2026-08-27T07:06:45.380Z,AG-1020,1,0,0,42.21,1,0,12,0
4896,ACC-104896,Ibadan,2026-07-29T07:06:45.380Z,AG-1024,3,16.5,0,2.66,0,0,13,0
4897,ACC-104897,Kano,2026-07-27T07:06:45.380Z,AG-1030,4,22.6,0,29.88,0,0,16,0
4898,ACC-104898,Abuja,2026-06-11T07:06:45.380Z,AG-1029,2,23.3,1,21.82,1,0,14,0
4899,ACC-104899,Kano,2026-07-25T07:06:45.380Z,AG-1036,1,43.3,1,32.02,1,0,7,0
4900,ACC-104900,Abuja,2026-07-29T07:06:45.380Z,AG-1031,2,55.5,0,13.2,2,0,22,0
4901,ACC-104901,Abuja,2026-06-17T07:06:45.380Z,AG-1026,4,10.9,0,24.26,2,2948,19,0
4902,ACC-104902,Ibadan,2026-07-05T07:06:45.380Z,AG-1029,1,5.8,0,0,0,0,20,0
4903,ACC-104903,Abuja,2026-07-30T07:06:45.380Z,AG-1009,2,6.8,0,24.37,1,9380,14,0
4904,ACC-104904,Ibadan,2026-08-11T07:06:45.380Z,AG-1008,1,52,0,12.52,2,0,21,0
4905,ACC-104905,Lagos,2026-07-16T07:06:45.380Z,AG-1018,1,0,1,0.9,0,26967,21,0
4906,ACC-104906,Kano,2026-08-18T07:06:45.380Z,AG-1033,4,8.1,0,21.66,1,0,21,0
4907,ACC-104907,Abuja,2026-06-21T07:06:45.380Z,AG-1025,0,0,0,20.62,2,0,19,0
4908,ACC-104908,Abuja,2026-08-09T07:06:45.380Z,AG-1026,1,15.5,0,8.16,0,0,12,0
4909,ACC-104909,Lagos,2026-07-24T07:06:45.380Z,AG-1032,0,29.5,0,18.39,2,904,21,0
4910,ACC-104910,Kano,2026-08-04T07:06:45.380Z,AG-1012,1,11.6,1,17.09,1,0,6,0
4911,ACC-104911,Abuja,2026-09-04T07:06:45.380Z,AG-1014,1,7.3,0,15.1,0,0,6,0
4912,ACC-104912,Lagos,2026-06-11T07:06:45.380Z,AG-1001,0,66.2,0,30.46,1,19042,22,0
4913,ACC-104913,Port Harcourt,2026-07-03T07:06:45.380Z,AG-1002,1,31,0,12.11,0,0,14,0
4914,ACC-104914,Port Harcourt,2026-07-19T07:06:45.380Z,AG-1005,1,47.4,0,0,0,8542,9,0
4915,ACC-104915,Kano,2026-07-16T07:06:45.380Z,AG-1022,0,29.7,0,11.66,2,0,17,0
4916,ACC-104916,Kano,2026-07-13T07:06:45.380Z,AG-1011,5,22.7,0,7.28,1,16059,19,0
4917,ACC-104917,Ibadan,2026-06-07T07:06:45.380Z,AG-1027,2,25.7,0,3.36,0,0,21,0
4918,ACC-104918,Abuja,2026-07-07T07:06:45.380Z,AG-1010,0,33,1,5.53,0,4544,15,0
4919,ACC-104919,Port Harcourt,2026-06-06T07:06:45.380Z,AG-1008,2,14.7,1,16.26,0,30087,19,0
4920,ACC-104920,Port Harcourt,2026-09-04T07:06:45.380Z,AG-1003,3,72.9,0,6.28,1,0,19,0
4921,ACC-104921,Kano,2026-06-07T07:06:45.380Z,AG-1004,0,73.6,0,12.1,0,0,21,0
4922,ACC-104922,Ibadan,2026-07-28T07:06:45.380Z,AG-1003,0,23,1,7.93,1,0,17,0
4923,ACC-104923,Kano,2026-07-16T07:06:45.380Z,AG-1019,3,50,0,24.37,1,0,14,0
4924,ACC-104924,Abuja,2026-07-11T07:06:45.380Z,AG-1007,2,0.3,1,23.85,1,0,19,0
4925,ACC-104925,Abuja,2026-06-09T07:06:45.380Z,AG-1000,3,71.4,0,11.07,1,0,22,0
4926,ACC-104926,Lagos,2026-06-18T07:06:45.380Z,AG-1037,0,5.3,1,21.85,1,0,13,0
4927,ACC-104927,Abuja,2026-07-03T07:06:45.380Z,AG-1006,2,0,1,25.98,0,17996,9,0
4928,ACC-104928,Ibadan,2026-07-25T07:06:45.380Z,AG-1025,2,22.1,1,20.06,0,0,12,0
4929,ACC-104929,Lagos,2026-09-04T07:06:45.380Z,AG-1022,0,6.6,0,7.85,1,0,16,0
4930,ACC-104930,Lagos,2026-08-19T07:06:45.380Z,AG-1011,0,19.1,1,14.25,1,0,19,0
4931,ACC-104931,Kano,2026-07-27T07:06:45.380Z,AG-1002,4,25.5,1,15.59,1,2354,22,0
4932,ACC-104932,Kano,2026-07-05T07:06:45.380Z,AG-1035,3,49.7,1,5.17,0,0,16,0
4933,ACC-104933,Kano,2026-06-12T07:06:45.380Z,AG-1001,1,44.9,0,0,0,8842,21,0
4934,ACC-104934,Lagos,2026-07-08T07:06:45.380Z,AG-1023,2,0,0,11.66,0,0,13,0
4935,ACC-104935,Kano,2026-06-09T07:06:45.381Z,AG-1008,0,7.9,0,3.75,1,0,11,0
4936,ACC-104936,Ibadan,2026-08-17T07:06:45.381Z,AG-1025,3,21.6,0,25.79,0,0,18,0
4937,ACC-104937,Ibadan,2026-06-07T07:06:45.381Z,AG-1027,0,0,1,16.92,1,0,17,0
4938,ACC-104938,Lagos,2026-08-22T07:06:45.381Z,AG-1023,4,0,0,10.62,0,0,20,0
4939,ACC-104939,Ibadan,2026-06-26T07:06:45.381Z,AG-1006,3,28.4,0,22.22,0,0,17,0
4940,ACC-104940,Kano,2026-08-22T07:06:45.381Z,AG-1036,0,2.5,0,19.79,0,0,8,0
4941,ACC-104941,Ibadan,2026-07-15T07:06:45.381Z,AG-1030,2,22.4,1,11.42,3,0,9,0
4942,ACC-104942,Lagos,2026-07-23T07:06:45.381Z,AG-1006,1,5.7,0,3.83,1,0,14,0
4943,ACC-104943,Ibadan,2026-07-03T07:06:45.381Z,AG-1030,3,24,0,19.62,0,0,20,0
4944,ACC-104944,Port Harcourt,2026-08-28T07:06:45.381Z,AG-1034,3,10,0,0,0,0,19,0
4945,ACC-104945,Abuja,2026-06-19T07:06:45.381Z,AG-1034,2,10.4,0,8.49,0,0,6,0
4946,ACC-104946,Ibadan,2026-08-16T07:06:45.381Z,AG-1017,2,19.9,0,3.06,1,20903,6,0
4947,ACC-104947,Abuja,2026-07-14T07:06:45.381Z,AG-1027,0,35.5,0,8.57,2,0,14,0
4948,ACC-104948,Kano,2026-07-16T07:06:45.381Z,AG-1030,2,0,1,11.7,1,0,14,0
4949,ACC-104949,Kano,2026-07-16T07:06:45.381Z,AG-1001,3,6.1,0,1.34,0,19385,8,0
4950,ACC-104950,Kano,2026-07-30T07:06:45.381Z,AG-1036,0,20.9,0,18.57,0,0,13,0
4951,ACC-104951,Lagos,2026-06-29T07:06:45.381Z,AG-1038,0,1.7,1,27.67,1,0,12,0
4952,ACC-104952,Port Harcourt,2026-08-13T07:06:45.381Z,AG-1023,0,56.6,0,12.69,1,0,13,0
4953,ACC-104953,Lagos,2026-06-22T07:06:45.381Z,AG-1018,0,64.5,0,8.19,0,0,17,0
4954,ACC-104954,Abuja,2026-06-29T07:06:45.381Z,AG-1003,0,3.4,1,3.98,1,0,20,0
4955,ACC-104955,Kano,2026-08-05T07:06:45.381Z,AG-1038,2,0,0,5.47,1,0,15,0
4956,ACC-104956,Abuja,2026-08-26T07:06:45.381Z,AG-1031,3,0,0,34.21,0,0,21,0
4957,ACC-104957,Port Harcourt,2026-07-20T07:06:45.381Z,AG-1034,3,43.2,0,15.66,0,0,8,0
4958,ACC-104958,Abuja,2026-08-16T07:06:45.381Z,AG-1011,1,0,1,6.9,2,0,11,0
4959,ACC-104959,Port Harcourt,2026-06-14T07:06:45.381Z,AG-1034,0,7.7,1,2.44,2,0,10,0
4960,ACC-104960,Port Harcourt,2026-07-28T07:06:45.381Z,AG-1039,0,48.6,1,0.37,2,214474,5,1
4961,ACC-104961,Ibadan,2026-07-31T07:06:45.381Z,AG-1021,1,9.3,1,3.11,3,0,9,0
4962,ACC-104962,Kano,2026-07-11T07:06:45.381Z,AG-1015,4,345.2,1,3.17,5,436417,22,1
4963,ACC-104963,Ibadan,2026-07-17T07:06:45.381Z,AG-1006,3,0,1,19.75,1,0,18,0
4964,ACC-104964,Kano,2026-06-17T07:06:45.381Z,AG-1009,5,372.8,1,0.56,2,374684,5,1
4965,ACC-104965,Kano,2026-08-19T07:06:45.381Z,AG-1025,0,0,1,10.06,0,0,20,0
4966,ACC-104966,Kano,2026-09-03T07:06:45.381Z,AG-1004,2,62.6,0,18.45,1,0,12,0
4967,ACC-104967,Port Harcourt,2026-07-23T07:06:45.381Z,AG-1024,1,0,1,16.16,0,26858,6,0
4968,ACC-104968,Ibadan,2026-08-18T07:06:45.381Z,AG-1004,1,15.6,0,14.93,0,0,20,0
4969,ACC-104969,Abuja,2026-06-14T07:06:45.381Z,AG-1025,1,30.9,0,10.21,1,0,12,0
4970,ACC-104970,Lagos,2026-08-02T07:06:45.381Z,AG-1010,1,141.9,1,2.85,4,0,0,1
4971,ACC-104971,Kano,2026-06-08T07:06:45.381Z,AG-1019,0,0,1,8.99,0,0,13,0
4972,ACC-104972,Kano,2026-06-12T07:06:45.381Z,AG-1011,1,39.5,0,9.52,0,10708,17,0
4973,ACC-104973,Ibadan,2026-08-07T07:06:45.381Z,AG-1033,1,2.6,1,22.22,0,0,11,0
4974,ACC-104974,Ibadan,2026-08-20T07:06:45.381Z,AG-1005,4,8.1,0,29.5,1,0,15,0
4975,ACC-104975,Abuja,2026-07-09T07:06:45.381Z,AG-1017,2,47.2,0,20.02,0,0,12,0
4976,ACC-104976,Port Harcourt,2026-06-16T07:06:45.381Z,AG-1030,5,26.9,0,15.88,1,0,8,0
4977,ACC-104977,Abuja,2026-07-02T07:06:45.381Z,AG-1023,0,47.4,1,13.28,0,16272,20,0
4978,ACC-104978,Lagos,2026-06-26T07:06:45.381Z,AG-1012,2,46.4,1,8.7,0,0,19,0
4979,ACC-104979,Ibadan,2026-07-16T07:06:45.381Z,AG-1035,1,12.8,0,0,0,0,20,0
4980,ACC-104980,Abuja,2026-08-03T07:06:45.381Z,AG-1021,4,0,0,4.56,0,0,17,0
4981,ACC-104981,Lagos,2026-06-06T07:06:45.381Z,AG-1000,1,0,1,8.05,1,0,11,0
4982,ACC-104982,Lagos,2026-08-09T07:06:45.381Z,AG-1038,1,0,0,21.14,2,19760,15,0
4983,ACC-104983,Abuja,2026-07-26T07:06:45.381Z,AG-1003,4,0,0,23.54,1,0,21,0
4984,ACC-104984,Kano,2026-07-21T07:06:45.381Z,AG-1009,4,7.5,1,3.28,2,0,18,0
4985,ACC-104985,Ibadan,2026-07-10T07:06:45.381Z,AG-1032,1,139.8,1,1.36,5,618367,20,1
4986,ACC-104986,Ibadan,2026-06-15T07:06:45.385Z,AG-1001,0,25.3,0,14.3,1,2679,11,0
4987,ACC-104987,Lagos,2026-07-13T07:06:45.385Z,AG-1020,0,25.4,1,36.16,0,0,6,0
4988,ACC-104988,Kano,2026-08-25T07:06:45.385Z,AG-1017,3,135.9,0,0,2,267115,3,1
4989,ACC-104989,Abuja,2026-08-29T07:06:45.385Z,AG-1029,2,15.3,0,24.2,0,12487,16,0
4990,ACC-104990,Lagos,2026-08-11T07:06:45.385Z,AG-1024,1,2.7,0,13.28,0,0,10,0
4991,ACC-104991,Abuja,2026-08-11T07:06:45.385Z,AG-1012,1,64.8,1,18.55,0,12050,14,0
4992,ACC-104992,Port Harcourt,2026-07-01T07:06:45.385Z,AG-1033,1,0,1,23.85,1,0,17,0
4993,ACC-104993,Port Harcourt,2026-08-08T07:06:45.385Z,AG-1010,1,32.8,0,16.95,1,0,14,0
4994,ACC-104994,Ibadan,2026-07-02T07:06:45.385Z,AG-1012,3,3,1,15.91,0,0,14,0
4995,ACC-104995,Ibadan,2026-08-03T07:06:45.385Z,AG-1014,2,66.9,1,16.46,0,0,13,0
4996,ACC-104996,Ibadan,2026-07-28T07:06:45.385Z,AG-1009,0,35.9,0,11.57,2,0,15,0
4997,ACC-104997,Abuja,2026-08-17T07:06:45.385Z,AG-1030,0,1.3,0,11.7,2,9437,14,0
4998,ACC-104998,Lagos,2026-06-14T07:06:45.385Z,AG-1002,2,19.9,0,21.73,1,0,17,0
4999,ACC-104999,Abuja,2026-06-22T07:06:45.385Z,AG-1009,1,25.4,1,11.06,1,24175,10,0
5000,ACC-105000,Kano,2026-08-18T07:06:45.385Z,AG-1008,1,6.5,0,18.47,1,0,13,0
5001,ACC-105001,Ibadan,2026-08-11T07:06:45.385Z,AG-1013,0,0,0,25.04,0,10145,20,0
5002,ACC-105002,Kano,2026-08-18T07:06:45.385Z,AG-1017,1,0,0,7.13,0,0,15,0
5003,ACC-105003,Abuja,2026-07-29T07:06:45.385Z,AG-1018,1,0,0,18.68,0,0,21,0
5004,ACC-105004,Ibadan,2026-07-28T07:06:45.385Z,AG-1008,1,0,0,14.9,0,9361,10,0
5005,ACC-105005,Abuja,2026-08-07T07:06:45.385Z,AG-1032,2,41.9,0,17.51,0,0,18,0
5006,ACC-105006,Ibadan,2026-08-20T07:06:45.385Z,AG-1017,2,28.1,1,14.78,0,0,11,0
5007,ACC-105007,Lagos,2026-07-12T07:06:45.385Z,AG-1014,0,16.4,1,16.05,0,0,10,0
5008,ACC-105008,Kano,2026-08-29T07:06:45.385Z,AG-1021,0,28.8,0,25.62,0,0,14,0
5009,ACC-105009,Ibadan,2026-07-05T07:06:45.385Z,AG-1008,2,6.5,0,0,1,0,18,0
5010,ACC-105010,Ibadan,2026-08-31T07:06:45.385Z,AG-1029,4,56.3,0,19.7,1,6727,6,0
5011,ACC-105011,Port Harcourt,2026-06-23T07:06:45.385Z,AG-1018,3,14.3,0,28.16,2,0,6,0
5012,ACC-105012,Port Harcourt,2026-08-18T07:06:45.385Z,AG-1005,2,0,0,4.04,1,0,22,0
5013,ACC-105013,Abuja,2026-08-27T07:06:45.385Z,AG-1029,1,3.4,1,0,1,0,15,0
5014,ACC-105014,Abuja,2026-07-16T07:06:45.385Z,AG-1034,5,54.7,0,22.34,0,0,15,0
5015,ACC-105015,Kano,2026-08-08T07:06:45.385Z,AG-1036,4,48.3,0,5.08,1,0,22,0
5016,ACC-105016,Port Harcourt,2026-06-11T07:06:45.385Z,AG-1030,4,55.7,0,33.52,0,0,22,0
5017,ACC-105017,Port Harcourt,2026-08-27T07:06:45.385Z,AG-1016,3,0,0,20.44,0,0,8,0
5018,ACC-105018,Lagos,2026-06-16T07:06:45.385Z,AG-1002,1,77.1,0,13.42,1,0,17,0
5019,ACC-105019,Abuja,2026-08-09T07:06:45.385Z,AG-1039,2,48.6,1,0,2,139302,22,1
5020,ACC-105020,Port Harcourt,2026-06-14T07:06:45.385Z,AG-1025,3,55.1,0,17.91,0,0,22,0
5021,ACC-105021,Abuja,2026-07-27T07:06:45.385Z,AG-1011,0,11.7,1,6.73,0,0,9,0
5022,ACC-105022,Ibadan,2026-08-30T07:06:45.385Z,AG-1037,2,12.7,0,14.59,2,7469,22,0
5023,ACC-105023,Port Harcourt,2026-06-11T07:06:45.385Z,AG-1008,5,11.3,0,6.07,2,9430,6,0
5024,ACC-105024,Lagos,2026-07-25T07:06:45.385Z,AG-1028,3,46.3,1,28.03,1,0,19,0
5025,ACC-105025,Abuja,2026-08-06T07:06:45.385Z,AG-1016,1,0,1,8.66,3,15798,9,0
5026,ACC-105026,Lagos,2026-08-20T07:06:45.385Z,AG-1038,3,21.4,0,19.4,0,0,10,0
5027,ACC-105027,Kano,2026-08-14T07:06:45.385Z,AG-1014,1,0,0,27.83,0,0,8,0
5028,ACC-105028,Kano,2026-06-17T07:06:45.385Z,AG-1016,1,38.8,0,24.07,0,0,18,0
5029,ACC-105029,Lagos,2026-06-06T07:06:45.385Z,AG-1009,1,32,1,6.6,1,0,13,0
5030,ACC-105030,Abuja,2026-07-16T07:06:45.385Z,AG-1017,0,48.7,0,15.79,2,0,12,0
5031,ACC-105031,Ibadan,2026-08-18T07:06:45.385Z,AG-1030,0,8.8,0,20.43,0,0,21,0
5032,ACC-105032,Kano,2026-07-13T07:06:45.385Z,AG-1013,0,11.4,0,17.09,1,0,7,0
5033,ACC-105033,Ibadan,2026-08-30T07:06:45.385Z,AG-1036,1,45.5,0,7.18,1,0,13,0
5034,ACC-105034,Lagos,2026-08-29T07:06:45.385Z,AG-1008,1,0,0,21.56,1,0,9,0
5035,ACC-105035,Ibadan,2026-06-25T07:06:45.385Z,AG-1016,2,30.2,0,5.72,0,14827,10,0
5036,ACC-105036,Kano,2026-08-17T07:06:45.385Z,AG-1024,2,3.1,0,38,0,0,15,0
5037,ACC-105037,Ibadan,2026-07-20T07:06:45.385Z,AG-1003,2,20.9,0,8.04,2,0,12,0
5038,ACC-105038,Kano,2026-07-03T07:06:45.385Z,AG-1020,1,0,0,15.59,1,0,8,0
5039,ACC-105039,Ibadan,2026-06-29T07:06:45.385Z,AG-1031,1,28.2,0,22.85,0,16875,9,0
5040,ACC-105040,Port Harcourt,2026-08-14T07:06:45.385Z,AG-1002,1,23.9,0,32.43,0,19683,22,0
5041,ACC-105041,Kano,2026-07-23T07:06:45.385Z,AG-1034,2,7.2,0,6.3,0,14096,6,0
5042,ACC-105042,Lagos,2026-07-28T07:06:45.385Z,AG-1004,2,0,0,25.83,1,0,7,0
5043,ACC-105043,Abuja,2026-07-08T07:06:45.385Z,AG-1029,3,0,1,4.52,1,0,10,0
5044,ACC-105044,Kano,2026-08-08T07:06:45.386Z,AG-1020,1,9,1,23.32,1,13017,10,0
5045,ACC-105045,Lagos,2026-06-24T07:06:45.386Z,AG-1037,1,48.4,0,14.36,1,0,14,0
5046,ACC-105046,Port Harcourt,2026-06-06T07:06:45.386Z,AG-1028,1,0,1,18.71,2,8342,9,0
5047,ACC-105047,Kano,2026-08-07T07:06:45.386Z,AG-1010,4,7.8,1,2.38,0,0,19,0
5048,ACC-105048,Abuja,2026-06-24T07:06:45.386Z,AG-1037,0,0,0,18.09,0,0,18,0
5049,ACC-105049,Port Harcourt,2026-06-17T07:06:45.386Z,AG-1012,0,64.4,0,1.1,1,0,21,0
5050,ACC-105050,Lagos,2026-07-08T07:06:45.386Z,AG-1016,0,2.6,1,24.78,1,0,11,0
5051,ACC-105051,Lagos,2026-08-18T07:06:45.386Z,AG-1023,2,0,0,17.36,0,0,17,0
5052,ACC-105052,Abuja,2026-08-09T07:06:45.386Z,AG-1038,3,18.1,0,16.01,0,0,14,0
5053,ACC-105053,Lagos,2026-08-21T07:06:45.386Z,AG-1019,1,14.3,1,13.1,1,0,13,0
5054,ACC-105054,Lagos,2026-06-28T07:06:45.386Z,AG-1022,1,40.4,0,18.69,1,0,12,0
5055,ACC-105055,Ibadan,2026-08-10T07:06:45.386Z,AG-1002,3,15.4,0,13.81,0,9651,22,0
5056,ACC-105056,Ibadan,2026-07-15T07:06:45.386Z,AG-1026,0,16.7,0,12.6,2,14748,16,0
5057,ACC-105057,Abuja,2026-09-03T07:06:45.386Z,AG-1038,1,31.2,0,19.28,2,0,11,0
5058,ACC-105058,Lagos,2026-08-13T07:06:45.386Z,AG-1039,5,11.9,0,26.4,0,0,6,0
5059,ACC-105059,Port Harcourt,2026-08-04T07:06:45.386Z,AG-1026,4,26.4,1,23.34,0,0,16,0
5060,ACC-105060,Kano,2026-08-07T07:06:45.386Z,AG-1024,0,24,0,26.85,1,0,15,0
5061,ACC-105061,Kano,2026-08-06T07:06:45.386Z,AG-1008,0,0,0,0,0,0,11,0
5062,ACC-105062,Abuja,2026-06-25T07:06:45.386Z,AG-1000,1,16.8,0,21.57,1,0,11,0
5063,ACC-105063,Port Harcourt,2026-09-02T07:06:45.386Z,AG-1034,1,21.3,1,25.37,1,0,19,0
5064,ACC-105064,Port Harcourt,2026-07-21T07:06:45.386Z,AG-1027,1,0,1,8.76,1,0,19,0
5065,ACC-105065,Lagos,2026-06-13T07:06:45.386Z,AG-1027,5,231,1,2.27,2,427287,11,1
5066,ACC-105066,Kano,2026-07-17T07:06:45.386Z,AG-1029,0,8.9,0,14.17,0,0,15,0
5067,ACC-105067,Lagos,2026-06-17T07:06:45.386Z,AG-1010,1,8.4,0,18.15,0,0,13,0
5068,ACC-105068,Lagos,2026-08-14T07:06:45.386Z,AG-1016,0,14.1,1,3,0,0,7,0
5069,ACC-105069,Kano,2026-07-22T07:06:45.386Z,AG-1034,0,90.7,0,22.69,0,0,9,0
5070,ACC-105070,Lagos,2026-07-01T07:06:45.386Z,AG-1036,0,11.2,0,30.69,1,0,10,0
5071,ACC-105071,Abuja,2026-08-20T07:06:45.386Z,AG-1036,0,36.4,1,16.69,0,0,6,0
5072,ACC-105072,Port Harcourt,2026-06-30T07:06:45.386Z,AG-1034,2,2,0,14.69,0,16171,21,0
5073,ACC-105073,Kano,2026-09-03T07:06:45.386Z,AG-1002,6,0,0,16.94,1,2848,16,0
5074,ACC-105074,Ibadan,2026-07-13T07:06:45.386Z,AG-1020,0,8.9,0,13.67,1,0,17,0
5075,ACC-105075,Ibadan,2026-08-11T07:06:45.386Z,AG-1039,0,31.3,0,6,2,0,6,0
5076,ACC-105076,Ibadan,2026-07-12T07:06:45.386Z,AG-1003,2,0,0,7.45,0,11578,11,0
5077,ACC-105077,Lagos,2026-06-18T07:06:45.386Z,AG-1002,0,0,0,26.26,0,0,20,0
5078,ACC-105078,Abuja,2026-07-22T07:06:45.386Z,AG-1036,5,18.1,0,0.99,1,0,11,0
5079,ACC-105079,Port Harcourt,2026-08-16T07:06:45.386Z,AG-1001,1,25.8,0,27.14,0,0,22,0
5080,ACC-105080,Port Harcourt,2026-08-01T07:06:45.386Z,AG-1039,2,33.4,0,10.15,0,0,21,0
5081,ACC-105081,Kano,2026-07-23T07:06:45.386Z,AG-1026,3,0,1,4.88,1,0,14,0
5082,ACC-105082,Kano,2026-08-17T07:06:45.386Z,AG-1035,2,51.8,0,24.14,1,0,14,0
5083,ACC-105083,Port Harcourt,2026-07-02T07:06:45.386Z,AG-1028,0,0,0,0,0,0,19,0
5084,ACC-105084,Ibadan,2026-07-16T07:06:45.386Z,AG-1024,3,54.9,0,28.91,1,0,17,0
5085,ACC-105085,Ibadan,2026-07-06T07:06:45.386Z,AG-1034,3,2,1,23.53,1,3095,18,0
5086,ACC-105086,Abuja,2026-08-29T07:06:45.386Z,AG-1026,0,44.6,0,16.19,2,0,12,0
5087,ACC-105087,Abuja,2026-06-16T07:06:45.386Z,AG-1005,1,24.6,0,12.35,0,0,11,0
5088,ACC-105088,Lagos,2026-07-06T07:06:45.386Z,AG-1030,5,10.6,0,22.67,1,0,15,0
5089,ACC-105089,Kano,2026-07-02T07:06:45.386Z,AG-1026,0,64.6,0,33.53,2,3590,7,0
5090,ACC-105090,Lagos,2026-07-28T07:06:45.386Z,AG-1008,2,0,0,17.13,0,0,6,0
5091,ACC-105091,Kano,2026-07-16T07:06:45.386Z,AG-1024,4,41.3,0,17.66,0,0,14,0
5092,ACC-105092,Kano,2026-06-29T07:06:45.386Z,AG-1018,2,15,0,7.61,2,0,6,0
5093,ACC-105093,Abuja,2026-06-23T07:06:45.386Z,AG-1004,3,0,0,1.32,0,0,21,0
5094,ACC-105094,Abuja,2026-06-20T07:06:45.386Z,AG-1015,0,0,0,14.26,1,0,21,0
5095,ACC-105095,Ibadan,2026-07-27T07:06:45.386Z,AG-1000,2,0.7,0,13.42,2,0,11,0
5096,ACC-105096,Kano,2026-06-07T07:06:45.386Z,AG-1003,1,10.4,0,16.46,2,0,20,0
5097,ACC-105097,Ibadan,2026-07-14T07:06:45.386Z,AG-1007,1,50,0,15.63,0,7788,10,0
5098,ACC-105098,Abuja,2026-07-09T07:06:45.386Z,AG-1033,1,254,1,0.6,8,443257,2,1
5099,ACC-105099,Lagos,2026-08-20T07:06:45.386Z,AG-1024,1,46.1,1,13.36,1,4854,13,0
5100,ACC-105100,Ibadan,2026-06-14T07:06:45.386Z,AG-1039,1,35.3,1,17.91,0,0,15,0
5101,ACC-105101,Abuja,2026-07-14T07:06:45.386Z,AG-1025,2,0.3,1,35.84,0,0,12,0
5102,ACC-105102,Kano,2026-08-05T07:06:45.386Z,AG-1019,0,58.5,0,12.23,0,0,10,0
5103,ACC-105103,Ibadan,2026-08-21T07:06:45.386Z,AG-1029,3,11.5,1,5.76,0,0,10,0
5104,ACC-105104,Abuja,2026-06-28T07:06:45.386Z,AG-1033,2,21.4,0,15.01,0,0,8,0
5105,ACC-105105,Ibadan,2026-06-18T07:06:45.386Z,AG-1027,0,38.4,0,24.42,0,0,17,0
5106,ACC-105106,Lagos,2026-08-29T07:06:45.386Z,AG-1037,2,0,1,15.3,1,0,12,0
5107,ACC-105107,Kano,2026-08-21T07:06:45.386Z,AG-1008,2,22.2,1,13.58,0,0,15,0
5108,ACC-105108,Lagos,2026-08-10T07:06:45.386Z,AG-1006,3,18.4,0,18.81,0,0,6,0
5109,ACC-105109,Kano,2026-08-31T07:06:45.386Z,AG-1026,0,12.1,1,17.74,0,0,14,0
5110,ACC-105110,Lagos,2026-08-11T07:06:45.386Z,AG-1021,1,33.9,0,7.45,0,0,21,0
5111,ACC-105111,Kano,2026-06-22T07:06:45.386Z,AG-1005,2,51.2,0,31.96,0,24128,17,0
5112,ACC-105112,Kano,2026-09-01T07:06:45.386Z,AG-1024,0,25,1,0.34,3,2974,15,0
5113,ACC-105113,Kano,2026-08-20T07:06:45.386Z,AG-1015,2,51.2,0,25.9,0,0,8,0
5114,ACC-105114,Lagos,2026-07-17T07:06:45.386Z,AG-1031,3,19,0,4.49,0,0,15,0
5115,ACC-105115,Lagos,2026-06-23T07:06:45.386Z,AG-1002,4,1.5,0,10.06,2,0,7,0
5116,ACC-105116,Lagos,2026-06-09T07:06:45.386Z,AG-1000,0,31.5,0,33.59,0,0,8,0
5117,ACC-105117,Ibadan,2026-06-25T07:06:45.386Z,AG-1039,1,0,1,22.28,2,0,21,0
5118,ACC-105118,Abuja,2026-06-16T07:06:45.386Z,AG-1025,4,137.9,1,0.05,4,364308,10,1
5119,ACC-105119,Ibadan,2026-08-11T07:06:45.386Z,AG-1005,3,6.5,0,17.68,0,0,8,0
5120,ACC-105120,Kano,2026-07-21T07:06:45.386Z,AG-1036,3,1.9,0,4.76,0,22756,21,0
5121,ACC-105121,Port Harcourt,2026-07-10T07:06:45.386Z,AG-1026,3,13.5,0,13.63,2,375,9,0
5122,ACC-105122,Kano,2026-06-27T07:06:45.386Z,AG-1025,4,0,0,0,0,0,7,0
5123,ACC-105123,Abuja,2026-08-15T07:06:45.386Z,AG-1032,0,12.8,1,16.09,0,0,9,0
5124,ACC-105124,Kano,2026-07-14T07:06:45.386Z,AG-1034,3,23.9,0,12.1,1,0,22,0
5125,ACC-105125,Lagos,2026-08-02T07:06:45.386Z,AG-1008,2,0,0,23.02,2,0,14,0
5126,ACC-105126,Kano,2026-08-19T07:06:45.386Z,AG-1000,0,0,0,0,1,0,21,0
5127,ACC-105127,Port Harcourt,2026-07-26T07:06:45.386Z,AG-1011,4,0,1,0,0,0,22,0
5128,ACC-105128,Lagos,2026-06-17T07:06:45.386Z,AG-1021,0,0,1,34.9,0,0,16,0
5129,ACC-105129,Port Harcourt,2026-08-10T07:06:45.386Z,AG-1013,0,4.5,0,13.14,0,15753,7,0
5130,ACC-105130,Abuja,2026-07-01T07:06:45.386Z,AG-1038,4,0,0,11.65,1,1977,8,0
5131,ACC-105131,Lagos,2026-06-07T07:06:45.386Z,AG-1024,4,15.8,1,10.81,2,0,18,0
5132,ACC-105132,Abuja,2026-07-17T07:06:45.386Z,AG-1006,1,0,1,19.66,1,0,10,0
5133,ACC-105133,Abuja,2026-06-17T07:06:45.386Z,AG-1031,4,26.9,0,21.91,0,12003,7,0
5134,ACC-105134,Kano,2026-06-13T07:06:45.386Z,AG-1030,0,14.5,0,14.68,1,0,14,0
5135,ACC-105135,Lagos,2026-08-13T07:06:45.386Z,AG-1037,2,26.7,1,18.14,1,0,11,0
5136,ACC-105136,Abuja,2026-08-07T07:06:45.386Z,AG-1014,0,30.3,0,11.52,0,0,11,0
5137,ACC-105137,Kano,2026-07-28T07:06:45.386Z,AG-1004,4,26.6,1,16.92,1,0,14,0
5138,ACC-105138,Ibadan,2026-07-01T07:06:45.386Z,AG-1034,1,84.6,0,19.93,2,0,6,0
5139,ACC-105139,Ibadan,2026-06-19T07:06:45.386Z,AG-1016,0,2.8,0,8.22,2,0,12,0
5140,ACC-105140,Ibadan,2026-07-01T07:06:45.386Z,AG-1005,5,418,1,0,0,595030,0,1
5141,ACC-105141,Ibadan,2026-09-02T07:06:45.386Z,AG-1015,0,0,0,12.11,2,0,13,0
5142,ACC-105142,Port Harcourt,2026-08-08T07:06:45.386Z,AG-1005,3,65.6,0,22.99,1,0,20,0
5143,ACC-105143,Abuja,2026-07-22T07:06:45.386Z,AG-1028,3,6,0,12.36,0,0,6,0
5144,ACC-105144,Port Harcourt,2026-07-13T07:06:45.386Z,AG-1019,2,0,0,11.13,1,0,20,0
5145,ACC-105145,Abuja,2026-08-11T07:06:45.386Z,AG-1030,0,38.1,0,11.73,1,1579,9,0
5146,ACC-105146,Abuja,2026-07-22T07:06:45.386Z,AG-1014,1,3.2,0,18.57,2,20798,10,0
5147,ACC-105147,Lagos,2026-06-30T07:06:45.386Z,AG-1025,1,4.4,0,25.48,0,0,16,0
5148,ACC-105148,Abuja,2026-08-05T07:06:45.386Z,AG-1021,2,43.5,0,11.67,2,13486,14,0
5149,ACC-105149,Abuja,2026-07-14T07:06:45.387Z,AG-1007,2,31.5,0,27.55,0,0,16,0
5150,ACC-105150,Ibadan,2026-08-19T07:06:45.387Z,AG-1033,0,10.8,0,18.36,0,0,20,0
5151,ACC-105151,Abuja,2026-07-02T07:06:45.387Z,AG-1007,1,0,0,0,0,0,10,0
5152,ACC-105152,Ibadan,2026-06-08T07:06:45.387Z,AG-1021,0,20.3,0,12.58,1,0,12,0
5153,ACC-105153,Kano,2026-08-03T07:06:45.387Z,AG-1009,4,227.6,0,1.12,2,465641,0,1
5154,ACC-105154,Kano,2026-08-03T07:06:45.387Z,AG-1028,5,31.5,1,24.97,2,6435,7,0
5155,ACC-105155,Lagos,2026-06-27T07:06:45.387Z,AG-1026,1,26.5,1,10.14,0,11189,17,0
5156,ACC-105156,Ibadan,2026-08-02T07:06:45.387Z,AG-1024,1,40.5,0,3.14,2,0,21,0
5157,ACC-105157,Kano,2026-07-27T07:06:45.387Z,AG-1033,0,19.1,1,14.35,0,0,14,0
5158,ACC-105158,Ibadan,2026-08-25T07:06:45.387Z,AG-1020,2,186.3,1,4.67,4,523654,2,1
5159,ACC-105159,Abuja,2026-06-11T07:06:45.387Z,AG-1039,4,28.1,0,25.25,1,0,20,0
5160,ACC-105160,Kano,2026-07-09T07:06:45.387Z,AG-1001,2,12.2,0,9.61,1,0,12,0
5161,ACC-105161,Ibadan,2026-06-19T07:06:45.387Z,AG-1025,0,19.2,1,12.78,1,0,14,0
5162,ACC-105162,Abuja,2026-07-17T07:06:45.387Z,AG-1036,1,25.2,0,12.1,1,4710,16,0
5163,ACC-105163,Lagos,2026-07-30T07:06:45.387Z,AG-1014,0,0,0,10.94,0,0,22,0
5164,ACC-105164,Ibadan,2026-06-23T07:06:45.387Z,AG-1023,0,16.2,0,29.15,0,4163,16,0
5165,ACC-105165,Port Harcourt,2026-07-15T07:06:45.387Z,AG-1026,5,33.6,1,2.95,5,161573,5,1
5166,ACC-105166,Ibadan,2026-06-10T07:06:45.387Z,AG-1002,8,396.5,0,0,4,10194,17,1
5167,ACC-105167,Kano,2026-08-22T07:06:45.387Z,AG-1032,1,0,0,4.96,0,13019,18,0
5168,ACC-105168,Kano,2026-08-29T07:06:45.387Z,AG-1008,1,22.7,0,21.16,2,0,16,0
5169,ACC-105169,Abuja,2026-08-07T07:06:45.387Z,AG-1001,0,38.9,0,0,0,11613,16,0
5170,ACC-105170,Kano,2026-07-22T07:06:45.387Z,AG-1036,2,19.1,0,3.17,0,0,18,0
5171,ACC-105171,Ibadan,2026-06-16T07:06:45.387Z,AG-1003,1,58.8,0,4.55,0,0,19,0
5172,ACC-105172,Kano,2026-08-31T07:06:45.387Z,AG-1032,0,5.6,0,16.79,1,13411,18,0
5173,ACC-105173,Port Harcourt,2026-06-06T07:06:45.387Z,AG-1033,3,11.4,0,10.44,1,0,11,0
5174,ACC-105174,Kano,2026-07-23T07:06:45.387Z,AG-1024,2,79.3,0,22.23,2,0,18,0
5175,ACC-105175,Ibadan,2026-08-08T07:06:45.387Z,AG-1017,3,22.4,0,0,0,0,14,0
5176,ACC-105176,Port Harcourt,2026-06-12T07:06:45.387Z,AG-1028,1,15.6,1,16.35,0,0,13,0
5177,ACC-105177,Lagos,2026-08-08T07:06:45.387Z,AG-1031,2,200.2,1,1.13,4,241214,2,1
5178,ACC-105178,Ibadan,2026-08-21T07:06:45.387Z,AG-1022,0,0,0,17.6,2,0,22,0
5179,ACC-105179,Lagos,2026-08-14T07:06:45.387Z,AG-1000,1,32.9,1,15.3,1,6822,16,0
5180,ACC-105180,Ibadan,2026-06-22T07:06:45.387Z,AG-1036,2,56.6,1,20.27,1,0,18,0
5181,ACC-105181,Kano,2026-08-26T07:06:45.387Z,AG-1002,0,0,0,6.98,0,11137,11,0
5182,ACC-105182,Kano,2026-07-14T07:06:45.387Z,AG-1030,3,45.9,0,21.08,1,0,6,0
5183,ACC-105183,Port Harcourt,2026-06-26T07:06:45.387Z,AG-1023,3,47,1,16.54,0,18902,7,0
5184,ACC-105184,Lagos,2026-07-13T07:06:45.387Z,AG-1015,0,0.6,1,12.08,1,9414,11,0
5185,ACC-105185,Abuja,2026-08-20T07:06:45.387Z,AG-1003,2,14.9,0,5.58,0,0,11,0
5186,ACC-105186,Kano,2026-06-25T07:06:45.387Z,AG-1000,1,12,0,8.22,0,0,15,0
5187,ACC-105187,Lagos,2026-07-16T07:06:45.387Z,AG-1027,2,0,0,5.7,2,0,20,0
5188,ACC-105188,Port Harcourt,2026-07-20T07:06:45.387Z,AG-1012,2,6.6,0,29.72,1,0,7,0
5189,ACC-105189,Kano,2026-08-30T07:06:45.387Z,AG-1019,1,49.4,0,28.18,1,0,19,0
5190,ACC-105190,Lagos,2026-06-12T07:06:45.387Z,AG-1024,3,46.1,0,14.48,1,7490,17,0
5191,ACC-105191,Port Harcourt,2026-07-23T07:06:45.387Z,AG-1018,3,33.1,1,2.56,0,0,20,0
5192,ACC-105192,Abuja,2026-07-22T07:06:45.387Z,AG-1014,0,29.5,0,2.65,1,0,7,0
5193,ACC-105193,Port Harcourt,2026-06-21T07:06:45.387Z,AG-1035,0,20.9,0,0.86,0,0,18,0
5194,ACC-105194,Kano,2026-08-18T07:06:45.387Z,AG-1019,0,0,0,12.34,0,0,20,0
5195,ACC-105195,Port Harcourt,2026-08-16T07:06:45.387Z,AG-1031,0,48.7,0,17.93,2,0,7,0
5196,ACC-105196,Port Harcourt,2026-07-12T07:06:45.387Z,AG-1028,0,1.4,1,0,1,14170,10,0
5197,ACC-105197,Ibadan,2026-07-14T07:06:45.387Z,AG-1021,1,16.7,0,16.83,1,0,6,0
5198,ACC-105198,Port Harcourt,2026-07-03T07:06:45.387Z,AG-1004,0,5.8,0,14.49,1,0,17,0
5199,ACC-105199,Port Harcourt,2026-07-06T07:06:45.387Z,AG-1013,0,26.6,0,15.78,0,0,8,0
5200,ACC-105200,Abuja,2026-08-12T07:06:45.387Z,AG-1037,2,25.5,1,0,1,0,21,0
5201,ACC-105201,Ibadan,2026-06-29T07:06:45.387Z,AG-1000,2,5.4,0,13.34,0,0,11,0
5202,ACC-105202,Port Harcourt,2026-08-09T07:06:45.387Z,AG-1009,0,44.3,1,21.22,0,1981,11,0
5203,ACC-105203,Lagos,2026-07-06T07:06:45.387Z,AG-1028,3,10.4,0,9.03,0,4216,7,0
5204,ACC-105204,Kano,2026-08-07T07:06:45.387Z,AG-1006,1,29,0,12.82,0,0,20,0
5205,ACC-105205,Kano,2026-08-10T07:06:45.387Z,AG-1005,2,32.7,0,11.27,1,0,20,0
5206,ACC-105206,Port Harcourt,2026-07-05T07:06:45.387Z,AG-1017,1,0,0,0,1,0,13,0
5207,ACC-105207,Port Harcourt,2026-07-26T07:06:45.387Z,AG-1018,3,48.7,0,1.33,2,0,21,0
5208,ACC-105208,Kano,2026-09-03T07:06:45.387Z,AG-1032,4,19.5,1,22.8,1,17868,18,0
5209,ACC-105209,Kano,2026-08-24T07:06:45.387Z,AG-1022,1,3.5,1,16.32,0,0,11,0
5210,ACC-105210,Kano,2026-07-23T07:06:45.387Z,AG-1004,1,38,0,23.18,1,0,22,0
5211,ACC-105211,Port Harcourt,2026-08-05T07:06:45.387Z,AG-1011,2,0,0,19.62,0,0,19,0
5212,ACC-105212,Kano,2026-09-04T07:06:45.387Z,AG-1035,0,31.1,0,29.39,1,0,20,0
5213,ACC-105213,Port Harcourt,2026-06-09T07:06:45.387Z,AG-1023,1,71.5,0,0.99,1,0,21,0
5214,ACC-105214,Port Harcourt,2026-07-22T07:06:45.387Z,AG-1024,2,0,0,8.63,0,0,14,0
5215,ACC-105215,Kano,2026-06-17T07:06:45.387Z,AG-1039,3,3.6,1,12.23,0,13550,15,0
5216,ACC-105216,Lagos,2026-06-21T07:06:45.387Z,AG-1013,4,21.6,1,2.35,1,0,12,0
5217,ACC-105217,Kano,2026-09-02T07:06:45.387Z,AG-1013,1,147.1,0,0,4,432444,7,1
5218,ACC-105218,Kano,2026-06-09T07:06:45.387Z,AG-1010,4,56.4,0,29.77,0,0,12,0
5219,ACC-105219,Ibadan,2026-06-21T07:06:45.387Z,AG-1003,0,64.5,0,11.55,0,0,17,0
5220,ACC-105220,Port Harcourt,2026-08-01T07:06:45.387Z,AG-1028,2,18.7,0,6.25,1,0,7,0
5221,ACC-105221,Lagos,2026-07-13T07:06:45.387Z,AG-1000,3,17.9,0,19.63,1,0,20,0
5222,ACC-105222,Port Harcourt,2026-08-11T07:06:45.387Z,AG-1028,1,4.3,1,0,0,0,15,0
5223,ACC-105223,Ibadan,2026-08-01T07:06:45.387Z,AG-1016,2,14.2,0,19.57,1,0,20,0
5224,ACC-105224,Port Harcourt,2026-07-06T07:06:45.387Z,AG-1016,1,16.7,0,16.71,2,0,21,0
5225,ACC-105225,Lagos,2026-08-01T07:06:45.387Z,AG-1018,3,6.8,0,16.22,2,0,13,0
5226,ACC-105226,Kano,2026-07-25T07:06:45.387Z,AG-1004,0,40.8,0,15.03,1,0,9,0
5227,ACC-105227,Kano,2026-07-23T07:06:45.387Z,AG-1003,0,0.5,0,0,2,0,12,0
5228,ACC-105228,Kano,2026-07-16T07:06:45.387Z,AG-1008,1,50.5,0,21.02,0,0,11,0
5229,ACC-105229,Port Harcourt,2026-09-02T07:06:45.387Z,AG-1010,1,26.1,0,14.13,1,0,17,0
5230,ACC-105230,Lagos,2026-06-18T07:06:45.387Z,AG-1037,0,66.2,0,1.76,1,0,14,0
5231,ACC-105231,Ibadan,2026-06-29T07:06:45.387Z,AG-1032,4,102.3,1,0.04,5,636453,3,1
5232,ACC-105232,Ibadan,2026-06-28T07:06:45.387Z,AG-1007,4,18.1,0,22.31,0,0,14,0
5233,ACC-105233,Port Harcourt,2026-08-11T07:06:45.387Z,AG-1018,2,21.9,1,6.66,2,0,21,0
5234,ACC-105234,Ibadan,2026-06-08T07:06:45.387Z,AG-1033,2,58.4,0,24.66,1,0,17,0
5235,ACC-105235,Kano,2026-06-08T07:06:45.387Z,AG-1030,0,27.8,0,16.07,0,0,16,0
5236,ACC-105236,Kano,2026-07-04T07:06:45.387Z,AG-1036,3,24.4,0,11.96,0,0,21,0
5237,ACC-105237,Port Harcourt,2026-08-24T07:06:45.387Z,AG-1025,3,42.7,1,2.07,0,0,20,0
5238,ACC-105238,Kano,2026-07-27T07:06:45.387Z,AG-1005,2,37.7,0,8.97,0,15149,14,0
5239,ACC-105239,Ibadan,2026-06-25T07:06:45.387Z,AG-1020,1,20,0,2.21,1,15051,9,0
5240,ACC-105240,Kano,2026-07-22T07:06:45.387Z,AG-1000,2,36.6,0,0,0,9115,14,0
5241,ACC-105241,Ibadan,2026-07-20T07:06:45.387Z,AG-1039,3,0,0,27.64,0,11365,16,0
5242,ACC-105242,Abuja,2026-06-06T07:06:45.387Z,AG-1029,4,11.4,0,8.31,1,0,21,0
5243,ACC-105243,Ibadan,2026-06-06T07:06:45.387Z,AG-1001,3,48.1,1,4.03,1,0,6,0
5244,ACC-105244,Ibadan,2026-09-01T07:06:45.387Z,AG-1011,1,38.5,0,17.32,1,9949,8,0
5245,ACC-105245,Lagos,2026-08-29T07:06:45.387Z,AG-1024,3,0,0,8.78,2,0,14,0
5246,ACC-105246,Port Harcourt,2026-08-22T07:06:45.387Z,AG-1028,4,20.2,0,14.55,1,0,11,0
5247,ACC-105247,Kano,2026-08-19T07:06:45.387Z,AG-1014,2,53.9,1,26.66,1,0,14,0
5248,ACC-105248,Port Harcourt,2026-07-14T07:06:45.387Z,AG-1009,3,24.2,1,1.74,0,0,16,0
5249,ACC-105249,Kano,2026-08-18T07:06:45.387Z,AG-1012,0,86.7,0,15.8,2,0,15,0
5250,ACC-105250,Abuja,2026-08-04T07:06:45.387Z,AG-1000,1,53.7,1,12.56,1,0,17,0
5251,ACC-105251,Port Harcourt,2026-07-04T07:06:45.387Z,AG-1026,1,0,1,19.29,1,0,8,0
5252,ACC-105252,Kano,2026-08-12T07:06:45.387Z,AG-1010,0,5.1,0,21.24,2,0,11,0
5253,ACC-105253,Port Harcourt,2026-07-16T07:06:45.387Z,AG-1018,1,0,0,4.82,0,0,6,0
5254,ACC-105254,Port Harcourt,2026-09-01T07:06:45.387Z,AG-1019,0,7.8,0,8.74,0,0,12,0
5255,ACC-105255,Ibadan,2026-06-14T07:06:45.387Z,AG-1024,0,34.8,0,15.88,1,0,20,0
5256,ACC-105256,Lagos,2026-06-23T07:06:45.387Z,AG-1009,3,20.3,0,8,0,0,11,0
5257,ACC-105257,Port Harcourt,2026-08-30T07:06:45.387Z,AG-1023,2,19,0,0,1,0,14,0
5258,ACC-105258,Abuja,2026-08-16T07:06:45.387Z,AG-1001,0,0,0,11.36,0,6571,19,0
5259,ACC-105259,Lagos,2026-07-11T07:06:45.387Z,AG-1000,2,0,0,27.19,2,0,22,0
5260,ACC-105260,Kano,2026-07-26T07:06:45.387Z,AG-1027,3,31.2,1,15.47,0,20119,9,0
5261,ACC-105261,Port Harcourt,2026-06-25T07:06:45.387Z,AG-1005,1,37.4,0,13.8,1,0,14,0
5262,ACC-105262,Lagos,2026-08-07T07:06:45.387Z,AG-1015,2,0,0,22.31,1,0,20,0
5263,ACC-105263,Ibadan,2026-08-14T07:06:45.387Z,AG-1027,2,0,0,27.3,0,0,18,0
5264,ACC-105264,Abuja,2026-07-26T07:06:45.387Z,AG-1011,2,7.4,1,16.16,0,0,10,0
5265,ACC-105265,Kano,2026-07-18T07:06:45.387Z,AG-1021,6,0,1,18.12,1,1939,11,0
5266,ACC-105266,Port Harcourt,2026-08-16T07:06:45.387Z,AG-1013,3,503.7,1,1.15,5,136662,3,1
5267,ACC-105267,Kano,2026-09-01T07:06:45.387Z,AG-1001,2,13.3,1,13.61,1,21497,12,0
5268,ACC-105268,Abuja,2026-07-07T07:06:45.387Z,AG-1005,1,0,1,24.69,1,0,12,0
5269,ACC-105269,Port Harcourt,2026-07-08T07:06:45.387Z,AG-1008,4,360,1,0,5,182701,16,1
5270,ACC-105270,Lagos,2026-08-22T07:06:45.387Z,AG-1029,0,0,0,20,4,0,22,0
5271,ACC-105271,Abuja,2026-06-18T07:06:45.387Z,AG-1001,3,15.9,0,12.47,0,5787,21,0
5272,ACC-105272,Ibadan,2026-06-06T07:06:45.387Z,AG-1034,0,57.2,0,7.45,1,0,13,0
5273,ACC-105273,Kano,2026-06-24T07:06:45.387Z,AG-1007,0,0,0,19.7,0,0,22,0
5274,ACC-105274,Port Harcourt,2026-07-24T07:06:45.387Z,AG-1038,0,31,1,24.17,0,0,22,0
5275,ACC-105275,Lagos,2026-08-05T07:06:45.387Z,AG-1033,3,0,1,22.85,1,0,17,0
5276,ACC-105276,Port Harcourt,2026-08-16T07:06:45.387Z,AG-1029,1,0,1,17.64,2,0,21,0
5277,ACC-105277,Abuja,2026-07-13T07:06:45.387Z,AG-1000,1,28.7,1,13.33,2,0,10,0
5278,ACC-105278,Ibadan,2026-07-10T07:06:45.387Z,AG-1037,4,1.5,0,22.85,0,3919,11,0
5279,ACC-105279,Ibadan,2026-06-23T07:06:45.387Z,AG-1003,3,13,1,22.03,0,0,9,0
5280,ACC-105280,Abuja,2026-09-01T07:06:45.387Z,AG-1024,3,7.1,0,0.85,0,0,13,0
5281,ACC-105281,Ibadan,2026-06-27T07:06:45.388Z,AG-1012,1,31.5,0,13.15,0,17303,12,0
5282,ACC-105282,Abuja,2026-08-07T07:06:45.388Z,AG-1012,3,50,1,3.5,0,0,17,0
5283,ACC-105283,Lagos,2026-07-27T07:06:45.388Z,AG-1017,5,260.3,1,0.19,2,153000,9,1
5284,ACC-105284,Kano,2026-06-29T07:06:45.388Z,AG-1035,2,5.5,0,12.33,1,15180,10,0
5285,ACC-105285,Kano,2026-07-15T07:06:45.388Z,AG-1001,4,22.1,0,24.43,0,0,15,0
5286,ACC-105286,Port Harcourt,2026-08-19T07:06:45.388Z,AG-1039,0,33.9,0,0.67,1,19147,7,0
5287,ACC-105287,Lagos,2026-08-10T07:06:45.388Z,AG-1039,4,11.5,1,16.93,0,0,14,0
5288,ACC-105288,Abuja,2026-08-22T07:06:45.388Z,AG-1019,0,35.1,1,2.35,0,0,17,0
5289,ACC-105289,Lagos,2026-06-23T07:06:45.388Z,AG-1031,1,0,0,24.41,0,0,21,0
5290,ACC-105290,Ibadan,2026-08-21T07:06:45.388Z,AG-1037,0,52.6,0,17.02,0,6497,20,0
5291,ACC-105291,Port Harcourt,2026-06-10T07:06:45.388Z,AG-1003,1,11.3,1,9.55,2,0,13,0
5292,ACC-105292,Port Harcourt,2026-07-21T07:06:45.388Z,AG-1010,0,101.2,1,1.12,4,372563,14,1
5293,ACC-105293,Port Harcourt,2026-06-14T07:06:45.388Z,AG-1027,2,0,1,21.08,0,0,11,0
5294,ACC-105294,Abuja,2026-08-26T07:06:45.388Z,AG-1038,4,37.6,0,0,1,18667,14,0
5295,ACC-105295,Kano,2026-08-08T07:06:45.388Z,AG-1030,2,8.3,1,5.96,0,5675,18,0
5296,ACC-105296,Lagos,2026-06-15T07:06:45.388Z,AG-1010,1,14.4,0,12.45,1,0,12,0
5297,ACC-105297,Abuja,2026-07-31T07:06:45.388Z,AG-1028,3,55.7,1,13.89,0,0,18,0
5298,ACC-105298,Ibadan,2026-06-08T07:06:45.388Z,AG-1035,2,224.4,1,1.65,0,161225,20,1
5299,ACC-105299,Ibadan,2026-09-01T07:06:45.388Z,AG-1005,3,8.6,0,4.59,1,0,21,0
5300,ACC-105300,Ibadan,2026-06-20T07:06:45.388Z,AG-1012,2,44,1,20.12,0,0,16,0
5301,ACC-105301,Kano,2026-07-10T07:06:45.388Z,AG-1028,0,0,0,28.92,0,0,8,0
5302,ACC-105302,Port Harcourt,2026-07-17T07:06:45.388Z,AG-1004,0,0,0,0.75,1,0,8,0
5303,ACC-105303,Kano,2026-08-04T07:06:45.388Z,AG-1014,0,39.4,1,14.43,3,0,18,0
5304,ACC-105304,Kano,2026-08-26T07:06:45.388Z,AG-1028,1,0,0,1.46,8,293277,1,1
5305,ACC-105305,Ibadan,2026-08-08T07:06:45.388Z,AG-1019,0,44.3,1,15.88,1,0,16,0
5306,ACC-105306,Kano,2026-06-06T07:06:45.388Z,AG-1012,2,0,0,30.11,0,0,19,0
5307,ACC-105307,Lagos,2026-08-01T07:06:45.388Z,AG-1011,1,69.5,0,8.85,1,0,13,0
5308,ACC-105308,Ibadan,2026-08-30T07:06:45.388Z,AG-1036,1,0.4,1,28.38,2,0,6,0
5309,ACC-105309,Kano,2026-08-11T07:06:45.388Z,AG-1009,2,0,0,12.3,0,0,15,0
5310,ACC-105310,Lagos,2026-08-29T07:06:45.388Z,AG-1030,3,13.4,0,10.64,0,0,17,0
5311,ACC-105311,Kano,2026-08-24T07:06:45.388Z,AG-1034,2,16.6,0,9.96,0,8706,9,0
5312,ACC-105312,Abuja,2026-08-02T07:06:45.388Z,AG-1034,3,78.9,1,7.22,0,0,18,0
5313,ACC-105313,Abuja,2026-07-31T07:06:45.388Z,AG-1022,3,8.8,0,16.19,0,0,22,0
5314,ACC-105314,Kano,2026-07-28T07:06:45.388Z,AG-1024,0,51.9,0,14.2,0,0,13,0
5315,ACC-105315,Port Harcourt,2026-08-22T07:06:45.388Z,AG-1018,1,0,0,2.55,2,0,14,0
5316,ACC-105316,Abuja,2026-08-18T07:06:45.388Z,AG-1015,1,0,0,19.44,2,12608,12,0
5317,ACC-105317,Kano,2026-07-24T07:06:45.388Z,AG-1014,1,0,1,26.27,0,0,21,0
5318,ACC-105318,Port Harcourt,2026-07-18T07:06:45.388Z,AG-1006,3,0,0,14.77,2,0,20,0
5319,ACC-105319,Lagos,2026-08-04T07:06:45.388Z,AG-1009,2,11.4,1,22.03,0,0,10,0
5320,ACC-105320,Kano,2026-07-07T07:06:45.388Z,AG-1001,1,10.3,1,10.63,0,9813,6,0
5321,ACC-105321,Kano,2026-06-07T07:06:45.388Z,AG-1012,2,169.9,1,0.01,3,434225,22,1
5322,ACC-105322,Abuja,2026-06-29T07:06:45.388Z,AG-1030,1,28.6,1,0,2,0,18,0
5323,ACC-105323,Port Harcourt,2026-07-28T07:06:45.388Z,AG-1035,4,44,0,22.68,1,0,6,0
5324,ACC-105324,Kano,2026-06-10T07:06:45.388Z,AG-1032,4,0,0,20.68,0,0,19,0
5325,ACC-105325,Port Harcourt,2026-06-24T07:06:45.388Z,AG-1006,1,29.6,0,13.69,2,0,19,0
5326,ACC-105326,Port Harcourt,2026-08-01T07:06:45.388Z,AG-1004,0,31.2,0,17.39,3,0,14,0
5327,ACC-105327,Ibadan,2026-08-09T07:06:45.388Z,AG-1009,2,11.5,1,12.22,0,0,6,0
5328,ACC-105328,Port Harcourt,2026-08-01T07:06:45.388Z,AG-1004,2,49.2,1,21.62,1,0,18,0
5329,ACC-105329,Ibadan,2026-08-01T07:06:45.388Z,AG-1020,0,19.9,0,9.96,1,0,19,0
5330,ACC-105330,Abuja,2026-06-15T07:06:45.388Z,AG-1004,5,4,0,19.1,0,0,10,0
5331,ACC-105331,Abuja,2026-06-17T07:06:45.388Z,AG-1020,6,56.8,1,2.18,9,290298,17,1
5332,ACC-105332,Abuja,2026-08-12T07:06:45.388Z,AG-1020,4,47,0,38.54,2,0,15,0
5333,ACC-105333,Port Harcourt,2026-07-20T07:06:45.388Z,AG-1004,1,0,0,22.28,0,0,14,0
5334,ACC-105334,Lagos,2026-07-13T07:06:45.388Z,AG-1032,2,23.1,1,22.9,2,0,17,0
5335,ACC-105335,Port Harcourt,2026-08-14T07:06:45.388Z,AG-1008,3,44.8,1,0,0,0,11,0
5336,ACC-105336,Kano,2026-08-04T07:06:45.388Z,AG-1002,5,41.3,1,0,0,7541,16,0
5337,ACC-105337,Abuja,2026-07-25T07:06:45.388Z,AG-1012,3,0,0,11.85,0,5680,10,0
5338,ACC-105338,Port Harcourt,2026-06-20T07:06:45.388Z,AG-1020,1,16.5,0,9.32,0,0,16,0
5339,ACC-105339,Ibadan,2026-07-25T07:06:45.388Z,AG-1014,1,23.1,0,22.98,0,0,12,0
5340,ACC-105340,Ibadan,2026-07-08T07:06:45.388Z,AG-1035,3,72.8,1,12.05,0,0,18,0
5341,ACC-105341,Lagos,2026-06-24T07:06:45.388Z,AG-1016,2,25.8,0,6.08,0,0,11,0
5342,ACC-105342,Ibadan,2026-08-04T07:06:45.388Z,AG-1020,0,1.4,1,20.02,2,0,9,0
5343,ACC-105343,Ibadan,2026-07-30T07:06:45.388Z,AG-1027,0,39.8,0,10.81,0,0,15,0
5344,ACC-105344,Ibadan,2026-06-14T07:06:45.388Z,AG-1001,0,17.1,0,12.63,1,8324,22,0
5345,ACC-105345,Lagos,2026-07-08T07:06:45.388Z,AG-1006,0,33.3,0,18.47,1,0,17,0
5346,ACC-105346,Port Harcourt,2026-06-08T07:06:45.388Z,AG-1036,0,4.5,0,11.28,2,0,17,0
5347,ACC-105347,Kano,2026-08-16T07:06:45.388Z,AG-1035,1,26.4,1,11.96,0,16479,17,0
5348,ACC-105348,Ibadan,2026-07-01T07:06:45.388Z,AG-1034,0,36.9,0,17.71,1,0,21,0
5349,ACC-105349,Lagos,2026-08-05T07:06:45.388Z,AG-1032,0,16.4,0,3.8,1,14237,22,0
5350,ACC-105350,Abuja,2026-07-02T07:06:45.388Z,AG-1019,2,15.7,0,22.22,1,9387,11,0
5351,ACC-105351,Ibadan,2026-07-09T07:06:45.388Z,AG-1036,5,10.2,0,22.26,0,32216,16,0
5352,ACC-105352,Abuja,2026-07-16T07:06:45.388Z,AG-1039,2,53,0,22.49,0,0,12,0
5353,ACC-105353,Abuja,2026-08-28T07:06:45.388Z,AG-1008,0,4.5,1,10.8,0,0,9,0
5354,ACC-105354,Kano,2026-08-23T07:06:45.388Z,AG-1008,1,0,0,26.15,1,19248,19,0
5355,ACC-105355,Abuja,2026-08-26T07:06:45.388Z,AG-1020,2,6.9,0,19.72,0,0,10,0
5356,ACC-105356,Port Harcourt,2026-06-07T07:06:45.388Z,AG-1018,2,0,0,31.86,0,0,6,0
5357,ACC-105357,Kano,2026-07-24T07:06:45.388Z,AG-1001,2,0,0,12.57,2,0,8,0
5358,ACC-105358,Ibadan,2026-08-04T07:06:45.388Z,AG-1036,4,30.7,0,4.16,2,0,7,0
5359,ACC-105359,Lagos,2026-08-30T07:06:45.388Z,AG-1036,1,31.4,0,24.58,1,0,17,0
5360,ACC-105360,Abuja,2026-06-28T07:06:45.388Z,AG-1008,0,24.3,0,26.77,1,14284,17,0
5361,ACC-105361,Lagos,2026-08-13T07:06:45.388Z,AG-1026,0,20.5,0,24.57,0,0,16,0
5362,ACC-105362,Kano,2026-08-13T07:06:45.388Z,AG-1018,3,17.6,1,15.15,0,5547,7,0
5363,ACC-105363,Ibadan,2026-09-03T07:06:45.388Z,AG-1039,1,31,0,20.5,0,22919,8,0
5364,ACC-105364,Lagos,2026-08-02T07:06:45.388Z,AG-1033,1,12,0,8.66,0,0,16,0
5365,ACC-105365,Lagos,2026-07-29T07:06:45.388Z,AG-1033,0,19.6,0,15.45,0,0,8,0
5366,ACC-105366,Ibadan,2026-08-26T07:06:45.388Z,AG-1020,4,155.8,0,1.03,3,682023,1,1
5367,ACC-105367,Abuja,2026-08-18T07:06:45.388Z,AG-1028,0,16.9,1,12.22,1,0,17,0
5368,ACC-105368,Ibadan,2026-09-04T07:06:45.388Z,AG-1032,1,0,0,26.69,0,0,8,0
5369,ACC-105369,Lagos,2026-08-03T07:06:45.388Z,AG-1029,4,0,1,19.82,0,0,7,0
5370,ACC-105370,Ibadan,2026-08-22T07:06:45.388Z,AG-1017,0,9.6,1,34.19,0,0,18,0
5371,ACC-105371,Port Harcourt,2026-08-04T07:06:45.388Z,AG-1019,0,0,0,8.44,0,0,11,0
5372,ACC-105372,Lagos,2026-07-07T07:06:45.388Z,AG-1003,3,28.6,0,5.55,1,0,13,0
5373,ACC-105373,Lagos,2026-08-15T07:06:45.388Z,AG-1011,1,0,0,21.36,0,0,17,0
5374,ACC-105374,Abuja,2026-06-29T07:06:45.388Z,AG-1029,0,33.6,0,20.83,0,0,11,0
5375,ACC-105375,Lagos,2026-06-18T07:06:45.388Z,AG-1022,2,9.5,1,5.56,0,0,13,0
5376,ACC-105376,Lagos,2026-07-29T07:06:45.388Z,AG-1009,3,97.6,0,15.68,0,0,6,0
5377,ACC-105377,Ibadan,2026-07-22T07:06:45.388Z,AG-1002,2,16.2,1,5.54,0,8017,10,0
5378,ACC-105378,Lagos,2026-08-28T07:06:45.388Z,AG-1005,1,736,1,0.17,7,223700,4,1
5379,ACC-105379,Ibadan,2026-07-06T07:06:45.388Z,AG-1024,3,12,0,31.39,0,0,15,0
5380,ACC-105380,Kano,2026-06-16T07:06:45.388Z,AG-1030,2,0,0,26.2,1,0,20,0
5381,ACC-105381,Kano,2026-07-30T07:06:45.388Z,AG-1021,0,19.9,1,17.75,0,0,19,0
5382,ACC-105382,Lagos,2026-06-18T07:06:45.388Z,AG-1026,3,35.3,1,16.66,1,2743,9,0
5383,ACC-105383,Kano,2026-08-25T07:06:45.388Z,AG-1032,1,23,1,31.3,2,9945,12,0
5384,ACC-105384,Kano,2026-08-04T07:06:45.388Z,AG-1014,2,13.9,0,15.68,0,0,10,0
5385,ACC-105385,Ibadan,2026-07-28T07:06:45.388Z,AG-1019,3,67.3,0,17.78,1,0,12,0
5386,ACC-105386,Port Harcourt,2026-08-09T07:06:45.388Z,AG-1028,1,151.2,1,1.76,4,159007,5,1
5387,ACC-105387,Lagos,2026-06-10T07:06:45.388Z,AG-1032,5,177,0,3.02,5,455621,17,1
5388,ACC-105388,Ibadan,2026-07-07T07:06:45.388Z,AG-1013,4,652.7,1,0.96,5,282139,10,1
5389,ACC-105389,Kano,2026-07-01T07:06:45.388Z,AG-1013,1,19.1,1,8.95,0,0,15,0
5390,ACC-105390,Lagos,2026-07-08T07:06:45.388Z,AG-1004,1,32.7,0,17.28,0,16064,12,0
5391,ACC-105391,Kano,2026-07-20T07:06:45.388Z,AG-1034,0,43.4,1,16.98,0,0,18,0
5392,ACC-105392,Kano,2026-06-16T07:06:45.388Z,AG-1005,3,4.1,1,5.5,1,8283,12,0
5393,ACC-105393,Abuja,2026-06-07T07:06:45.388Z,AG-1014,2,0,0,31.59,0,14134,13,0
5394,ACC-105394,Ibadan,2026-07-20T07:06:45.388Z,AG-1030,0,31.7,0,9.73,0,0,16,0
5395,ACC-105395,Lagos,2026-08-18T07:06:45.388Z,AG-1038,3,9.4,1,7.54,1,0,9,0
5396,ACC-105396,Port Harcourt,2026-06-30T07:06:45.388Z,AG-1010,2,0,0,3.65,0,0,16,0
5397,ACC-105397,Port Harcourt,2026-08-14T07:06:45.388Z,AG-1021,0,0,0,20.9,0,6935,22,0
5398,ACC-105398,Ibadan,2026-09-01T07:06:45.388Z,AG-1015,0,0,0,19.22,0,0,7,0
5399,ACC-105399,Lagos,2026-08-02T07:06:45.388Z,AG-1008,5,32.3,1,18.3,1,0,6,0
5400,ACC-105400,Ibadan,2026-06-14T07:06:45.388Z,AG-1008,0,44.8,0,11.92,1,0,16,0
5401,ACC-105401,Lagos,2026-07-04T07:06:45.388Z,AG-1006,4,0,0,8.48,0,0,6,0
5402,ACC-105402,Lagos,2026-06-28T07:06:45.388Z,AG-1006,0,0,0,18.78,1,0,14,0
5403,ACC-105403,Lagos,2026-08-01T07:06:45.388Z,AG-1023,0,58,0,21.56,2,0,22,0
5404,ACC-105404,Kano,2026-07-19T07:06:45.388Z,AG-1005,0,21.9,0,16.59,1,5505,11,0
5405,ACC-105405,Kano,2026-07-08T07:06:45.388Z,AG-1036,4,156.5,1,1.95,4,197386,1,1
5406,ACC-105406,Abuja,2026-07-07T07:06:45.388Z,AG-1027,2,12.8,0,12.21,0,0,12,0
5407,ACC-105407,Ibadan,2026-08-09T07:06:45.388Z,AG-1004,0,16.1,0,27.31,2,14435,8,0
5408,ACC-105408,Abuja,2026-07-05T07:06:45.388Z,AG-1016,0,0,1,8.13,1,0,15,0
5409,ACC-105409,Ibadan,2026-06-06T07:06:45.388Z,AG-1035,1,0,0,33.04,0,0,8,0
5410,ACC-105410,Kano,2026-06-19T07:06:45.388Z,AG-1035,1,55.1,1,1.34,2,5923,7,0
5411,ACC-105411,Kano,2026-08-15T07:06:45.388Z,AG-1037,0,10.6,0,12.34,1,0,9,0
5412,ACC-105412,Kano,2026-08-09T07:06:45.388Z,AG-1008,0,26.2,0,9.4,1,80,20,0
5413,ACC-105413,Abuja,2026-06-20T07:06:45.388Z,AG-1026,3,2.6,1,22.26,2,0,13,0
5414,ACC-105414,Port Harcourt,2026-07-10T07:06:45.388Z,AG-1012,1,5.9,0,0,1,0,13,0
5415,ACC-105415,Abuja,2026-08-15T07:06:45.388Z,AG-1005,2,60.3,0,19.24,0,922,12,0
5416,ACC-105416,Lagos,2026-08-27T07:06:45.388Z,AG-1031,2,3.2,0,28.64,2,0,21,0
5417,ACC-105417,Port Harcourt,2026-07-15T07:06:45.388Z,AG-1013,1,33.8,0,13.98,0,20451,7,0
5418,ACC-105418,Port Harcourt,2026-06-25T07:06:45.388Z,AG-1036,0,40.5,0,3.56,0,13249,6,0
5419,ACC-105419,Kano,2026-07-02T07:06:45.388Z,AG-1018,4,17.8,0,23.55,0,0,6,0
5420,ACC-105420,Lagos,2026-09-02T07:06:45.388Z,AG-1029,1,28.2,0,15.22,1,0,8,0
5421,ACC-105421,Kano,2026-08-16T07:06:45.388Z,AG-1024,2,38.2,0,2.83,2,0,7,0
5422,ACC-105422,Port Harcourt,2026-09-01T07:06:45.388Z,AG-1029,0,41.1,1,14.65,0,0,10,0
5423,ACC-105423,Lagos,2026-07-19T07:06:45.389Z,AG-1017,2,62.6,0,17.52,0,0,21,0
5424,ACC-105424,Port Harcourt,2026-08-29T07:06:45.389Z,AG-1014,2,0,1,10.56,1,19940,7,0
5425,ACC-105425,Kano,2026-09-01T07:06:45.389Z,AG-1011,0,1.2,0,21.56,0,0,21,0
5426,ACC-105426,Kano,2026-08-18T07:06:45.389Z,AG-1002,5,11,0,12.62,0,0,10,0
5427,ACC-105427,Kano,2026-07-09T07:06:45.389Z,AG-1005,0,0,1,7.48,1,0,6,0
5428,ACC-105428,Abuja,2026-08-25T07:06:45.389Z,AG-1039,2,0,0,11.25,0,0,22,0
5429,ACC-105429,Kano,2026-07-28T07:06:45.389Z,AG-1012,3,0,0,5.51,0,0,13,0
5430,ACC-105430,Kano,2026-08-03T07:06:45.389Z,AG-1017,1,9.8,0,9.49,3,0,7,0
5431,ACC-105431,Ibadan,2026-07-24T07:06:45.389Z,AG-1027,4,0,0,15.7,1,0,20,0
5432,ACC-105432,Abuja,2026-06-18T07:06:45.389Z,AG-1006,0,27.5,1,13.48,1,0,7,0
5433,ACC-105433,Abuja,2026-07-18T07:06:45.389Z,AG-1035,0,33.5,0,15.2,0,0,22,0
5434,ACC-105434,Lagos,2026-07-15T07:06:45.389Z,AG-1018,1,0,0,18.96,0,16989,19,0
5435,ACC-105435,Lagos,2026-08-27T07:06:45.389Z,AG-1004,3,6.1,0,36.83,0,12276,8,0
5436,ACC-105436,Port Harcourt,2026-08-03T07:06:45.389Z,AG-1035,0,28.8,0,10.47,1,0,14,0
5437,ACC-105437,Ibadan,2026-06-25T07:06:45.389Z,AG-1009,1,4.5,0,23.62,4,0,21,0
5438,ACC-105438,Lagos,2026-08-06T07:06:45.389Z,AG-1035,2,4.9,0,10.89,0,0,12,0
5439,ACC-105439,Ibadan,2026-06-19T07:06:45.389Z,AG-1037,2,15.8,0,7.29,2,0,13,0
5440,ACC-105440,Abuja,2026-08-02T07:06:45.389Z,AG-1019,4,282.1,1,0.66,3,763902,5,1
5441,ACC-105441,Abuja,2026-08-17T07:06:45.389Z,AG-1014,1,34.3,0,29.25,1,0,14,0
5442,ACC-105442,Port Harcourt,2026-07-01T07:06:45.389Z,AG-1033,1,33.1,0,10.64,0,6461,6,0
5443,ACC-105443,Kano,2026-06-25T07:06:45.389Z,AG-1034,3,26.9,0,14.86,2,17657,21,0
5444,ACC-105444,Ibadan,2026-06-27T07:06:45.389Z,AG-1011,1,21.9,0,15,0,0,13,0
5445,ACC-105445,Kano,2026-07-16T07:06:45.389Z,AG-1029,0,0,0,16.27,0,25002,16,0
5446,ACC-105446,Lagos,2026-07-23T07:06:45.389Z,AG-1010,1,11.6,0,11.43,0,0,7,0
5447,ACC-105447,Lagos,2026-06-26T07:06:45.389Z,AG-1025,1,37.7,0,24.93,2,0,6,0
5448,ACC-105448,Abuja,2026-06-27T07:06:45.389Z,AG-1016,2,94.7,0,2.55,2,0,8,0
5449,ACC-105449,Lagos,2026-07-20T07:06:45.389Z,AG-1016,1,38.3,1,15.43,1,0,13,0
5450,ACC-105450,Lagos,2026-08-27T07:06:45.389Z,AG-1008,1,14.4,0,0,1,24251,11,0
5451,ACC-105451,Port Harcourt,2026-07-26T07:06:45.389Z,AG-1026,1,33,0,26.71,0,0,7,0
5452,ACC-105452,Ibadan,2026-08-10T07:06:45.389Z,AG-1034,0,23.9,0,9.15,1,0,10,0
5453,ACC-105453,Port Harcourt,2026-08-29T07:06:45.389Z,AG-1027,4,179.2,1,0,4,775560,17,1
5454,ACC-105454,Abuja,2026-07-02T07:06:45.389Z,AG-1022,4,1.4,0,22.05,0,0,17,0
5455,ACC-105455,Ibadan,2026-09-01T07:06:45.389Z,AG-1037,4,44.7,0,17.55,1,0,18,0
5456,ACC-105456,Lagos,2026-08-23T07:06:45.389Z,AG-1006,4,8,0,14.49,0,0,15,0
5457,ACC-105457,Lagos,2026-08-14T07:06:45.389Z,AG-1027,2,0,0,15.84,0,0,21,0
5458,ACC-105458,Kano,2026-07-21T07:06:45.389Z,AG-1011,0,20.5,0,33.18,0,0,19,0
5459,ACC-105459,Port Harcourt,2026-06-19T07:06:45.389Z,AG-1018,2,44.9,1,28.83,2,14888,17,0
5460,ACC-105460,Lagos,2026-07-11T07:06:45.389Z,AG-1015,3,27.2,0,29.65,0,0,12,0
5461,ACC-105461,Lagos,2026-08-17T07:06:45.389Z,AG-1008,0,5.4,0,24.3,2,0,13,0
5462,ACC-105462,Port Harcourt,2026-08-10T07:06:45.389Z,AG-1025,2,12.4,0,17.82,2,0,7,0
5463,ACC-105463,Abuja,2026-06-17T07:06:45.389Z,AG-1010,1,10.6,0,10.3,0,0,9,0
5464,ACC-105464,Ibadan,2026-06-22T07:06:45.389Z,AG-1023,2,54,1,0,2,0,18,0
5465,ACC-105465,Kano,2026-08-30T07:06:45.389Z,AG-1029,0,0,1,19.18,2,0,18,0
5466,ACC-105466,Abuja,2026-08-07T07:06:45.389Z,AG-1007,4,0,1,21.79,0,0,8,0
5467,ACC-105467,Lagos,2026-08-06T07:06:45.389Z,AG-1038,2,46.1,0,21.11,0,0,19,0
5468,ACC-105468,Abuja,2026-07-22T07:06:45.389Z,AG-1033,5,6.5,0,14.51,0,18209,7,0
5469,ACC-105469,Kano,2026-06-21T07:06:45.389Z,AG-1007,0,74.7,0,6.88,0,0,15,0
5470,ACC-105470,Kano,2026-08-09T07:06:45.389Z,AG-1038,0,5.6,0,0.72,1,0,21,0
5471,ACC-105471,Abuja,2026-07-31T07:06:45.389Z,AG-1011,5,224.7,1,1.66,5,377701,16,1
5472,ACC-105472,Ibadan,2026-06-11T07:06:45.389Z,AG-1030,3,5.6,0,13.77,0,0,15,0
5473,ACC-105473,Kano,2026-06-15T07:06:45.389Z,AG-1030,1,22.2,0,0.75,1,0,19,0
5474,ACC-105474,Lagos,2026-07-05T07:06:45.389Z,AG-1032,1,0,0,11.27,0,15634,15,0
5475,ACC-105475,Abuja,2026-08-28T07:06:45.389Z,AG-1016,2,59.6,0,10.03,1,9903,6,0
5476,ACC-105476,Ibadan,2026-06-14T07:06:45.389Z,AG-1015,0,18.4,0,17.38,0,0,7,0
5477,ACC-105477,Kano,2026-08-30T07:06:45.389Z,AG-1007,1,61.4,0,6.71,2,0,6,0
5478,ACC-105478,Abuja,2026-06-06T07:06:45.389Z,AG-1012,2,0,1,18.42,0,0,6,0
5479,ACC-105479,Kano,2026-07-14T07:06:45.389Z,AG-1039,0,0,0,22.6,0,0,17,0
5480,ACC-105480,Port Harcourt,2026-09-02T07:06:45.389Z,AG-1036,4,31,1,0,1,0,21,0
5481,ACC-105481,Ibadan,2026-07-04T07:06:45.389Z,AG-1008,3,36.6,1,15.46,0,0,22,0
5482,ACC-105482,Ibadan,2026-06-17T07:06:45.389Z,AG-1000,2,36.2,0,15.29,0,0,18,0
5483,ACC-105483,Ibadan,2026-08-08T07:06:45.389Z,AG-1002,0,6.5,1,13.14,0,0,21,0
5484,ACC-105484,Port Harcourt,2026-06-30T07:06:45.389Z,AG-1000,1,29.6,0,20.86,0,0,18,0
5485,ACC-105485,Ibadan,2026-06-28T07:06:45.389Z,AG-1031,2,0,0,5.04,0,0,18,0
5486,ACC-105486,Port Harcourt,2026-06-22T07:06:45.389Z,AG-1020,4,58.1,0,7.26,1,26819,12,0
5487,ACC-105487,Ibadan,2026-07-10T07:06:45.389Z,AG-1037,0,10.8,0,26.04,1,0,15,0
5488,ACC-105488,Ibadan,2026-08-05T07:06:45.389Z,AG-1024,1,40.9,0,13.42,0,9136,21,0
5489,ACC-105489,Ibadan,2026-08-17T07:06:45.389Z,AG-1003,8,458.3,1,0.61,2,367775,21,1
5490,ACC-105490,Abuja,2026-08-10T07:06:45.389Z,AG-1009,0,87.5,1,6.76,0,0,22,0
5491,ACC-105491,Lagos,2026-07-03T07:06:45.389Z,AG-1002,1,26.3,0,15.53,0,0,10,0
5492,ACC-105492,Kano,2026-07-09T07:06:45.389Z,AG-1027,5,120.8,0,0.46,3,456673,23,1
5493,ACC-105493,Kano,2026-07-08T07:06:45.389Z,AG-1020,2,0,0,21.63,2,0,16,0
5494,ACC-105494,Ibadan,2026-08-13T07:06:45.389Z,AG-1038,2,28.2,1,11.27,1,0,14,0
5495,ACC-105495,Port Harcourt,2026-07-27T07:06:45.389Z,AG-1021,2,68.5,0,22.64,2,0,19,0
5496,ACC-105496,Port Harcourt,2026-07-06T07:06:45.389Z,AG-1002,1,8.9,0,18.02,0,0,14,0
5497,ACC-105497,Ibadan,2026-06-20T07:06:45.389Z,AG-1031,4,67,0,14.88,2,0,8,0
5498,ACC-105498,Lagos,2026-08-04T07:06:45.389Z,AG-1011,0,20.6,1,24.68,2,13216,8,0
5499,ACC-105499,Ibadan,2026-06-23T07:06:45.389Z,AG-1014,0,23.1,0,7.85,2,0,11,0
5500,ACC-105500,Kano,2026-08-16T07:06:45.389Z,AG-1004,14,351.8,1,2.06,1,90735,5,1
5501,ACC-105501,Port Harcourt,2026-06-27T07:06:45.389Z,AG-1039,2,2,0,19.2,0,0,16,0
5502,ACC-105502,Ibadan,2026-06-27T07:06:45.389Z,AG-1012,1,22.8,0,20.1,0,0,17,0
5503,ACC-105503,Abuja,2026-08-15T07:06:45.389Z,AG-1034,3,40.3,1,13.63,0,0,19,0
5504,ACC-105504,Lagos,2026-07-27T07:06:45.389Z,AG-1028,0,34.3,1,3.64,0,0,6,0
5505,ACC-105505,Port Harcourt,2026-07-28T07:06:45.389Z,AG-1000,3,34.1,0,13.75,2,0,21,0
5506,ACC-105506,Lagos,2026-07-27T07:06:45.389Z,AG-1001,2,8,0,21.33,0,0,11,0
5507,ACC-105507,Ibadan,2026-06-10T07:06:45.389Z,AG-1029,0,51.4,0,17.37,0,0,16,0
5508,ACC-105508,Abuja,2026-06-09T07:06:45.389Z,AG-1004,0,11.5,0,0,0,0,17,0
5509,ACC-105509,Kano,2026-06-23T07:06:45.389Z,AG-1028,3,0,0,22.7,0,6296,10,0
5510,ACC-105510,Lagos,2026-08-29T07:06:45.389Z,AG-1010,0,5,0,15.5,0,0,17,0
5511,ACC-105511,Kano,2026-06-19T07:06:45.389Z,AG-1007,2,65,0,18.98,1,0,10,0
5512,ACC-105512,Abuja,2026-06-23T07:06:45.389Z,AG-1029,0,21.3,0,26.59,0,0,17,0
5513,ACC-105513,Ibadan,2026-06-17T07:06:45.389Z,AG-1001,3,13.9,1,21.52,1,0,13,0
5514,ACC-105514,Lagos,2026-08-11T07:06:45.389Z,AG-1012,4,27.7,0,22.35,0,0,16,0
5515,ACC-105515,Lagos,2026-06-29T07:06:45.389Z,AG-1037,1,34.3,1,10.31,0,11622,11,0
5516,ACC-105516,Abuja,2026-06-24T07:06:45.389Z,AG-1038,0,12.3,0,17.67,0,0,22,0
5517,ACC-105517,Kano,2026-06-28T07:06:45.389Z,AG-1011,0,30.6,1,16.96,3,21506,17,0
5518,ACC-105518,Abuja,2026-07-07T07:06:45.389Z,AG-1028,1,0,0,27.35,0,12983,18,0
5519,ACC-105519,Ibadan,2026-08-22T07:06:45.389Z,AG-1018,3,14.2,0,0,1,0,20,0
5520,ACC-105520,Lagos,2026-08-24T07:06:45.389Z,AG-1032,5,29,0,27.79,0,0,6,0
5521,ACC-105521,Abuja,2026-08-31T07:06:45.389Z,AG-1003,1,0,0,13.46,1,0,11,0
5522,ACC-105522,Lagos,2026-09-03T07:06:45.389Z,AG-1016,0,72.8,0,15.5,3,0,11,0
5523,ACC-105523,Port Harcourt,2026-07-26T07:06:45.389Z,AG-1039,3,0,0,29.86,0,0,7,0
5524,ACC-105524,Ibadan,2026-06-07T07:06:45.389Z,AG-1017,3,31.8,0,5.3,0,0,12,0
5525,ACC-105525,Lagos,2026-08-30T07:06:45.389Z,AG-1009,0,0,0,28.33,1,0,22,0
5526,ACC-105526,Kano,2026-09-02T07:06:45.389Z,AG-1029,1,17.9,0,14.7,1,0,20,0
5527,ACC-105527,Port Harcourt,2026-08-29T07:06:45.389Z,AG-1027,2,35.3,0,33.32,0,0,17,0
5528,ACC-105528,Ibadan,2026-07-19T07:06:45.389Z,AG-1001,2,49.4,0,7.18,0,0,12,0
5529,ACC-105529,Kano,2026-08-14T07:06:45.389Z,AG-1005,1,27.6,0,13.99,0,0,19,0
5530,ACC-105530,Port Harcourt,2026-08-25T07:06:45.389Z,AG-1013,2,14.4,0,22.05,1,0,10,0
5531,ACC-105531,Port Harcourt,2026-08-08T07:06:45.389Z,AG-1013,2,78.9,0,0.09,2,0,12,0
5532,ACC-105532,Ibadan,2026-08-07T07:06:45.389Z,AG-1012,3,35.8,0,18.74,0,10269,7,0
5533,ACC-105533,Abuja,2026-06-18T07:06:45.389Z,AG-1031,1,0,0,15.39,0,0,20,0
5534,ACC-105534,Port Harcourt,2026-09-04T07:06:45.389Z,AG-1039,1,0,1,0.89,1,104904,4,1
5535,ACC-105535,Kano,2026-07-01T07:06:45.389Z,AG-1032,1,40.2,0,13.45,0,0,17,0
5536,ACC-105536,Lagos,2026-07-21T07:06:45.389Z,AG-1037,0,35.7,0,13.29,2,2365,20,0
5537,ACC-105537,Ibadan,2026-08-14T07:06:45.389Z,AG-1029,3,29.2,0,10.99,1,4516,7,0
5538,ACC-105538,Port Harcourt,2026-07-07T07:06:45.389Z,AG-1019,1,30.8,0,0,1,0,17,0
5539,ACC-105539,Abuja,2026-06-15T07:06:45.389Z,AG-1008,2,0,0,12.27,1,0,12,0
5540,ACC-105540,Ibadan,2026-06-22T07:06:45.389Z,AG-1036,3,16,0,25.13,0,0,21,0
5541,ACC-105541,Abuja,2026-06-20T07:06:45.389Z,AG-1005,0,0,0,28.01,2,0,22,0
5542,ACC-105542,Ibadan,2026-08-09T07:06:45.389Z,AG-1001,1,49.9,0,1.14,0,0,6,0
5543,ACC-105543,Kano,2026-06-12T07:06:45.389Z,AG-1030,1,12.2,0,6.67,0,5417,6,0
5544,ACC-105544,Lagos,2026-08-28T07:06:45.389Z,AG-1029,0,0,1,6.93,0,0,10,0
5545,ACC-105545,Port Harcourt,2026-08-11T07:06:45.389Z,AG-1014,3,15.1,0,0.85,1,16578,8,0
5546,ACC-105546,Lagos,2026-06-29T07:06:45.389Z,AG-1023,4,0,0,9.69,1,9373,22,0
5547,ACC-105547,Abuja,2026-08-25T07:06:45.389Z,AG-1004,0,48.1,1,17.56,0,0,14,0
5548,ACC-105548,Abuja,2026-07-30T07:06:45.389Z,AG-1001,1,8.6,0,0,0,0,17,0
5549,ACC-105549,Kano,2026-06-17T07:06:45.389Z,AG-1016,3,12.6,1,0,1,0,9,0
5550,ACC-105550,Lagos,2026-07-21T07:06:45.389Z,AG-1039,1,0.9,1,9.84,0,12679,12,0
5551,ACC-105551,Ibadan,2026-06-20T07:06:45.389Z,AG-1021,0,55.1,0,3.7,1,0,12,0
5552,ACC-105552,Abuja,2026-09-02T07:06:45.389Z,AG-1022,0,31.8,0,16.65,0,0,22,0
5553,ACC-105553,Port Harcourt,2026-08-17T07:06:45.389Z,AG-1014,2,19.9,1,10.77,1,0,17,0
5554,ACC-105554,Lagos,2026-06-07T07:06:45.389Z,AG-1036,2,0,1,7.59,1,11715,10,0
5555,ACC-105555,Kano,2026-08-29T07:06:45.389Z,AG-1037,2,0,0,11.55,0,0,7,0
5556,ACC-105556,Lagos,2026-09-04T07:06:45.389Z,AG-1014,0,14.2,1,19.51,0,6373,13,0
5557,ACC-105557,Lagos,2026-08-31T07:06:45.389Z,AG-1000,3,0,0,25.74,1,5679,10,0
5558,ACC-105558,Ibadan,2026-08-08T07:06:45.389Z,AG-1022,2,8.6,0,25.5,1,0,6,0
5559,ACC-105559,Abuja,2026-06-21T07:06:45.390Z,AG-1020,4,0,0,15.94,3,0,18,0
5560,ACC-105560,Port Harcourt,2026-06-16T07:06:45.390Z,AG-1007,0,11.9,0,11.01,2,11440,9,0
5561,ACC-105561,Abuja,2026-08-11T07:06:45.390Z,AG-1010,2,29.9,1,14.41,1,0,11,0
5562,ACC-105562,Ibadan,2026-08-22T07:06:45.390Z,AG-1025,2,46.7,0,6.92,0,1080,7,0
5563,ACC-105563,Abuja,2026-08-31T07:06:45.390Z,AG-1023,2,5.5,0,20.03,1,0,16,0
5564,ACC-105564,Lagos,2026-06-27T07:06:45.390Z,AG-1021,1,44.9,0,12.93,0,14557,18,0
5565,ACC-105565,Ibadan,2026-06-11T07:06:45.390Z,AG-1009,0,27.5,1,7.14,2,6195,19,0
5566,ACC-105566,Port Harcourt,2026-07-19T07:06:45.390Z,AG-1000,1,0,0,13.82,1,9287,19,0
5567,ACC-105567,Abuja,2026-08-24T07:06:45.390Z,AG-1011,4,60.1,0,10.86,0,0,20,0
5568,ACC-105568,Abuja,2026-06-12T07:06:45.390Z,AG-1007,5,0,0,21.4,0,9834,18,0
5569,ACC-105569,Lagos,2026-07-03T07:06:45.390Z,AG-1006,0,0,0,31.07,1,0,15,0
5570,ACC-105570,Ibadan,2026-07-26T07:06:45.390Z,AG-1027,3,12.2,0,3.61,1,0,17,0
5571,ACC-105571,Abuja,2026-06-09T07:06:45.390Z,AG-1021,1,0,0,22.28,0,0,21,0
5572,ACC-105572,Ibadan,2026-06-07T07:06:45.390Z,AG-1004,2,0,0,11.26,0,0,21,0
5573,ACC-105573,Abuja,2026-06-06T07:06:45.390Z,AG-1019,2,0,0,27.99,0,10409,22,0
5574,ACC-105574,Lagos,2026-07-07T07:06:45.390Z,AG-1033,0,0,0,17.66,2,0,17,0
5575,ACC-105575,Abuja,2026-07-24T07:06:45.390Z,AG-1039,4,39.6,0,18.1,2,0,8,0
5576,ACC-105576,Kano,2026-07-07T07:06:45.390Z,AG-1035,2,32.9,0,0,0,0,7,0
5577,ACC-105577,Ibadan,2026-07-28T07:06:45.390Z,AG-1039,2,0,0,14.23,0,0,14,0
5578,ACC-105578,Ibadan,2026-07-02T07:06:45.390Z,AG-1007,4,0,1,4.94,0,0,19,0
5579,ACC-105579,Ibadan,2026-08-18T07:06:45.390Z,AG-1006,3,0,0,20.66,1,0,10,0
5580,ACC-105580,Abuja,2026-06-21T07:06:45.390Z,AG-1003,1,24,1,0,0,4845,12,0
5581,ACC-105581,Port Harcourt,2026-07-15T07:06:45.390Z,AG-1010,4,4.6,0,23.64,1,0,20,0
5582,ACC-105582,Kano,2026-07-15T07:06:45.390Z,AG-1023,2,6.1,0,11.14,3,0,17,0
5583,ACC-105583,Lagos,2026-07-11T07:06:45.390Z,AG-1038,1,32.4,1,16.69,0,0,6,0
5584,ACC-105584,Port Harcourt,2026-08-06T07:06:45.390Z,AG-1033,2,6.9,0,25.99,1,16729,16,0
5585,ACC-105585,Port Harcourt,2026-08-14T07:06:45.390Z,AG-1013,3,6.3,0,17.18,1,8187,13,0
5586,ACC-105586,Port Harcourt,2026-06-11T07:06:45.390Z,AG-1028,2,23.4,0,17.46,1,0,19,0
5587,ACC-105587,Kano,2026-06-17T07:06:45.390Z,AG-1009,1,37.7,0,18.45,3,0,15,0
5588,ACC-105588,Kano,2026-08-03T07:06:45.390Z,AG-1020,0,35.2,0,32.35,0,0,11,0
5589,ACC-105589,Kano,2026-07-24T07:06:45.390Z,AG-1032,2,15.4,1,21.77,1,0,21,0
5590,ACC-105590,Lagos,2026-06-22T07:06:45.390Z,AG-1030,5,6.2,0,12.43,0,0,19,0
5591,ACC-105591,Port Harcourt,2026-07-02T07:06:45.390Z,AG-1026,2,0,0,14.86,2,0,10,0
5592,ACC-105592,Abuja,2026-06-08T07:06:45.390Z,AG-1004,0,49.9,0,8.72,0,0,15,0
5593,ACC-105593,Port Harcourt,2026-08-31T07:06:45.390Z,AG-1014,1,0,1,16.08,0,0,15,0
5594,ACC-105594,Abuja,2026-08-30T07:06:45.390Z,AG-1010,0,33.9,0,25.53,4,0,19,0
5595,ACC-105595,Lagos,2026-09-01T07:06:45.390Z,AG-1027,2,0,1,16.46,0,0,10,0
5596,ACC-105596,Ibadan,2026-07-26T07:06:45.390Z,AG-1018,0,0,0,9.38,0,0,20,0
5597,ACC-105597,Port Harcourt,2026-08-31T07:06:45.390Z,AG-1025,4,0,0,17.61,1,0,18,0
5598,ACC-105598,Abuja,2026-08-16T07:06:45.390Z,AG-1025,1,0,0,14.05,1,13404,18,0
5599,ACC-105599,Kano,2026-07-03T07:06:45.390Z,AG-1039,1,0,0,13.67,0,9167,9,0
5600,ACC-105600,Lagos,2026-08-05T07:06:45.390Z,AG-1034,6,53.5,1,2.13,5,252208,7,1
5601,ACC-105601,Lagos,2026-07-23T07:06:45.390Z,AG-1028,1,2.2,0,8.37,1,4810,6,0
5602,ACC-105602,Lagos,2026-08-19T07:06:45.390Z,AG-1004,2,0,0,8.12,1,0,17,0
5603,ACC-105603,Lagos,2026-08-28T07:06:45.390Z,AG-1007,0,41.2,1,0.47,1,0,22,0
5604,ACC-105604,Abuja,2026-08-11T07:06:45.390Z,AG-1006,2,5.6,0,7.16,1,0,10,0
5605,ACC-105605,Kano,2026-09-04T07:06:45.390Z,AG-1037,0,0,1,2.95,1,0,22,0
5606,ACC-105606,Port Harcourt,2026-07-27T07:06:45.390Z,AG-1037,0,0,0,30.65,1,0,18,0
5607,ACC-105607,Port Harcourt,2026-06-21T07:06:45.390Z,AG-1017,1,18.7,1,0,1,0,19,0
5608,ACC-105608,Lagos,2026-06-22T07:06:45.390Z,AG-1003,0,5.9,1,15.5,1,0,11,0
5609,ACC-105609,Lagos,2026-08-06T07:06:45.390Z,AG-1013,3,7.4,0,22.55,2,0,22,0
5610,ACC-105610,Ibadan,2026-06-24T07:06:45.390Z,AG-1021,4,0,0,2.93,1,0,22,0
5611,ACC-105611,Lagos,2026-08-21T07:06:45.390Z,AG-1002,2,17.4,1,19.77,0,0,14,0
5612,ACC-105612,Port Harcourt,2026-08-29T07:06:45.390Z,AG-1016,4,46.9,0,20.86,0,18434,22,0
5613,ACC-105613,Port Harcourt,2026-08-28T07:06:45.390Z,AG-1001,5,92.5,0,17.14,1,0,10,0
5614,ACC-105614,Port Harcourt,2026-09-03T07:06:45.390Z,AG-1025,1,30,0,22.23,2,0,18,0
5615,ACC-105615,Lagos,2026-07-25T07:06:45.390Z,AG-1039,1,0,0,17.77,0,0,15,0
5616,ACC-105616,Port Harcourt,2026-08-13T07:06:45.390Z,AG-1027,3,25.6,0,0.8,1,0,20,0
5617,ACC-105617,Port Harcourt,2026-06-23T07:06:45.390Z,AG-1007,0,7.2,0,11.09,2,0,22,0
5618,ACC-105618,Lagos,2026-06-16T07:06:45.390Z,AG-1032,1,18.5,1,25.21,0,0,6,0
5619,ACC-105619,Ibadan,2026-08-31T07:06:45.390Z,AG-1007,4,32.3,0,20.06,0,0,12,0
5620,ACC-105620,Port Harcourt,2026-08-28T07:06:45.390Z,AG-1036,1,0.6,0,36.21,1,0,13,0
5621,ACC-105621,Lagos,2026-07-15T07:06:45.390Z,AG-1014,3,16,0,4.68,1,10284,20,0
5622,ACC-105622,Port Harcourt,2026-08-07T07:06:45.390Z,AG-1006,2,2.5,0,24.68,0,0,14,0
5623,ACC-105623,Lagos,2026-06-06T07:06:45.390Z,AG-1004,3,6.1,1,28.04,1,0,9,0
5624,ACC-105624,Port Harcourt,2026-08-17T07:06:45.390Z,AG-1004,0,0,0,0,1,0,19,0
5625,ACC-105625,Abuja,2026-06-09T07:06:45.390Z,AG-1032,2,31.7,0,26.05,0,0,21,0
5626,ACC-105626,Abuja,2026-08-12T07:06:45.390Z,AG-1030,1,0,1,8.59,0,0,18,0
5627,ACC-105627,Kano,2026-07-28T07:06:45.390Z,AG-1027,1,18.5,0,6.6,1,11001,7,0
5628,ACC-105628,Port Harcourt,2026-07-25T07:06:45.390Z,AG-1022,0,32.5,0,17.31,2,0,20,0
5629,ACC-105629,Port Harcourt,2026-06-10T07:06:45.390Z,AG-1033,1,34.8,0,16.03,1,0,16,0
5630,ACC-105630,Ibadan,2026-07-09T07:06:45.390Z,AG-1024,1,22.7,1,16.05,0,0,11,0
5631,ACC-105631,Kano,2026-06-14T07:06:45.390Z,AG-1009,1,1,0,13.55,0,0,18,0
5632,ACC-105632,Kano,2026-07-30T07:06:45.390Z,AG-1024,3,15.6,0,3.61,0,0,6,0
5633,ACC-105633,Port Harcourt,2026-08-22T07:06:45.390Z,AG-1004,3,7.1,0,20.41,0,0,11,0
5634,ACC-105634,Abuja,2026-08-16T07:06:45.390Z,AG-1028,1,0,0,17.22,1,0,15,0
5635,ACC-105635,Ibadan,2026-09-04T07:06:45.390Z,AG-1012,1,35.8,0,11.88,2,0,6,0
5636,ACC-105636,Lagos,2026-06-30T07:06:45.390Z,AG-1020,5,18.6,0,9.84,0,10135,20,0
5637,ACC-105637,Port Harcourt,2026-07-01T07:06:45.390Z,AG-1029,3,211.1,1,3.12,5,0,8,1
5638,ACC-105638,Port Harcourt,2026-08-31T07:06:45.390Z,AG-1009,4,15.2,0,31.35,1,21606,11,0
5639,ACC-105639,Abuja,2026-08-05T07:06:45.390Z,AG-1022,1,52.8,0,0,0,0,8,0
5640,ACC-105640,Port Harcourt,2026-07-18T07:06:45.390Z,AG-1023,2,17,0,0,0,0,19,0
5641,ACC-105641,Lagos,2026-07-08T07:06:45.390Z,AG-1011,3,0,0,16.92,1,0,12,0
5642,ACC-105642,Port Harcourt,2026-08-11T07:06:45.390Z,AG-1023,4,21.7,1,10.48,0,0,7,0
5643,ACC-105643,Ibadan,2026-07-31T07:06:45.390Z,AG-1007,1,4.3,0,41.19,0,4356,7,0
5644,ACC-105644,Kano,2026-08-07T07:06:45.390Z,AG-1002,1,0,0,33.96,0,17653,21,0
5645,ACC-105645,Lagos,2026-08-11T07:06:45.390Z,AG-1039,2,18.7,1,0,2,0,8,0
5646,ACC-105646,Ibadan,2026-07-11T07:06:45.390Z,AG-1013,1,43.5,0,11.02,1,14006,16,0
5647,ACC-105647,Port Harcourt,2026-08-01T07:06:45.390Z,AG-1035,3,7.6,0,12.07,0,0,12,0
5648,ACC-105648,Lagos,2026-09-02T07:06:45.390Z,AG-1017,1,62,0,17.78,0,11625,13,0
5649,ACC-105649,Ibadan,2026-08-21T07:06:45.390Z,AG-1021,0,541.5,1,0,3,436102,2,1
5650,ACC-105650,Ibadan,2026-07-09T07:06:45.390Z,AG-1018,0,0,0,8.52,1,0,22,0
5651,ACC-105651,Ibadan,2026-07-15T07:06:45.390Z,AG-1003,3,0,0,23.15,1,0,13,0
5652,ACC-105652,Kano,2026-06-23T07:06:45.390Z,AG-1037,3,29.8,0,28.3,0,13182,16,0
5653,ACC-105653,Port Harcourt,2026-07-05T07:06:45.390Z,AG-1001,2,17.1,1,0,1,0,9,0
5654,ACC-105654,Port Harcourt,2026-07-20T07:06:45.390Z,AG-1035,2,15,0,15.69,2,7276,15,0
5655,ACC-105655,Ibadan,2026-07-16T07:06:45.390Z,AG-1032,5,157.6,1,0.14,2,271197,1,1
5656,ACC-105656,Lagos,2026-07-25T07:06:45.390Z,AG-1035,2,9.9,1,20.7,0,0,8,0
5657,ACC-105657,Lagos,2026-08-12T07:06:45.390Z,AG-1016,2,0,0,12.97,3,21347,14,0
5658,ACC-105658,Ibadan,2026-07-21T07:06:45.390Z,AG-1024,3,58,0,11.86,0,0,10,0
5659,ACC-105659,Abuja,2026-07-13T07:06:45.390Z,AG-1016,0,35,0,24.76,0,8670,7,0
5660,ACC-105660,Lagos,2026-07-12T07:06:45.390Z,AG-1006,2,48.3,0,21.16,0,0,12,0
5661,ACC-105661,Abuja,2026-07-08T07:06:45.390Z,AG-1038,4,47.6,0,25.05,1,0,7,0
5662,ACC-105662,Kano,2026-08-06T07:06:45.390Z,AG-1039,0,20.8,0,7.82,0,0,17,0
5663,ACC-105663,Abuja,2026-07-24T07:06:45.390Z,AG-1031,0,18.7,0,20.41,0,0,7,0
5664,ACC-105664,Kano,2026-07-29T07:06:45.390Z,AG-1008,3,18.1,1,12.09,0,0,8,0
5665,ACC-105665,Kano,2026-07-15T07:06:45.390Z,AG-1031,3,58.4,0,9,1,0,20,0
5666,ACC-105666,Port Harcourt,2026-08-13T07:06:45.390Z,AG-1020,3,17.2,0,0,1,0,7,0
5667,ACC-105667,Ibadan,2026-08-09T07:06:45.390Z,AG-1001,3,42.3,1,19.5,1,17862,15,0
5668,ACC-105668,Lagos,2026-06-07T07:06:45.390Z,AG-1032,3,0,1,22.11,0,11177,15,0
5669,ACC-105669,Lagos,2026-08-21T07:06:45.390Z,AG-1009,1,3,0,20.84,0,23326,10,0
5670,ACC-105670,Ibadan,2026-07-08T07:06:45.390Z,AG-1009,1,8.5,0,17.13,1,0,14,0
5671,ACC-105671,Port Harcourt,2026-07-21T07:06:45.390Z,AG-1023,0,20.8,0,7.19,0,8063,11,0
5672,ACC-105672,Ibadan,2026-06-16T07:06:45.390Z,AG-1013,2,13.1,0,6.66,0,0,13,0
5673,ACC-105673,Abuja,2026-06-28T07:06:45.390Z,AG-1033,0,10.5,0,19.33,2,0,18,0
5674,ACC-105674,Port Harcourt,2026-08-18T07:06:45.390Z,AG-1026,3,1.7,1,35.77,0,0,16,0
5675,ACC-105675,Lagos,2026-09-03T07:06:45.390Z,AG-1039,5,1.5,1,15.41,1,0,6,0
5676,ACC-105676,Abuja,2026-08-16T07:06:45.390Z,AG-1013,1,6,0,17.03,2,19102,18,0
5677,ACC-105677,Lagos,2026-06-06T07:06:45.390Z,AG-1028,3,0,0,5.64,2,0,16,0
5678,ACC-105678,Lagos,2026-08-03T07:06:45.390Z,AG-1012,2,0,0,15.7,0,4439,9,0
5679,ACC-105679,Ibadan,2026-07-19T07:06:45.390Z,AG-1024,1,0,0,8.46,0,0,14,0
5680,ACC-105680,Abuja,2026-06-30T07:06:45.390Z,AG-1007,1,5.8,0,1.08,1,0,19,0
5681,ACC-105681,Kano,2026-07-11T07:06:45.390Z,AG-1016,3,834.1,1,1.77,4,473442,0,1
5682,ACC-105682,Abuja,2026-06-21T07:06:45.390Z,AG-1011,0,32.6,0,11.46,0,5854,10,0
5683,ACC-105683,Kano,2026-06-07T07:06:45.390Z,AG-1036,0,3.3,1,18.4,0,0,13,0
5684,ACC-105684,Abuja,2026-06-10T07:06:45.390Z,AG-1029,0,84.5,0,10.99,0,0,22,0
5685,ACC-105685,Kano,2026-08-07T07:06:45.390Z,AG-1006,2,8.3,0,24.34,0,0,19,0
5686,ACC-105686,Kano,2026-07-12T07:06:45.390Z,AG-1006,1,20.6,0,16,0,0,8,0
5687,ACC-105687,Kano,2026-06-28T07:06:45.390Z,AG-1020,3,152.2,1,1.9,2,227031,5,1
5688,ACC-105688,Abuja,2026-08-28T07:06:45.390Z,AG-1023,1,5.5,1,7.33,1,0,16,0
5689,ACC-105689,Port Harcourt,2026-08-29T07:06:45.390Z,AG-1034,5,42.6,0,5.52,0,0,17,0
5690,ACC-105690,Lagos,2026-08-26T07:06:45.390Z,AG-1000,0,33.4,0,0.7,2,0,15,0
5691,ACC-105691,Port Harcourt,2026-07-09T07:06:45.390Z,AG-1005,0,38.6,1,21.12,1,0,19,0
5692,ACC-105692,Ibadan,2026-08-25T07:06:45.390Z,AG-1033,2,9,0,18.12,1,5087,10,0
5693,ACC-105693,Lagos,2026-06-07T07:06:45.390Z,AG-1021,4,44.8,0,13.26,0,0,11,0
5694,ACC-105694,Kano,2026-06-26T07:06:45.390Z,AG-1035,7,0,0,22.28,0,0,16,0
5695,ACC-105695,Port Harcourt,2026-06-20T07:06:45.390Z,AG-1015,2,0,0,13.92,0,0,9,0
5696,ACC-105696,Port Harcourt,2026-09-02T07:06:45.390Z,AG-1024,2,23,0,26.15,0,0,16,0
5697,ACC-105697,Lagos,2026-07-19T07:06:45.390Z,AG-1010,1,36.4,0,29.17,1,0,6,0
5698,ACC-105698,Abuja,2026-07-25T07:06:45.390Z,AG-1017,2,0,1,0.99,0,0,21,0
5699,ACC-105699,Kano,2026-07-24T07:06:45.390Z,AG-1002,1,7.2,0,6.92,3,21112,18,0
5700,ACC-105700,Ibadan,2026-06-11T07:06:45.391Z,AG-1023,0,0,0,31.35,1,0,10,0
5701,ACC-105701,Lagos,2026-08-03T07:06:45.391Z,AG-1007,2,25.9,0,17.67,2,0,14,0
5702,ACC-105702,Port Harcourt,2026-07-13T07:06:45.391Z,AG-1000,1,0,0,14.48,0,8294,21,0
5703,ACC-105703,Ibadan,2026-08-31T07:06:45.391Z,AG-1000,2,0,0,21.73,0,0,22,0
5704,ACC-105704,Abuja,2026-09-03T07:06:45.391Z,AG-1014,1,103.9,0,23.31,1,0,11,0
5705,ACC-105705,Port Harcourt,2026-06-30T07:06:45.391Z,AG-1010,3,9.7,0,11.29,2,0,21,0
5706,ACC-105706,Kano,2026-07-31T07:06:45.391Z,AG-1037,3,88.8,1,10.57,1,0,12,0
5707,ACC-105707,Abuja,2026-07-27T07:06:45.391Z,AG-1032,0,12.6,1,21.64,1,0,21,0
5708,ACC-105708,Lagos,2026-06-22T07:06:45.391Z,AG-1000,2,5.3,0,20.63,2,0,12,0
5709,ACC-105709,Kano,2026-06-13T07:06:45.391Z,AG-1003,2,3.1,0,3.04,0,0,8,0
5710,ACC-105710,Ibadan,2026-06-25T07:06:45.391Z,AG-1009,2,40,0,6.54,0,0,11,0
5711,ACC-105711,Lagos,2026-07-01T07:06:45.391Z,AG-1030,0,2.7,1,4.88,0,0,21,0
5712,ACC-105712,Ibadan,2026-06-30T07:06:45.391Z,AG-1022,2,66.6,0,1.12,3,532196,4,1
5713,ACC-105713,Ibadan,2026-07-13T07:06:45.391Z,AG-1015,4,25.2,0,16.13,0,0,17,0
5714,ACC-105714,Ibadan,2026-07-15T07:06:45.391Z,AG-1006,2,24,0,2.87,0,2361,12,0
5715,ACC-105715,Abuja,2026-07-11T07:06:45.391Z,AG-1012,0,11.4,1,23.6,0,0,11,0
5716,ACC-105716,Port Harcourt,2026-07-14T07:06:45.391Z,AG-1003,4,1.4,1,1.1,0,0,20,0
5717,ACC-105717,Lagos,2026-07-07T07:06:45.391Z,AG-1017,0,70.4,0,18.47,0,0,14,0
5718,ACC-105718,Lagos,2026-07-09T07:06:45.391Z,AG-1016,1,31.6,0,28.31,0,23132,9,0
5719,ACC-105719,Abuja,2026-07-02T07:06:45.391Z,AG-1028,0,0,0,0,0,16231,16,0
5720,ACC-105720,Abuja,2026-07-25T07:06:45.391Z,AG-1025,3,32.9,0,11.1,0,4078,13,0
5721,ACC-105721,Port Harcourt,2026-08-24T07:06:45.391Z,AG-1028,0,0,0,8.99,1,0,17,0
5722,ACC-105722,Port Harcourt,2026-06-15T07:06:45.391Z,AG-1037,4,22.3,1,15.88,0,6763,20,0
5723,ACC-105723,Abuja,2026-06-24T07:06:45.391Z,AG-1000,2,35.8,0,23.71,1,19074,8,0
5724,ACC-105724,Ibadan,2026-06-30T07:06:45.391Z,AG-1014,4,62.1,0,0,1,0,14,0
5725,ACC-105725,Lagos,2026-08-31T07:06:45.391Z,AG-1033,2,51.7,0,14.69,1,0,17,0
5726,ACC-105726,Port Harcourt,2026-06-30T07:06:45.391Z,AG-1013,2,0,0,16.66,0,0,10,0
5727,ACC-105727,Kano,2026-07-27T07:06:45.391Z,AG-1016,2,45.3,1,14.85,2,13677,21,0
5728,ACC-105728,Abuja,2026-07-21T07:06:45.391Z,AG-1013,0,3.5,1,5.87,0,0,15,0
5729,ACC-105729,Port Harcourt,2026-07-29T07:06:45.391Z,AG-1033,2,8.8,0,12.83,0,0,16,0
5730,ACC-105730,Abuja,2026-07-11T07:06:45.391Z,AG-1021,1,0,0,10.95,1,0,13,0
5731,ACC-105731,Port Harcourt,2026-09-02T07:06:45.391Z,AG-1034,3,67.6,0,2.21,0,0,7,0
5732,ACC-105732,Kano,2026-06-16T07:06:45.391Z,AG-1008,1,24.5,0,0,1,0,17,0
5733,ACC-105733,Kano,2026-06-22T07:06:45.391Z,AG-1000,4,22.1,1,13.31,0,0,20,0
5734,ACC-105734,Lagos,2026-07-02T07:06:45.391Z,AG-1015,3,250.4,1,0.31,2,395294,20,1
5735,ACC-105735,Kano,2026-07-20T07:06:45.391Z,AG-1035,0,6.3,0,0,1,0,21,0
5736,ACC-105736,Abuja,2026-08-21T07:06:45.391Z,AG-1011,1,2.8,0,8.18,2,0,15,0
5737,ACC-105737,Kano,2026-06-27T07:06:45.391Z,AG-1024,3,303.4,1,2.47,5,439795,21,1
5738,ACC-105738,Abuja,2026-09-01T07:06:45.391Z,AG-1000,5,31.6,0,13.28,2,27938,8,0
5739,ACC-105739,Kano,2026-06-19T07:06:45.391Z,AG-1016,1,32.6,0,20.65,1,0,8,0
5740,ACC-105740,Port Harcourt,2026-07-26T07:06:45.391Z,AG-1014,2,24.3,0,12.58,0,0,8,0
5741,ACC-105741,Kano,2026-06-19T07:06:45.391Z,AG-1001,0,81.8,0,12.32,0,0,16,0
5742,ACC-105742,Kano,2026-06-29T07:06:45.391Z,AG-1030,0,14.3,0,22.56,1,0,6,0
5743,ACC-105743,Lagos,2026-07-16T07:06:45.391Z,AG-1001,3,25.3,0,21.54,1,0,10,0
5744,ACC-105744,Kano,2026-08-25T07:06:45.391Z,AG-1005,0,0,1,12.35,0,0,12,0
5745,ACC-105745,Ibadan,2026-06-30T07:06:45.391Z,AG-1014,1,37.2,0,25.69,0,2339,19,0
5746,ACC-105746,Port Harcourt,2026-08-18T07:06:45.391Z,AG-1027,0,15.2,0,21.27,2,0,9,0
5747,ACC-105747,Abuja,2026-07-06T07:06:45.391Z,AG-1036,1,50.1,0,44.58,1,0,13,0
5748,ACC-105748,Abuja,2026-07-18T07:06:45.391Z,AG-1000,3,45.8,0,3.5,1,0,8,0
5749,ACC-105749,Abuja,2026-07-18T07:06:45.391Z,AG-1037,0,10.6,0,0,1,0,11,0
5750,ACC-105750,Abuja,2026-08-27T07:06:45.391Z,AG-1016,0,21.9,0,4.09,3,0,11,0
5751,ACC-105751,Ibadan,2026-07-12T07:06:45.391Z,AG-1026,0,22.4,0,0.57,1,0,19,0
5752,ACC-105752,Ibadan,2026-08-14T07:06:45.391Z,AG-1029,1,9.1,0,0,2,0,13,0
5753,ACC-105753,Kano,2026-09-01T07:06:45.391Z,AG-1014,1,18.9,0,17.79,2,0,11,0
5754,ACC-105754,Port Harcourt,2026-07-15T07:06:45.391Z,AG-1015,4,0,0,21.16,0,0,14,0
5755,ACC-105755,Port Harcourt,2026-06-24T07:06:45.391Z,AG-1005,2,0,0,39.91,1,217,6,0
5756,ACC-105756,Abuja,2026-08-16T07:06:45.391Z,AG-1025,2,66.3,0,42.31,1,1600,7,0
5757,ACC-105757,Kano,2026-08-19T07:06:45.391Z,AG-1036,3,40.1,1,32.16,1,0,21,0
5758,ACC-105758,Port Harcourt,2026-07-02T07:06:45.391Z,AG-1007,3,24.3,1,19.12,1,0,13,0
5759,ACC-105759,Lagos,2026-07-12T07:06:45.391Z,AG-1009,1,0.6,1,9.66,0,15484,10,0
5760,ACC-105760,Kano,2026-08-20T07:06:45.391Z,AG-1039,1,34.8,0,21.47,2,0,17,0
5761,ACC-105761,Abuja,2026-07-04T07:06:45.391Z,AG-1003,3,27.2,0,15.12,1,0,16,0
5762,ACC-105762,Lagos,2026-06-07T07:06:45.391Z,AG-1013,3,2.3,0,4.21,1,0,9,0
5763,ACC-105763,Kano,2026-08-28T07:06:45.391Z,AG-1010,1,54.8,1,14.53,3,0,9,0
5764,ACC-105764,Kano,2026-07-28T07:06:45.391Z,AG-1020,1,44.5,1,12.49,1,0,8,0
5765,ACC-105765,Port Harcourt,2026-06-07T07:06:45.391Z,AG-1006,3,2.1,0,10.3,1,0,13,0
5766,ACC-105766,Abuja,2026-08-29T07:06:45.391Z,AG-1013,0,3,0,20.45,0,0,12,0
5767,ACC-105767,Abuja,2026-06-20T07:06:45.391Z,AG-1003,3,0,0,9.8,0,0,10,0
5768,ACC-105768,Lagos,2026-07-16T07:06:45.391Z,AG-1028,3,51.5,1,19.9,0,0,11,0
5769,ACC-105769,Port Harcourt,2026-06-27T07:06:45.391Z,AG-1008,3,3.4,0,2.56,1,0,16,0
5770,ACC-105770,Lagos,2026-08-16T07:06:45.391Z,AG-1016,2,64.7,0,13.05,0,0,21,0
5771,ACC-105771,Kano,2026-08-26T07:06:45.391Z,AG-1027,4,0,0,17.96,0,15295,22,0
5772,ACC-105772,Kano,2026-08-08T07:06:45.391Z,AG-1038,0,32.2,0,18.8,0,0,21,0
5773,ACC-105773,Port Harcourt,2026-08-08T07:06:45.391Z,AG-1003,9,268,1,0.21,6,291796,0,1
5774,ACC-105774,Lagos,2026-08-03T07:06:45.391Z,AG-1019,2,5.2,1,20.8,0,0,19,0
5775,ACC-105775,Abuja,2026-06-29T07:06:45.391Z,AG-1031,2,340.2,1,0.04,2,645754,8,1
5776,ACC-105776,Port Harcourt,2026-08-29T07:06:45.391Z,AG-1016,4,4.7,0,15.55,0,5686,21,0
5777,ACC-105777,Kano,2026-09-02T07:06:45.391Z,AG-1026,2,46.1,0,0,1,0,12,0
5778,ACC-105778,Lagos,2026-08-01T07:06:45.391Z,AG-1027,2,25,1,17.53,0,1168,16,0
5779,ACC-105779,Ibadan,2026-07-21T07:06:45.391Z,AG-1000,4,24.2,1,9.59,1,0,11,0
5780,ACC-105780,Abuja,2026-08-14T07:06:45.393Z,AG-1029,1,19.4,0,15.4,0,0,22,0
5781,ACC-105781,Ibadan,2026-06-06T07:06:45.393Z,AG-1004,2,35.3,1,0,3,0,21,0
5782,ACC-105782,Lagos,2026-07-07T07:06:45.393Z,AG-1012,3,8.7,0,0,1,0,16,0
5783,ACC-105783,Kano,2026-07-22T07:06:45.393Z,AG-1024,0,25.5,1,8.28,1,0,17,0
5784,ACC-105784,Ibadan,2026-06-06T07:06:45.394Z,AG-1019,1,36.6,1,4.42,0,0,6,0
5785,ACC-105785,Ibadan,2026-06-08T07:06:45.394Z,AG-1038,3,42,0,28.92,1,0,16,0
5786,ACC-105786,Port Harcourt,2026-08-31T07:06:45.394Z,AG-1027,0,6.9,0,6.86,2,0,19,0
5787,ACC-105787,Kano,2026-08-27T07:06:45.394Z,AG-1009,2,0,0,12.69,1,0,20,0
5788,ACC-105788,Ibadan,2026-08-24T07:06:45.394Z,AG-1038,3,23.3,1,10.44,0,0,6,0
5789,ACC-105789,Kano,2026-07-17T07:06:45.394Z,AG-1017,1,459.5,1,0,5,407085,6,1
5790,ACC-105790,Lagos,2026-07-01T07:06:45.394Z,AG-1016,2,38.2,0,16.85,0,0,16,0
5791,ACC-105791,Abuja,2026-06-15T07:06:45.394Z,AG-1038,1,32.3,0,14.77,2,0,16,0
5792,ACC-105792,Abuja,2026-07-07T07:06:45.394Z,AG-1012,1,63.4,0,8.64,2,9475,14,0
5793,ACC-105793,Abuja,2026-08-30T07:06:45.394Z,AG-1035,0,12,0,9.23,1,0,13,0
5794,ACC-105794,Abuja,2026-08-13T07:06:45.394Z,AG-1010,3,17.5,0,0,1,0,13,0
5795,ACC-105795,Port Harcourt,2026-06-22T07:06:45.394Z,AG-1005,1,78.2,1,12.31,0,0,15,0
5796,ACC-105796,Ibadan,2026-06-20T07:06:45.394Z,AG-1018,1,49.3,0,21.43,1,14202,17,0
5797,ACC-105797,Port Harcourt,2026-06-06T07:06:45.394Z,AG-1021,1,0,1,13.85,0,0,8,0
5798,ACC-105798,Lagos,2026-07-24T07:06:45.394Z,AG-1022,0,15.3,0,2.78,0,8041,12,0
5799,ACC-105799,Lagos,2026-06-07T07:06:45.394Z,AG-1019,1,44.7,1,0,1,0,13,0
5800,ACC-105800,Lagos,2026-06-14T07:06:45.394Z,AG-1001,2,34.2,1,10.47,0,0,9,0
5801,ACC-105801,Port Harcourt,2026-07-20T07:06:45.394Z,AG-1012,1,0,1,15.26,0,0,10,0
5802,ACC-105802,Kano,2026-08-11T07:06:45.394Z,AG-1015,0,32.6,0,18.86,1,0,9,0
5803,ACC-105803,Port Harcourt,2026-06-17T07:06:45.394Z,AG-1030,1,19.1,0,25.14,1,0,22,0
5804,ACC-105804,Kano,2026-07-23T07:06:45.394Z,AG-1000,3,37.5,1,9.63,1,0,9,0
5805,ACC-105805,Lagos,2026-08-09T07:06:45.394Z,AG-1026,2,16.5,0,17.98,2,0,7,0
5806,ACC-105806,Port Harcourt,2026-08-17T07:06:45.394Z,AG-1018,0,27.9,0,7.49,0,7220,20,0
5807,ACC-105807,Lagos,2026-08-19T07:06:45.394Z,AG-1035,3,46.1,1,8.34,1,14559,8,0
5808,ACC-105808,Lagos,2026-06-06T07:06:45.394Z,AG-1016,1,25.3,0,2.5,1,0,14,0
5809,ACC-105809,Abuja,2026-07-08T07:06:45.394Z,AG-1032,2,5.8,1,13,0,0,13,0
5810,ACC-105810,Lagos,2026-08-27T07:06:45.394Z,AG-1027,0,33.2,1,7.23,0,0,21,0
5811,ACC-105811,Ibadan,2026-07-22T07:06:45.394Z,AG-1000,1,5.5,0,10.52,0,0,10,0
5812,ACC-105812,Port Harcourt,2026-06-27T07:06:45.394Z,AG-1029,3,38.9,0,9.4,0,0,20,0
5813,ACC-105813,Port Harcourt,2026-08-18T07:06:45.394Z,AG-1000,3,31.3,1,15.33,1,0,22,0
5814,ACC-105814,Port Harcourt,2026-06-14T07:06:45.394Z,AG-1039,2,34.1,0,2.65,5,260273,1,1
5815,ACC-105815,Ibadan,2026-09-02T07:06:45.394Z,AG-1037,0,23.3,0,8.32,1,2063,16,0
5816,ACC-105816,Abuja,2026-08-08T07:06:45.394Z,AG-1015,4,0,0,0,0,0,21,0
5817,ACC-105817,Lagos,2026-07-02T07:06:45.394Z,AG-1001,0,2.1,0,15.37,0,0,19,0
5818,ACC-105818,Port Harcourt,2026-07-08T07:06:45.394Z,AG-1004,3,5.7,0,24.81,0,0,19,0
5819,ACC-105819,Port Harcourt,2026-07-22T07:06:45.394Z,AG-1001,3,7.5,0,41.98,1,0,7,0
5820,ACC-105820,Ibadan,2026-07-13T07:06:45.394Z,AG-1020,0,25.6,0,17.38,0,12070,18,0
5821,ACC-105821,Lagos,2026-08-04T07:06:45.394Z,AG-1015,1,5.1,0,16.22,0,0,13,0
5822,ACC-105822,Lagos,2026-09-01T07:06:45.394Z,AG-1030,0,59.7,0,12.85,0,7270,22,0
5823,ACC-105823,Kano,2026-08-11T07:06:45.394Z,AG-1037,0,17.3,0,21.31,1,0,10,0
5824,ACC-105824,Port Harcourt,2026-06-12T07:06:45.394Z,AG-1011,2,13.1,1,24.28,0,0,6,0
5825,ACC-105825,Lagos,2026-07-09T07:06:45.394Z,AG-1031,2,0,1,8.16,1,0,12,0
5826,ACC-105826,Kano,2026-09-04T07:06:45.394Z,AG-1015,2,26.1,0,14.17,0,0,7,0
5827,ACC-105827,Lagos,2026-07-02T07:06:45.394Z,AG-1008,0,45.7,1,21.62,1,8095,9,0
5828,ACC-105828,Lagos,2026-06-25T07:06:45.394Z,AG-1017,0,38.1,0,22.45,0,0,13,0
5829,ACC-105829,Abuja,2026-07-22T07:06:45.394Z,AG-1001,1,28.7,0,10.48,1,0,10,0
5830,ACC-105830,Lagos,2026-09-03T07:06:45.394Z,AG-1000,2,15.1,0,25.08,1,3002,13,0
5831,ACC-105831,Lagos,2026-07-10T07:06:45.394Z,AG-1008,2,28.9,0,0,1,0,14,0
5832,ACC-105832,Port Harcourt,2026-07-07T07:06:45.394Z,AG-1039,4,38,0,21.08,0,0,15,0
5833,ACC-105833,Abuja,2026-06-13T07:06:45.394Z,AG-1029,2,14.7,0,10.72,1,0,7,0
5834,ACC-105834,Lagos,2026-07-12T07:06:45.394Z,AG-1013,0,0,1,10.98,0,0,10,0
5835,ACC-105835,Abuja,2026-08-26T07:06:45.394Z,AG-1032,0,6.2,0,10.72,0,8387,13,0
5836,ACC-105836,Kano,2026-08-01T07:06:45.394Z,AG-1032,3,2.1,0,20.7,0,0,16,0
5837,ACC-105837,Lagos,2026-07-17T07:06:45.394Z,AG-1030,0,11.5,0,24.62,0,0,16,0
5838,ACC-105838,Kano,2026-07-03T07:06:45.394Z,AG-1016,1,11.6,0,10.79,2,0,20,0
5839,ACC-105839,Ibadan,2026-07-25T07:06:45.394Z,AG-1023,3,89.6,0,26.01,0,0,12,0
5840,ACC-105840,Kano,2026-06-29T07:06:45.394Z,AG-1003,0,28.8,1,10.81,1,0,13,0
5841,ACC-105841,Kano,2026-06-07T07:06:45.394Z,AG-1012,1,0,0,17.31,0,0,10,0
5842,ACC-105842,Lagos,2026-07-26T07:06:45.394Z,AG-1025,2,2.6,0,10.55,0,0,16,0
5843,ACC-105843,Ibadan,2026-08-30T07:06:45.394Z,AG-1017,0,54.1,0,14.6,1,0,14,0
5844,ACC-105844,Lagos,2026-08-20T07:06:45.394Z,AG-1031,3,40.4,0,3.9,0,17852,11,0
5845,ACC-105845,Lagos,2026-06-19T07:06:45.394Z,AG-1038,1,1.4,0,15.93,2,0,6,0
5846,ACC-105846,Port Harcourt,2026-08-29T07:06:45.394Z,AG-1032,0,54.9,1,23.14,1,0,7,0
5847,ACC-105847,Abuja,2026-06-24T07:06:45.394Z,AG-1026,2,8.5,1,19.91,0,0,21,0
5848,ACC-105848,Port Harcourt,2026-08-24T07:06:45.394Z,AG-1033,0,33.4,1,12.14,1,0,17,0
5849,ACC-105849,Port Harcourt,2026-07-24T07:06:45.394Z,AG-1033,2,0.7,0,19.82,1,0,21,0
5850,ACC-105850,Abuja,2026-06-06T07:06:45.394Z,AG-1017,1,8.6,0,12.28,0,0,15,0
5851,ACC-105851,Ibadan,2026-06-12T07:06:45.394Z,AG-1021,4,50,0,9.32,2,145,12,0
5852,ACC-105852,Kano,2026-08-30T07:06:45.394Z,AG-1035,1,8.7,1,0,0,0,21,0
5853,ACC-105853,Kano,2026-07-16T07:06:45.394Z,AG-1011,3,37.4,0,14.13,0,0,20,0
5854,ACC-105854,Abuja,2026-07-12T07:06:45.394Z,AG-1013,1,27.9,1,23.71,1,0,8,0
5855,ACC-105855,Port Harcourt,2026-06-30T07:06:45.394Z,AG-1008,0,54,1,31.51,0,0,6,0
5856,ACC-105856,Ibadan,2026-08-25T07:06:45.394Z,AG-1028,2,15.2,0,28.34,1,0,7,0
5857,ACC-105857,Kano,2026-06-27T07:06:45.394Z,AG-1018,2,35.9,1,10.93,1,0,18,0
5858,ACC-105858,Abuja,2026-07-09T07:06:45.394Z,AG-1038,0,56.1,1,4.49,0,3106,15,0
5859,ACC-105859,Port Harcourt,2026-06-27T07:06:45.394Z,AG-1026,2,112.6,1,8.2,0,0,12,0
5860,ACC-105860,Abuja,2026-06-21T07:06:45.394Z,AG-1008,0,8,0,21.05,1,0,9,0
5861,ACC-105861,Kano,2026-07-02T07:06:45.394Z,AG-1011,2,0,0,15.67,0,0,9,0
5862,ACC-105862,Lagos,2026-08-17T07:06:45.394Z,AG-1018,3,27.9,1,11.17,0,0,9,0
5863,ACC-105863,Lagos,2026-07-19T07:06:45.394Z,AG-1036,0,21.2,1,24.64,1,0,12,0
5864,ACC-105864,Lagos,2026-07-12T07:06:45.394Z,AG-1002,1,69.4,0,7.17,0,0,6,0
5865,ACC-105865,Ibadan,2026-06-12T07:06:45.394Z,AG-1030,2,0,0,17.26,0,0,8,0
5866,ACC-105866,Ibadan,2026-07-07T07:06:45.394Z,AG-1018,2,0,0,18.12,1,0,22,0
5867,ACC-105867,Lagos,2026-06-28T07:06:45.394Z,AG-1002,4,0,0,17,1,0,7,0
5868,ACC-105868,Abuja,2026-08-17T07:06:45.394Z,AG-1020,0,2.5,0,20.29,1,0,8,0
5869,ACC-105869,Port Harcourt,2026-06-09T07:06:45.394Z,AG-1002,0,19.1,1,20.96,0,6677,22,0
5870,ACC-105870,Lagos,2026-08-25T07:06:45.394Z,AG-1030,2,27.2,1,23.88,1,0,10,0
5871,ACC-105871,Ibadan,2026-06-06T07:06:45.394Z,AG-1015,3,8.3,1,13.86,0,0,8,0
5872,ACC-105872,Port Harcourt,2026-06-06T07:06:45.394Z,AG-1017,0,0,0,4.54,0,0,20,0
5873,ACC-105873,Ibadan,2026-06-16T07:06:45.394Z,AG-1032,3,7.6,1,14.49,0,0,20,0
5874,ACC-105874,Port Harcourt,2026-07-30T07:06:45.394Z,AG-1033,4,52.3,1,0,7,319604,7,1
5875,ACC-105875,Lagos,2026-06-06T07:06:45.394Z,AG-1008,2,5.3,1,0.92,1,0,10,0
5876,ACC-105876,Lagos,2026-08-15T07:06:45.394Z,AG-1029,2,24.2,0,24.77,1,11352,8,0
5877,ACC-105877,Lagos,2026-08-22T07:06:45.394Z,AG-1033,3,22.4,0,24.01,1,0,11,0
5878,ACC-105878,Abuja,2026-08-07T07:06:45.394Z,AG-1038,0,0,0,17.47,0,0,6,0
5879,ACC-105879,Lagos,2026-06-20T07:06:45.394Z,AG-1036,4,216.7,1,0.61,4,0,19,1
5880,ACC-105880,Lagos,2026-06-13T07:06:45.394Z,AG-1009,4,131.7,0,2.31,4,190977,4,1
5881,ACC-105881,Port Harcourt,2026-07-19T07:06:45.394Z,AG-1000,1,11.9,1,28.56,1,18804,18,0
5882,ACC-105882,Lagos,2026-06-17T07:06:45.394Z,AG-1012,0,36.2,0,13.35,1,4369,20,0
5883,ACC-105883,Ibadan,2026-08-20T07:06:45.394Z,AG-1013,0,4.2,0,26.04,0,0,15,0
5884,ACC-105884,Port Harcourt,2026-08-06T07:06:45.394Z,AG-1025,2,50.1,0,18.63,0,0,21,0
5885,ACC-105885,Lagos,2026-07-23T07:06:45.394Z,AG-1009,3,36.5,0,31.21,1,0,18,0
5886,ACC-105886,Lagos,2026-06-28T07:06:45.394Z,AG-1021,1,39,1,28.61,0,0,21,0
5887,ACC-105887,Abuja,2026-09-04T07:06:45.394Z,AG-1021,0,0,0,17.37,2,0,15,0
5888,ACC-105888,Lagos,2026-06-23T07:06:45.394Z,AG-1036,3,18,0,26.73,3,10041,20,0
5889,ACC-105889,Lagos,2026-06-23T07:06:45.394Z,AG-1034,0,0,0,21.89,0,0,6,0
5890,ACC-105890,Abuja,2026-06-29T07:06:45.394Z,AG-1017,1,30.7,0,24.75,1,0,6,0
5891,ACC-105891,Kano,2026-08-20T07:06:45.394Z,AG-1013,0,24.7,0,11.84,0,0,11,0
5892,ACC-105892,Port Harcourt,2026-08-03T07:06:45.394Z,AG-1038,0,32.5,0,8.92,2,0,10,0
5893,ACC-105893,Kano,2026-07-22T07:06:45.394Z,AG-1036,2,0,0,24.97,0,0,20,0
5894,ACC-105894,Ibadan,2026-07-21T07:06:45.394Z,AG-1004,2,7.5,0,6.24,1,0,14,0
5895,ACC-105895,Abuja,2026-07-11T07:06:45.394Z,AG-1022,0,18.2,0,9.11,1,0,20,0
5896,ACC-105896,Port Harcourt,2026-06-26T07:06:45.394Z,AG-1013,0,7.7,0,20.36,0,0,18,0
5897,ACC-105897,Lagos,2026-08-23T07:06:45.394Z,AG-1008,0,2.9,1,24.08,1,0,12,0
5898,ACC-105898,Lagos,2026-07-07T07:06:45.394Z,AG-1030,2,32.5,0,29.15,0,0,19,0
5899,ACC-105899,Ibadan,2026-08-15T07:06:45.394Z,AG-1021,1,44.7,0,11.36,0,0,7,0
5900,ACC-105900,Port Harcourt,2026-07-19T07:06:45.394Z,AG-1004,0,14.3,1,15.07,0,0,7,0
5901,ACC-105901,Kano,2026-09-03T07:06:45.394Z,AG-1012,2,473.6,1,0.66,6,400850,19,1
5902,ACC-105902,Kano,2026-07-16T07:06:45.394Z,AG-1031,2,0,0,0,0,0,18,0
5903,ACC-105903,Lagos,2026-07-19T07:06:45.394Z,AG-1003,0,41,0,19.72,1,7410,20,0
5904,ACC-105904,Port Harcourt,2026-07-19T07:06:45.394Z,AG-1038,0,29.3,0,7.8,1,0,6,0
5905,ACC-105905,Lagos,2026-08-06T07:06:45.394Z,AG-1012,1,124.7,1,22.18,0,2997,9,0
5906,ACC-105906,Abuja,2026-07-20T07:06:45.394Z,AG-1004,2,32.7,1,9.24,1,0,22,0
5907,ACC-105907,Kano,2026-06-25T07:06:45.394Z,AG-1024,2,19,0,6.77,0,0,6,0
5908,ACC-105908,Kano,2026-07-10T07:06:45.394Z,AG-1032,3,30.9,0,9.52,0,0,13,0
5909,ACC-105909,Port Harcourt,2026-08-25T07:06:45.394Z,AG-1027,2,15.6,0,16.78,0,0,7,0
5910,ACC-105910,Abuja,2026-06-09T07:06:45.394Z,AG-1000,2,34.9,0,31.49,1,0,11,0
5911,ACC-105911,Lagos,2026-08-13T07:06:45.394Z,AG-1036,2,27.1,1,12.36,1,0,8,0
5912,ACC-105912,Lagos,2026-08-18T07:06:45.394Z,AG-1004,1,33.1,1,18.62,2,0,6,0
5913,ACC-105913,Port Harcourt,2026-08-12T07:06:45.394Z,AG-1008,0,11.2,0,13.86,1,15432,18,0
5914,ACC-105914,Kano,2026-07-22T07:06:45.394Z,AG-1001,2,9.9,0,2.95,0,11047,21,0
5915,ACC-105915,Abuja,2026-07-24T07:06:45.394Z,AG-1020,9,1.4,1,0.07,3,0,3,1
5916,ACC-105916,Kano,2026-06-20T07:06:45.394Z,AG-1006,3,1.7,0,18.38,0,0,10,0
5917,ACC-105917,Port Harcourt,2026-07-22T07:06:45.394Z,AG-1018,4,9.6,0,23.14,0,0,7,0
5918,ACC-105918,Kano,2026-08-09T07:06:45.394Z,AG-1013,3,17.7,0,8.21,1,0,16,0
5919,ACC-105919,Port Harcourt,2026-07-20T07:06:45.394Z,AG-1017,4,23.5,1,0,6,587615,2,1
5920,ACC-105920,Lagos,2026-08-24T07:06:45.394Z,AG-1014,1,0,0,17.44,1,0,17,0
5921,ACC-105921,Ibadan,2026-09-03T07:06:45.394Z,AG-1005,2,9.2,0,4.99,0,0,18,0
5922,ACC-105922,Lagos,2026-06-09T07:06:45.394Z,AG-1022,0,77,1,23.46,1,2002,21,0
5923,ACC-105923,Kano,2026-07-21T07:06:45.394Z,AG-1013,0,0,0,14.18,0,0,11,0
5924,ACC-105924,Lagos,2026-07-07T07:06:45.394Z,AG-1009,0,83.4,1,8.96,0,9212,9,0
5925,ACC-105925,Lagos,2026-07-05T07:06:45.394Z,AG-1003,0,2.1,1,15.24,2,3437,8,0
5926,ACC-105926,Port Harcourt,2026-08-01T07:06:45.394Z,AG-1030,0,27.2,0,5.57,1,0,10,0
5927,ACC-105927,Port Harcourt,2026-06-12T07:06:45.394Z,AG-1035,4,48.2,0,13.81,1,0,6,0
5928,ACC-105928,Kano,2026-08-04T07:06:45.394Z,AG-1018,2,52.8,0,16.95,0,0,22,0
5929,ACC-105929,Ibadan,2026-08-14T07:06:45.394Z,AG-1025,4,10.5,1,0.45,4,176493,4,1
5930,ACC-105930,Port Harcourt,2026-07-09T07:06:45.394Z,AG-1004,3,12.2,0,18.45,2,0,18,0
5931,ACC-105931,Ibadan,2026-07-23T07:06:45.394Z,AG-1039,3,97.5,1,0.59,5,453350,3,1
5932,ACC-105932,Ibadan,2026-08-05T07:06:45.394Z,AG-1029,2,0,0,5.79,1,0,9,0
5933,ACC-105933,Port Harcourt,2026-06-28T07:06:45.394Z,AG-1014,0,50.1,1,13.58,2,0,9,0
5934,ACC-105934,Lagos,2026-06-08T07:06:45.394Z,AG-1010,1,3.2,0,18.87,0,0,9,0
5935,ACC-105935,Abuja,2026-07-22T07:06:45.394Z,AG-1023,3,1.8,0,22.32,0,0,19,0
5936,ACC-105936,Abuja,2026-07-22T07:06:45.394Z,AG-1000,3,3.9,0,29.05,0,0,6,0
5937,ACC-105937,Abuja,2026-06-15T07:06:45.394Z,AG-1007,0,9.1,1,16.27,0,0,11,0
5938,ACC-105938,Kano,2026-07-04T07:06:45.394Z,AG-1030,4,0,1,0,0,2492,15,0
5939,ACC-105939,Kano,2026-08-14T07:06:45.394Z,AG-1011,1,11.7,0,17.69,1,0,19,0
5940,ACC-105940,Kano,2026-07-25T07:06:45.394Z,AG-1007,1,31.5,0,23.9,0,12212,15,0
5941,ACC-105941,Ibadan,2026-06-17T07:06:45.394Z,AG-1024,4,0,0,11.69,0,0,8,0
5942,ACC-105942,Abuja,2026-08-09T07:06:45.394Z,AG-1010,4,69.1,0,21.93,0,0,21,0
5943,ACC-105943,Kano,2026-08-02T07:06:45.394Z,AG-1037,0,34.7,1,0,1,0,12,0
5944,ACC-105944,Abuja,2026-08-28T07:06:45.394Z,AG-1014,1,18.6,0,18.45,0,0,18,0
5945,ACC-105945,Kano,2026-06-27T07:06:45.394Z,AG-1033,1,25.4,1,13.21,0,0,18,0
5946,ACC-105946,Kano,2026-06-13T07:06:45.394Z,AG-1035,2,23.8,1,8.66,0,0,18,0
5947,ACC-105947,Ibadan,2026-08-17T07:06:45.394Z,AG-1030,2,26.9,0,10.65,2,8930,22,0
5948,ACC-105948,Ibadan,2026-08-08T07:06:45.394Z,AG-1008,2,14.8,0,15.39,3,0,7,0
5949,ACC-105949,Abuja,2026-08-12T07:06:45.394Z,AG-1029,3,39.5,0,13.52,0,0,11,0
5950,ACC-105950,Port Harcourt,2026-08-22T07:06:45.394Z,AG-1013,2,38,0,14.48,0,7177,20,0
5951,ACC-105951,Port Harcourt,2026-06-26T07:06:45.394Z,AG-1009,4,30.3,1,13.1,0,0,14,0
5952,ACC-105952,Ibadan,2026-08-08T07:06:45.394Z,AG-1014,0,0,0,16.08,1,0,16,0
5953,ACC-105953,Lagos,2026-07-16T07:06:45.394Z,AG-1018,0,30.4,0,21.25,1,0,15,0
5954,ACC-105954,Ibadan,2026-07-24T07:06:45.394Z,AG-1033,0,2.7,0,0,2,0,6,0
5955,ACC-105955,Lagos,2026-07-22T07:06:45.394Z,AG-1018,0,46.7,0,34.18,0,0,22,0
5956,ACC-105956,Abuja,2026-08-24T07:06:45.394Z,AG-1025,2,18.1,0,14.47,3,0,19,0
5957,ACC-105957,Port Harcourt,2026-06-06T07:06:45.394Z,AG-1027,1,32.1,0,21.06,0,0,20,0
5958,ACC-105958,Abuja,2026-07-14T07:06:45.394Z,AG-1016,2,25.5,0,0,1,0,16,0
5959,ACC-105959,Port Harcourt,2026-06-11T07:06:45.394Z,AG-1022,0,7.9,0,25.55,2,0,6,0
5960,ACC-105960,Ibadan,2026-07-20T07:06:45.394Z,AG-1029,1,39.2,0,13.74,0,0,16,0
5961,ACC-105961,Kano,2026-08-30T07:06:45.394Z,AG-1019,1,24.5,1,17.92,0,0,16,0
5962,ACC-105962,Ibadan,2026-08-29T07:06:45.394Z,AG-1039,2,90.9,1,17.36,1,0,14,0
5963,ACC-105963,Kano,2026-07-30T07:06:45.394Z,AG-1035,2,18.4,0,14.74,0,0,18,0
5964,ACC-105964,Port Harcourt,2026-07-28T07:06:45.394Z,AG-1023,0,36.8,1,0.25,3,362356,0,1
5965,ACC-105965,Kano,2026-06-17T07:06:45.394Z,AG-1029,0,54,0,23.92,0,0,15,0
5966,ACC-105966,Lagos,2026-07-07T07:06:45.394Z,AG-1033,3,0,0,15.75,1,0,15,0
5967,ACC-105967,Ibadan,2026-07-17T07:06:45.394Z,AG-1027,4,15.4,0,8.95,0,0,6,0
5968,ACC-105968,Kano,2026-07-30T07:06:45.394Z,AG-1002,2,0,0,32.06,0,0,8,0
5969,ACC-105969,Kano,2026-08-05T07:06:45.394Z,AG-1000,3,8.4,0,15.67,1,0,19,0
5970,ACC-105970,Ibadan,2026-06-06T07:06:45.394Z,AG-1003,3,18,1,11.26,1,18505,19,0
5971,ACC-105971,Abuja,2026-07-15T07:06:45.394Z,AG-1021,0,3.5,0,29.69,0,0,15,0
5972,ACC-105972,Kano,2026-08-06T07:06:45.394Z,AG-1031,4,30.5,1,2.6,0,0,17,0
5973,ACC-105973,Lagos,2026-08-10T07:06:45.394Z,AG-1038,1,20.4,0,18.95,1,0,10,0
5974,ACC-105974,Ibadan,2026-07-02T07:06:45.394Z,AG-1001,1,18.9,0,3.42,1,0,12,0
5975,ACC-105975,Ibadan,2026-06-22T07:06:45.394Z,AG-1029,2,2.6,0,20.93,1,0,21,0
5976,ACC-105976,Kano,2026-07-04T07:06:45.394Z,AG-1010,2,0,1,3.49,3,0,18,0
5977,ACC-105977,Ibadan,2026-08-08T07:06:45.394Z,AG-1013,3,233.1,1,2.3,2,0,8,1
5978,ACC-105978,Kano,2026-06-24T07:06:45.394Z,AG-1015,2,0,1,14.35,3,0,22,0
5979,ACC-105979,Ibadan,2026-07-26T07:06:45.394Z,AG-1025,2,0,0,5.2,0,0,19,0
5980,ACC-105980,Lagos,2026-07-17T07:06:45.394Z,AG-1005,1,25.4,0,28.8,0,3591,17,0
5981,ACC-105981,Abuja,2026-07-07T07:06:45.394Z,AG-1015,2,36.5,1,3.35,2,0,12,0
5982,ACC-105982,Ibadan,2026-08-29T07:06:45.394Z,AG-1020,2,13.3,0,13.87,0,2694,9,0
5983,ACC-105983,Port Harcourt,2026-07-13T07:06:45.394Z,AG-1002,4,12.3,0,14.97,0,0,10,0
5984,ACC-105984,Abuja,2026-08-17T07:06:45.394Z,AG-1006,4,15.7,1,9.82,1,0,8,0
5985,ACC-105985,Ibadan,2026-08-17T07:06:45.394Z,AG-1033,5,264.2,1,3.82,7,157596,4,1
5986,ACC-105986,Port Harcourt,2026-06-22T07:06:45.394Z,AG-1022,1,6.3,0,17.23,1,16460,10,0
5987,ACC-105987,Lagos,2026-07-18T07:06:45.394Z,AG-1019,2,50.6,1,0,2,7758,22,0
5988,ACC-105988,Ibadan,2026-06-06T07:06:45.394Z,AG-1030,2,0,1,20.41,0,0,16,0
5989,ACC-105989,Lagos,2026-07-24T07:06:45.394Z,AG-1007,1,17.8,0,2.06,2,0,15,0
5990,ACC-105990,Ibadan,2026-08-23T07:06:45.394Z,AG-1032,1,0,0,1.11,1,0,21,0
5991,ACC-105991,Ibadan,2026-07-30T07:06:45.394Z,AG-1030,0,667.6,0,0,0,448316,11,1
5992,ACC-105992,Abuja,2026-07-04T07:06:45.394Z,AG-1027,0,22.6,1,16.74,1,0,6,0
5993,ACC-105993,Abuja,2026-08-04T07:06:45.394Z,AG-1004,2,62.9,1,9.57,2,7286,15,0
5994,ACC-105994,Port Harcourt,2026-07-09T07:06:45.394Z,AG-1029,2,48.1,1,13.51,0,0,18,0
5995,ACC-105995,Abuja,2026-07-02T07:06:45.394Z,AG-1001,7,245.2,0,1.42,5,0,2,1
5996,ACC-105996,Abuja,2026-06-06T07:06:45.394Z,AG-1006,2,1.4,0,8.41,3,0,11,0
5997,ACC-105997,Abuja,2026-06-24T07:06:45.394Z,AG-1036,2,13.8,0,0,1,0,7,0
5998,ACC-105998,Kano,2026-08-04T07:06:45.394Z,AG-1021,2,179.8,1,1.68,5,498472,1,1
5999,ACC-105999,Ibadan,2026-08-17T07:06:45.394Z,AG-1007,0,96.4,0,18.55,0,0,19,0
6000,ACC-106000,Lagos,2026-09-02T07:06:45.394Z,AG-1030,2,84.3,0,15.95,1,0,9,0
6001,ACC-106001,Ibadan,2026-08-31T07:06:45.394Z,AG-1033,3,6.8,0,38,1,0,15,0
6002,ACC-106002,Kano,2026-07-14T07:06:45.394Z,AG-1022,3,14.2,1,15.76,1,12633,19,0
6003,ACC-106003,Abuja,2026-07-21T07:06:45.394Z,AG-1019,2,13.5,0,8.82,1,0,8,0
6004,ACC-106004,Abuja,2026-06-24T07:06:45.394Z,AG-1034,3,8.7,0,26.47,3,0,8,0
6005,ACC-106005,Lagos,2026-08-10T07:06:45.394Z,AG-1015,2,0,1,19.42,0,0,13,0
6006,ACC-106006,Abuja,2026-06-22T07:06:45.394Z,AG-1037,1,11.4,1,0,0,0,15,0
6007,ACC-106007,Port Harcourt,2026-07-28T07:06:45.394Z,AG-1034,2,12.1,0,27.58,1,0,18,0
6008,ACC-106008,Lagos,2026-08-19T07:06:45.394Z,AG-1021,2,52.4,0,0,0,0,15,0
6009,ACC-106009,Lagos,2026-06-21T07:06:45.394Z,AG-1031,0,0,0,5.47,2,13116,17,0
6010,ACC-106010,Lagos,2026-07-06T07:06:45.394Z,AG-1003,1,42.3,0,1.43,1,0,21,0
6011,ACC-106011,Abuja,2026-08-03T07:06:45.394Z,AG-1026,0,29.1,0,24.4,1,0,17,0
6012,ACC-106012,Port Harcourt,2026-06-26T07:06:45.394Z,AG-1033,2,0,0,26.9,0,0,13,0
6013,ACC-106013,Kano,2026-08-09T07:06:45.394Z,AG-1035,3,33.2,0,9.13,1,4204,9,0
6014,ACC-106014,Abuja,2026-06-13T07:06:45.394Z,AG-1023,1,5.8,1,3.73,1,0,8,0
6015,ACC-106015,Abuja,2026-07-22T07:06:45.394Z,AG-1021,0,18.1,1,10.25,0,11142,9,0
6016,ACC-106016,Ibadan,2026-08-20T07:06:45.394Z,AG-1036,3,0,0,21.68,1,8345,18,0
6017,ACC-106017,Port Harcourt,2026-07-28T07:06:45.394Z,AG-1003,0,0,0,8.66,0,0,22,0
6018,ACC-106018,Lagos,2026-07-30T07:06:45.394Z,AG-1020,0,9.7,0,0,1,0,6,0
6019,ACC-106019,Port Harcourt,2026-07-23T07:06:45.394Z,AG-1034,2,0,1,3.64,1,11197,20,0
6020,ACC-106020,Abuja,2026-07-18T07:06:45.394Z,AG-1004,1,2.5,0,30,0,23688,12,0
6021,ACC-106021,Abuja,2026-08-27T07:06:45.394Z,AG-1036,2,8.5,1,16.68,2,0,21,0
6022,ACC-106022,Abuja,2026-08-10T07:06:45.394Z,AG-1025,1,5.9,0,9.62,2,0,13,0
6023,ACC-106023,Ibadan,2026-06-13T07:06:45.394Z,AG-1019,5,0.4,0,17.18,2,8129,6,0
6024,ACC-106024,Ibadan,2026-07-29T07:06:45.394Z,AG-1012,3,61.5,0,23.64,1,0,22,0
6025,ACC-106025,Kano,2026-06-11T07:06:45.394Z,AG-1023,0,33.1,0,10.26,0,0,10,0
6026,ACC-106026,Ibadan,2026-07-20T07:06:45.394Z,AG-1013,0,47.8,0,8.84,1,0,15,0
6027,ACC-106027,Abuja,2026-08-29T07:06:45.394Z,AG-1038,5,0,1,8.28,2,0,22,0
6028,ACC-106028,Kano,2026-08-19T07:06:45.394Z,AG-1000,2,51.4,1,9.78,2,17571,20,0
6029,ACC-106029,Kano,2026-06-10T07:06:45.394Z,AG-1002,3,0,1,12.39,2,0,7,0
6030,ACC-106030,Kano,2026-07-11T07:06:45.394Z,AG-1013,4,60.1,0,37.8,2,0,15,0
6031,ACC-106031,Kano,2026-06-19T07:06:45.394Z,AG-1018,1,0,0,12.86,0,0,21,0
6032,ACC-106032,Port Harcourt,2026-06-29T07:06:45.394Z,AG-1001,0,0,0,1.89,0,0,14,0
6033,ACC-106033,Lagos,2026-06-20T07:06:45.394Z,AG-1023,0,17.4,0,3.81,0,0,21,0
6034,ACC-106034,Abuja,2026-06-28T07:06:45.394Z,AG-1005,2,7.1,0,25.19,0,0,21,0
6035,ACC-106035,Lagos,2026-06-12T07:06:45.394Z,AG-1033,2,61.2,1,15.74,0,0,8,0
6036,ACC-106036,Lagos,2026-07-17T07:06:45.394Z,AG-1005,3,18.2,0,3.79,1,0,11,0
6037,ACC-106037,Ibadan,2026-07-30T07:06:45.394Z,AG-1016,3,5.5,0,6.88,0,14804,19,0
6038,ACC-106038,Ibadan,2026-06-30T07:06:45.394Z,AG-1019,4,24,0,9.44,1,0,13,0
6039,ACC-106039,Port Harcourt,2026-08-08T07:06:45.394Z,AG-1010,3,14.1,0,22.56,1,0,9,0
6040,ACC-106040,Kano,2026-07-12T07:06:45.394Z,AG-1008,1,11.8,1,0.39,0,0,7,0
6041,ACC-106041,Lagos,2026-06-26T07:06:45.394Z,AG-1012,3,32,0,34.81,1,0,19,0
6042,ACC-106042,Lagos,2026-06-19T07:06:45.394Z,AG-1025,1,8.2,0,17.84,0,20259,19,0
6043,ACC-106043,Ibadan,2026-08-31T07:06:45.394Z,AG-1022,3,0,0,3.67,2,0,16,0
6044,ACC-106044,Abuja,2026-06-11T07:06:45.394Z,AG-1032,2,6.5,1,11.74,1,0,7,0
6045,ACC-106045,Abuja,2026-06-06T07:06:45.394Z,AG-1037,1,42.2,0,8.53,1,0,22,0
6046,ACC-106046,Port Harcourt,2026-07-09T07:06:45.394Z,AG-1021,0,0,1,16.11,0,11116,13,0
6047,ACC-106047,Kano,2026-08-14T07:06:45.394Z,AG-1029,2,47.1,0,11.75,1,0,21,0
6048,ACC-106048,Lagos,2026-07-09T07:06:45.394Z,AG-1034,1,18.7,0,11.05,1,0,8,0
6049,ACC-106049,Lagos,2026-06-10T07:06:45.394Z,AG-1005,0,0,0,18.94,0,7140,6,0
6050,ACC-106050,Lagos,2026-06-28T07:06:45.394Z,AG-1029,2,9.7,0,20.59,0,0,7,0
6051,ACC-106051,Kano,2026-08-24T07:06:45.394Z,AG-1010,0,9.4,0,20.57,0,0,13,0
6052,ACC-106052,Lagos,2026-06-06T07:06:45.394Z,AG-1033,2,32.9,1,13.46,1,0,20,0
6053,ACC-106053,Port Harcourt,2026-07-19T07:06:45.394Z,AG-1033,2,1.6,0,17.41,1,0,17,0
6054,ACC-106054,Port Harcourt,2026-08-16T07:06:45.394Z,AG-1019,1,214.8,1,1.08,1,514235,3,1
6055,ACC-106055,Lagos,2026-06-15T07:06:45.394Z,AG-1022,0,57.4,0,14.01,1,0,14,0
6056,ACC-106056,Abuja,2026-07-04T07:06:45.394Z,AG-1029,3,0,0,17.62,0,23169,8,0
6057,ACC-106057,Port Harcourt,2026-07-16T07:06:45.394Z,AG-1004,0,2.4,0,9.29,1,10116,9,0
6058,ACC-106058,Lagos,2026-06-12T07:06:45.394Z,AG-1023,1,0,1,0,2,0,20,0
6059,ACC-106059,Port Harcourt,2026-08-28T07:06:45.394Z,AG-1009,1,55.6,0,26.69,0,0,14,0
6060,ACC-106060,Ibadan,2026-06-08T07:06:45.394Z,AG-1025,0,18.1,0,16.08,1,0,10,0
6061,ACC-106061,Ibadan,2026-08-06T07:06:45.394Z,AG-1010,2,0,0,12,3,0,12,0
6062,ACC-106062,Ibadan,2026-06-10T07:06:45.394Z,AG-1022,0,27.2,1,6.45,2,7921,17,0
6063,ACC-106063,Abuja,2026-08-23T07:06:45.394Z,AG-1009,3,28.1,1,14.27,0,0,14,0
6064,ACC-106064,Abuja,2026-07-22T07:06:45.394Z,AG-1002,3,2.5,0,0,2,0,9,0
6065,ACC-106065,Lagos,2026-06-18T07:06:45.394Z,AG-1006,2,37.8,0,7.83,2,0,11,0
6066,ACC-106066,Kano,2026-08-04T07:06:45.394Z,AG-1038,1,44.7,1,9.03,1,0,15,0
6067,ACC-106067,Ibadan,2026-06-08T07:06:45.394Z,AG-1035,2,12.7,0,17.14,0,0,22,0
6068,ACC-106068,Lagos,2026-07-07T07:06:45.394Z,AG-1020,2,0,0,11.28,2,0,21,0
6069,ACC-106069,Lagos,2026-07-01T07:06:45.394Z,AG-1024,4,7.4,0,0,2,0,22,0
6070,ACC-106070,Ibadan,2026-07-17T07:06:45.394Z,AG-1000,1,0,0,36.94,1,15008,6,0
6071,ACC-106071,Lagos,2026-08-04T07:06:45.394Z,AG-1013,3,33.8,0,19.28,0,0,19,0
6072,ACC-106072,Lagos,2026-06-23T07:06:45.394Z,AG-1023,1,71.1,1,16.02,2,0,20,0
6073,ACC-106073,Lagos,2026-06-06T07:06:45.394Z,AG-1017,1,0,1,20.39,0,0,8,0
6074,ACC-106074,Abuja,2026-06-18T07:06:45.394Z,AG-1016,0,53.3,0,14.21,1,0,16,0
6075,ACC-106075,Port Harcourt,2026-06-07T07:06:45.394Z,AG-1003,3,23.6,0,15.73,0,8770,22,0
6076,ACC-106076,Ibadan,2026-07-03T07:06:45.394Z,AG-1001,1,14.3,0,11.42,0,0,19,0
6077,ACC-106077,Ibadan,2026-08-04T07:06:45.394Z,AG-1035,1,13.2,0,7.03,1,24215,10,0
6078,ACC-106078,Ibadan,2026-08-14T07:06:45.394Z,AG-1013,2,48.4,0,7.64,0,4990,16,0
6079,ACC-106079,Abuja,2026-07-30T07:06:45.394Z,AG-1019,1,14.8,0,11.2,2,0,18,0
6080,ACC-106080,Kano,2026-06-20T07:06:45.394Z,AG-1023,0,0,1,0.24,0,17618,18,0
6081,ACC-106081,Lagos,2026-06-21T07:06:45.394Z,AG-1038,3,0,0,10.89,1,0,18,0
6082,ACC-106082,Kano,2026-07-05T07:06:45.394Z,AG-1004,2,8.7,0,10.05,2,0,17,0
6083,ACC-106083,Port Harcourt,2026-08-05T07:06:45.394Z,AG-1022,2,0,0,32.53,0,0,20,0
6084,ACC-106084,Port Harcourt,2026-08-07T07:06:45.394Z,AG-1016,3,22.2,1,5.83,1,0,13,0
6085,ACC-106085,Port Harcourt,2026-08-27T07:06:45.394Z,AG-1035,1,15.4,0,9.69,0,0,6,0
6086,ACC-106086,Ibadan,2026-09-04T07:06:45.394Z,AG-1035,1,36.2,1,15.49,1,10831,17,0
6087,ACC-106087,Ibadan,2026-06-15T07:06:45.394Z,AG-1015,1,10.9,0,2.89,0,0,19,0
6088,ACC-106088,Kano,2026-08-17T07:06:45.394Z,AG-1038,2,13.4,0,3.36,2,0,21,0
6089,ACC-106089,Ibadan,2026-08-20T07:06:45.394Z,AG-1023,0,16.5,1,29.86,3,0,17,0
6090,ACC-106090,Abuja,2026-09-04T07:06:45.394Z,AG-1017,2,28.6,0,9.13,1,13833,7,0
6091,ACC-106091,Kano,2026-08-11T07:06:45.394Z,AG-1013,2,0,0,23.32,2,0,21,0
6092,ACC-106092,Abuja,2026-06-18T07:06:45.394Z,AG-1031,5,19.9,0,0,5,692842,7,1
6093,ACC-106093,Ibadan,2026-06-09T07:06:45.394Z,AG-1016,2,17.4,0,0,1,0,13,0
6094,ACC-106094,Lagos,2026-07-30T07:06:45.394Z,AG-1008,1,0,1,9.87,1,0,20,0
6095,ACC-106095,Port Harcourt,2026-07-18T07:06:45.394Z,AG-1031,0,38.4,0,0,0,0,6,0
6096,ACC-106096,Kano,2026-07-24T07:06:45.394Z,AG-1025,0,30.6,1,17.83,0,0,7,0
6097,ACC-106097,Kano,2026-06-15T07:06:45.394Z,AG-1003,2,0,0,18.01,1,0,16,0
6098,ACC-106098,Lagos,2026-07-07T07:06:45.394Z,AG-1030,1,14.9,0,15.56,0,0,18,0
6099,ACC-106099,Abuja,2026-08-15T07:06:45.394Z,AG-1005,2,0,0,22.09,0,12431,9,0
6100,ACC-106100,Kano,2026-06-30T07:06:45.394Z,AG-1019,1,0,0,10.66,0,0,17,0
6101,ACC-106101,Abuja,2026-07-14T07:06:45.394Z,AG-1005,2,0,0,11.13,1,13333,13,0
6102,ACC-106102,Ibadan,2026-06-25T07:06:45.394Z,AG-1008,0,0,1,10.7,2,0,14,0
6103,ACC-106103,Abuja,2026-06-26T07:06:45.394Z,AG-1032,0,3.2,0,2.87,1,0,17,0
6104,ACC-106104,Lagos,2026-07-01T07:06:45.394Z,AG-1015,2,0,0,20.49,0,0,11,0
6105,ACC-106105,Abuja,2026-07-16T07:06:45.394Z,AG-1030,0,0.5,0,18.95,1,0,11,0
6106,ACC-106106,Ibadan,2026-08-04T07:06:45.394Z,AG-1009,3,64.9,0,0,0,4606,13,0
6107,ACC-106107,Abuja,2026-07-27T07:06:45.394Z,AG-1031,2,20.1,1,5.39,2,0,7,0
6108,ACC-106108,Abuja,2026-09-04T07:06:45.394Z,AG-1037,3,44.5,0,5.13,0,0,10,0
6109,ACC-106109,Kano,2026-08-13T07:06:45.394Z,AG-1027,4,41.4,0,20.18,0,5092,18,0
6110,ACC-106110,Ibadan,2026-07-11T07:06:45.394Z,AG-1009,0,0.4,0,6.81,2,3190,13,0
6111,ACC-106111,Abuja,2026-07-20T07:06:45.394Z,AG-1034,1,18.4,1,0,0,0,13,0
6112,ACC-106112,Kano,2026-06-07T07:06:45.394Z,AG-1026,1,30.1,0,6.8,0,6940,20,0
6113,ACC-106113,Abuja,2026-07-27T07:06:45.394Z,AG-1038,4,32.5,0,8.26,0,0,20,0
6114,ACC-106114,Port Harcourt,2026-08-23T07:06:45.394Z,AG-1011,4,3.4,0,10.28,1,0,10,0
6115,ACC-106115,Kano,2026-07-13T07:06:45.394Z,AG-1002,1,50.3,1,12.66,1,0,19,0
6116,ACC-106116,Lagos,2026-06-27T07:06:45.394Z,AG-1008,1,0,1,37.11,1,7421,6,0
6117,ACC-106117,Ibadan,2026-07-19T07:06:45.394Z,AG-1017,3,30.7,1,0,0,0,16,0
6118,ACC-106118,Ibadan,2026-07-16T07:06:45.394Z,AG-1002,2,68.5,0,20.8,1,0,13,0
6119,ACC-106119,Kano,2026-07-03T07:06:45.394Z,AG-1022,0,37.5,1,4.27,0,0,6,0
6120,ACC-106120,Kano,2026-08-20T07:06:45.394Z,AG-1028,5,12.8,1,3.47,0,0,18,0
6121,ACC-106121,Abuja,2026-08-18T07:06:45.394Z,AG-1035,4,190.3,1,1.31,2,145357,0,1
6122,ACC-106122,Abuja,2026-06-12T07:06:45.394Z,AG-1035,2,0,1,15.64,1,0,7,0
6123,ACC-106123,Abuja,2026-09-04T07:06:45.394Z,AG-1029,4,21.5,0,21.35,0,0,15,0
6124,ACC-106124,Abuja,2026-08-04T07:06:45.394Z,AG-1013,0,12.8,0,36.91,2,0,10,0
6125,ACC-106125,Port Harcourt,2026-08-22T07:06:45.394Z,AG-1037,0,38.4,0,36.12,1,0,18,0
6126,ACC-106126,Abuja,2026-07-23T07:06:45.394Z,AG-1010,2,81.2,0,13.56,0,0,21,0
6127,ACC-106127,Kano,2026-08-13T07:06:45.394Z,AG-1026,3,70.3,0,17.84,0,27598,17,0
6128,ACC-106128,Port Harcourt,2026-08-14T07:06:45.394Z,AG-1008,0,24.3,0,0,0,0,15,0
6129,ACC-106129,Ibadan,2026-08-03T07:06:45.394Z,AG-1023,0,9.2,1,5.3,3,0,6,0
6130,ACC-106130,Ibadan,2026-06-26T07:06:45.394Z,AG-1012,1,7.3,0,14.78,0,0,18,0
6131,ACC-106131,Kano,2026-06-11T07:06:45.394Z,AG-1016,1,31.5,0,16.46,2,0,20,0
6132,ACC-106132,Port Harcourt,2026-08-06T07:06:45.394Z,AG-1036,3,24.4,1,0,0,0,12,0
6133,ACC-106133,Kano,2026-07-10T07:06:45.394Z,AG-1001,1,37,1,15.39,2,0,20,0
6134,ACC-106134,Abuja,2026-08-08T07:06:45.394Z,AG-1030,1,1,0,6.07,1,0,21,0
6135,ACC-106135,Ibadan,2026-08-15T07:06:45.394Z,AG-1018,0,21.1,0,14.36,0,7390,21,0
6136,ACC-106136,Ibadan,2026-08-16T07:06:45.394Z,AG-1024,3,18.8,1,1.97,0,12205,11,0
6137,ACC-106137,Kano,2026-06-11T07:06:45.394Z,AG-1014,2,0,0,31.48,0,0,18,0
6138,ACC-106138,Ibadan,2026-07-20T07:06:45.394Z,AG-1010,2,0,1,8.68,0,0,11,0
6139,ACC-106139,Ibadan,2026-08-02T07:06:45.394Z,AG-1031,2,15.1,0,0,0,0,20,0
6140,ACC-106140,Kano,2026-06-13T07:06:45.394Z,AG-1009,1,14.7,0,9.94,0,0,21,0
6141,ACC-106141,Lagos,2026-08-22T07:06:45.394Z,AG-1034,2,6.2,0,17.33,1,6834,11,0
6142,ACC-106142,Ibadan,2026-08-22T07:06:45.394Z,AG-1024,1,0,0,0.65,0,0,18,0
6143,ACC-106143,Kano,2026-08-19T07:06:45.394Z,AG-1009,3,15.8,0,16.78,0,0,22,0
6144,ACC-106144,Ibadan,2026-08-29T07:06:45.394Z,AG-1033,2,40.6,0,6.15,1,0,15,0
6145,ACC-106145,Abuja,2026-08-13T07:06:45.394Z,AG-1003,1,18.1,0,8.16,0,0,10,0
6146,ACC-106146,Kano,2026-09-01T07:06:45.394Z,AG-1034,1,5.7,0,19.48,0,0,12,0
6147,ACC-106147,Port Harcourt,2026-06-20T07:06:45.394Z,AG-1001,2,13.9,1,32.16,0,21075,9,0
6148,ACC-106148,Ibadan,2026-07-11T07:06:45.394Z,AG-1031,1,73.8,1,24.3,1,0,11,0
6149,ACC-106149,Ibadan,2026-07-12T07:06:45.394Z,AG-1020,3,8.2,0,0,1,0,10,0
6150,ACC-106150,Abuja,2026-07-02T07:06:45.394Z,AG-1036,0,10.3,1,28.94,0,0,18,0
6151,ACC-106151,Ibadan,2026-08-23T07:06:45.394Z,AG-1002,4,1,1,0,0,0,11,0
6152,ACC-106152,Kano,2026-06-12T07:06:45.394Z,AG-1007,1,15.3,1,24.63,1,0,6,0
6153,ACC-106153,Ibadan,2026-06-22T07:06:45.394Z,AG-1010,3,94.9,1,15.41,0,0,14,0
6154,ACC-106154,Ibadan,2026-08-26T07:06:45.394Z,AG-1028,3,25.6,1,15.1,0,0,7,0
6155,ACC-106155,Port Harcourt,2026-08-02T07:06:45.394Z,AG-1020,0,31.1,0,22.75,1,0,7,0
6156,ACC-106156,Abuja,2026-08-10T07:06:45.394Z,AG-1029,0,19.6,1,5.42,1,0,6,0
6157,ACC-106157,Abuja,2026-07-26T07:06:45.394Z,AG-1024,0,1.7,0,16.78,0,0,16,0
6158,ACC-106158,Kano,2026-07-01T07:06:45.394Z,AG-1029,1,26.4,0,4.59,2,0,9,0
6159,ACC-106159,Ibadan,2026-07-22T07:06:45.394Z,AG-1034,4,59.7,0,16.4,1,0,13,0
6160,ACC-106160,Port Harcourt,2026-07-19T07:06:45.394Z,AG-1025,3,0.4,1,10.77,0,21276,18,0
6161,ACC-106161,Abuja,2026-07-24T07:06:45.394Z,AG-1030,0,37.1,0,27.45,0,0,18,0
6162,ACC-106162,Abuja,2026-07-30T07:06:45.394Z,AG-1024,1,17.9,0,28.53,0,0,15,0
6163,ACC-106163,Lagos,2026-06-06T07:06:45.394Z,AG-1019,0,10,0,11.32,0,0,16,0
6164,ACC-106164,Kano,2026-08-05T07:06:45.394Z,AG-1001,4,1.5,0,10.89,1,0,11,0
6165,ACC-106165,Abuja,2026-08-31T07:06:45.394Z,AG-1029,3,62.6,0,16.26,0,0,11,0
6166,ACC-106166,Ibadan,2026-08-30T07:06:45.394Z,AG-1037,0,41,0,19.2,0,0,11,0
6167,ACC-106167,Ibadan,2026-07-27T07:06:45.394Z,AG-1034,1,0,0,13.96,0,0,16,0
6168,ACC-106168,Port Harcourt,2026-07-18T07:06:45.394Z,AG-1002,3,20.4,0,20.41,0,0,16,0
6169,ACC-106169,Port Harcourt,2026-06-30T07:06:45.394Z,AG-1005,0,5.6,0,17.26,0,26061,11,0
6170,ACC-106170,Port Harcourt,2026-06-08T07:06:45.394Z,AG-1028,0,0,0,2.27,0,0,22,0
6171,ACC-106171,Abuja,2026-06-25T07:06:45.394Z,AG-1032,2,0,0,20.21,1,0,22,0
6172,ACC-106172,Abuja,2026-08-20T07:06:45.394Z,AG-1003,0,41.6,1,9.97,0,0,8,0
6173,ACC-106173,Port Harcourt,2026-08-19T07:06:45.394Z,AG-1020,1,59.8,0,14.52,1,0,13,0
6174,ACC-106174,Port Harcourt,2026-08-13T07:06:45.394Z,AG-1006,1,66.1,0,0,1,0,10,0
6175,ACC-106175,Abuja,2026-07-28T07:06:45.394Z,AG-1025,1,8.9,0,7.47,0,0,16,0
6176,ACC-106176,Lagos,2026-08-25T07:06:45.394Z,AG-1027,0,0,0,21.63,0,5302,18,0
6177,ACC-106177,Port Harcourt,2026-07-18T07:06:45.394Z,AG-1007,0,103.5,1,7.94,2,0,14,0
6178,ACC-106178,Abuja,2026-06-14T07:06:45.394Z,AG-1028,3,16.3,0,37.84,0,0,10,0
6179,ACC-106179,Ibadan,2026-07-19T07:06:45.394Z,AG-1005,2,9.3,0,13.51,0,0,11,0
6180,ACC-106180,Abuja,2026-07-11T07:06:45.394Z,AG-1039,3,21.4,1,18.87,1,0,17,0
6181,ACC-106181,Lagos,2026-06-20T07:06:45.394Z,AG-1002,0,30.6,0,11.68,1,0,15,0
6182,ACC-106182,Ibadan,2026-06-20T07:06:45.394Z,AG-1024,0,1.5,1,2.66,1,0,7,0
6183,ACC-106183,Port Harcourt,2026-06-21T07:06:45.394Z,AG-1021,1,24.6,0,2.09,1,0,20,0
6184,ACC-106184,Ibadan,2026-08-15T07:06:45.394Z,AG-1000,14,85.8,1,0.17,6,0,1,1
6185,ACC-106185,Kano,2026-08-29T07:06:45.394Z,AG-1035,1,37.3,1,11.49,0,0,21,0
6186,ACC-106186,Abuja,2026-06-17T07:06:45.394Z,AG-1011,0,4.5,0,14.79,1,0,16,0
6187,ACC-106187,Abuja,2026-07-19T07:06:45.394Z,AG-1035,0,27.9,0,13.48,1,0,7,0
6188,ACC-106188,Lagos,2026-06-20T07:06:45.394Z,AG-1002,2,15.7,0,12.48,1,0,19,0
6189,ACC-106189,Port Harcourt,2026-08-21T07:06:45.394Z,AG-1032,2,9.1,0,0,1,0,15,0
6190,ACC-106190,Kano,2026-08-14T07:06:45.394Z,AG-1001,3,17.5,1,21.58,1,0,14,0
6191,ACC-106191,Kano,2026-08-06T07:06:45.394Z,AG-1038,0,28.7,0,9.7,1,0,20,0
6192,ACC-106192,Kano,2026-06-27T07:06:45.394Z,AG-1001,1,25.4,0,20.76,1,0,21,0
6193,ACC-106193,Ibadan,2026-06-06T07:06:45.394Z,AG-1023,4,16.5,0,2.2,0,0,9,0
6194,ACC-106194,Abuja,2026-06-07T07:06:45.394Z,AG-1023,0,53.2,0,27.8,0,0,13,0
6195,ACC-106195,Port Harcourt,2026-08-13T07:06:45.394Z,AG-1037,1,0,0,11.88,1,8730,8,0
6196,ACC-106196,Kano,2026-09-01T07:06:45.394Z,AG-1019,2,21.8,0,6.39,0,0,12,0
6197,ACC-106197,Lagos,2026-08-05T07:06:45.394Z,AG-1000,0,0,1,12.83,0,0,9,0
6198,ACC-106198,Ibadan,2026-07-23T07:06:45.394Z,AG-1015,3,17.8,0,2.07,2,0,20,0
6199,ACC-106199,Lagos,2026-06-18T07:06:45.394Z,AG-1014,2,0,1,20.32,1,0,22,0
6200,ACC-106200,Ibadan,2026-06-27T07:06:45.394Z,AG-1019,1,9.3,0,18.45,1,0,11,0
6201,ACC-106201,Ibadan,2026-06-10T07:06:45.394Z,AG-1033,1,19.5,0,29.45,0,8401,6,0
6202,ACC-106202,Kano,2026-08-23T07:06:45.394Z,AG-1012,0,0,1,21.97,1,0,17,0
6203,ACC-106203,Lagos,2026-07-29T07:06:45.394Z,AG-1000,5,11.1,1,0,1,0,8,0
6204,ACC-106204,Ibadan,2026-08-12T07:06:45.394Z,AG-1021,2,4.7,0,12.1,0,0,7,0
6205,ACC-106205,Abuja,2026-07-21T07:06:45.394Z,AG-1034,3,0,0,0,0,0,11,0
6206,ACC-106206,Kano,2026-08-14T07:06:45.394Z,AG-1002,3,17.2,1,4.62,2,14786,12,0
6207,ACC-106207,Port Harcourt,2026-07-30T07:06:45.394Z,AG-1000,2,70.3,0,15.65,1,0,19,0
6208,ACC-106208,Port Harcourt,2026-06-06T07:06:45.394Z,AG-1016,0,98.3,0,2.73,5,215463,5,1
6209,ACC-106209,Port Harcourt,2026-07-20T07:06:45.394Z,AG-1025,2,18.2,1,15.57,1,0,22,0
6210,ACC-106210,Lagos,2026-07-19T07:06:45.394Z,AG-1032,1,40.1,0,30.24,0,0,10,0
6211,ACC-106211,Lagos,2026-06-15T07:06:45.394Z,AG-1001,1,56.7,0,7.72,0,0,9,0
6212,ACC-106212,Lagos,2026-07-22T07:06:45.394Z,AG-1018,2,0,1,33.07,1,0,14,0
6213,ACC-106213,Port Harcourt,2026-07-13T07:06:45.394Z,AG-1038,2,0,1,13.19,2,0,22,0
6214,ACC-106214,Abuja,2026-06-08T07:06:45.394Z,AG-1001,1,4,0,10.7,1,0,14,0
6215,ACC-106215,Kano,2026-07-29T07:06:45.394Z,AG-1023,0,0,1,10.41,2,0,15,0
6216,ACC-106216,Ibadan,2026-07-30T07:06:45.394Z,AG-1024,2,45.3,0,0,0,0,13,0
6217,ACC-106217,Lagos,2026-08-06T07:06:45.394Z,AG-1006,0,2.3,0,1.33,1,0,10,0
6218,ACC-106218,Ibadan,2026-06-07T07:06:45.394Z,AG-1027,2,2.8,1,3.42,1,0,6,0
6219,ACC-106219,Lagos,2026-08-03T07:06:45.394Z,AG-1016,1,26.4,0,9.67,1,0,8,0
6220,ACC-106220,Port Harcourt,2026-08-15T07:06:45.394Z,AG-1012,4,38,1,6.51,0,17426,7,0
6221,ACC-106221,Lagos,2026-06-23T07:06:45.394Z,AG-1004,2,40.2,1,6.81,0,0,12,0
6222,ACC-106222,Lagos,2026-08-18T07:06:45.394Z,AG-1003,3,9.6,0,15.42,0,0,11,0
6223,ACC-106223,Ibadan,2026-07-17T07:06:45.394Z,AG-1007,2,26.6,0,13.16,2,0,22,0
6224,ACC-106224,Kano,2026-06-22T07:06:45.394Z,AG-1015,0,38.6,1,0,1,0,10,0
6225,ACC-106225,Ibadan,2026-06-20T07:06:45.394Z,AG-1033,3,0,0,16.07,0,0,13,0
6226,ACC-106226,Port Harcourt,2026-08-12T07:06:45.394Z,AG-1019,0,32.4,0,8.35,1,0,9,0
6227,ACC-106227,Abuja,2026-07-19T07:06:45.394Z,AG-1026,5,23.4,1,13.95,0,0,16,0
6228,ACC-106228,Kano,2026-07-01T07:06:45.394Z,AG-1029,1,3.6,0,19.62,0,0,10,0
6229,ACC-106229,Abuja,2026-08-10T07:06:45.394Z,AG-1017,0,22.4,0,6.94,0,0,14,0
6230,ACC-106230,Kano,2026-08-15T07:06:45.394Z,AG-1004,4,23.5,1,28.04,0,0,18,0
6231,ACC-106231,Port Harcourt,2026-07-30T07:06:45.394Z,AG-1024,2,36.5,1,0,1,0,19,0
6232,ACC-106232,Kano,2026-08-10T07:06:45.394Z,AG-1016,1,51.1,0,14.35,1,0,21,0
6233,ACC-106233,Lagos,2026-08-23T07:06:45.394Z,AG-1001,3,0,0,31.08,2,0,19,0
6234,ACC-106234,Kano,2026-08-23T07:06:45.394Z,AG-1019,2,14.2,1,11.56,1,0,13,0
6235,ACC-106235,Ibadan,2026-08-04T07:06:45.394Z,AG-1022,3,51.6,0,6.86,1,12264,19,0
6236,ACC-106236,Kano,2026-06-14T07:06:45.394Z,AG-1000,1,0,0,21.48,2,0,19,0
6237,ACC-106237,Kano,2026-07-18T07:06:45.394Z,AG-1023,4,31,1,12.71,0,0,14,0
6238,ACC-106238,Port Harcourt,2026-09-02T07:06:45.394Z,AG-1011,0,0,0,20.15,2,0,14,0
6239,ACC-106239,Abuja,2026-06-25T07:06:45.394Z,AG-1031,2,33.9,1,17.68,0,0,9,0
6240,ACC-106240,Lagos,2026-08-31T07:06:45.394Z,AG-1015,0,0,1,23.57,1,0,22,0
6241,ACC-106241,Ibadan,2026-07-14T07:06:45.394Z,AG-1011,2,41.3,0,30.6,0,0,16,0
6242,ACC-106242,Port Harcourt,2026-06-26T07:06:45.394Z,AG-1022,0,8.5,0,27.81,0,0,7,0
6243,ACC-106243,Lagos,2026-07-16T07:06:45.394Z,AG-1034,4,42.8,0,11.5,0,0,17,0
6244,ACC-106244,Kano,2026-08-08T07:06:45.394Z,AG-1007,1,29.9,0,0.99,0,7098,6,0
6245,ACC-106245,Port Harcourt,2026-07-19T07:06:45.394Z,AG-1014,0,9.4,0,0.88,0,0,19,0
6246,ACC-106246,Kano,2026-08-19T07:06:45.394Z,AG-1007,2,30.1,0,16.57,1,16060,11,0
6247,ACC-106247,Port Harcourt,2026-08-06T07:06:45.394Z,AG-1029,1,0,0,20.26,0,0,15,0
6248,ACC-106248,Kano,2026-07-30T07:06:45.394Z,AG-1009,4,153.4,1,0.19,4,109579,0,1
6249,ACC-106249,Kano,2026-08-13T07:06:45.394Z,AG-1019,2,32,0,12.11,0,0,17,0
6250,ACC-106250,Ibadan,2026-09-01T07:06:45.394Z,AG-1039,3,39.4,1,6.84,0,0,18,0
6251,ACC-106251,Kano,2026-07-05T07:06:45.394Z,AG-1023,3,0,1,17.31,0,0,18,0
6252,ACC-106252,Lagos,2026-06-09T07:06:45.394Z,AG-1005,0,22,1,5.51,2,0,18,0
6253,ACC-106253,Lagos,2026-06-21T07:06:45.394Z,AG-1021,0,0,0,16.28,1,0,19,0
6254,ACC-106254,Lagos,2026-08-10T07:06:45.394Z,AG-1011,3,0,0,9.61,2,0,11,0
6255,ACC-106255,Ibadan,2026-06-24T07:06:45.394Z,AG-1004,4,12.8,0,14.08,0,0,13,0
6256,ACC-106256,Abuja,2026-06-13T07:06:45.394Z,AG-1022,5,200.5,0,0,2,211962,4,1
6257,ACC-106257,Ibadan,2026-07-11T07:06:45.394Z,AG-1016,1,21.7,1,24.26,0,0,13,0
6258,ACC-106258,Port Harcourt,2026-06-10T07:06:45.394Z,AG-1016,0,0.5,0,29.71,2,0,14,0
6259,ACC-106259,Lagos,2026-08-07T07:06:45.394Z,AG-1013,0,0,1,0,0,14332,20,0
6260,ACC-106260,Ibadan,2026-07-23T07:06:45.394Z,AG-1001,3,23.7,1,8.85,1,0,13,0
6261,ACC-106261,Abuja,2026-06-23T07:06:45.394Z,AG-1016,2,0.1,0,0,0,13261,9,0
6262,ACC-106262,Ibadan,2026-08-04T07:06:45.394Z,AG-1020,0,52.8,0,3.49,0,0,19,0
6263,ACC-106263,Abuja,2026-08-05T07:06:45.394Z,AG-1037,3,0,0,15.32,1,0,11,0
6264,ACC-106264,Ibadan,2026-06-23T07:06:45.394Z,AG-1039,0,30.9,0,23.86,0,0,8,0
6265,ACC-106265,Kano,2026-06-14T07:06:45.394Z,AG-1008,2,14.9,0,29.77,0,0,10,0
6266,ACC-106266,Ibadan,2026-06-19T07:06:45.394Z,AG-1021,5,40.9,0,26.56,0,0,22,0
6267,ACC-106267,Lagos,2026-07-17T07:06:45.394Z,AG-1020,0,28.7,0,32.66,0,0,19,0
6268,ACC-106268,Kano,2026-07-06T07:06:45.394Z,AG-1000,1,0,0,2.74,0,0,14,0
6269,ACC-106269,Ibadan,2026-07-17T07:06:45.394Z,AG-1014,4,6,1,0,2,0,6,0
6270,ACC-106270,Kano,2026-07-21T07:06:45.394Z,AG-1017,1,11.8,0,17.51,1,10527,15,0
6271,ACC-106271,Kano,2026-08-14T07:06:45.394Z,AG-1013,2,37.1,1,2.96,2,0,12,0
6272,ACC-106272,Abuja,2026-07-11T07:06:45.394Z,AG-1009,0,0,0,19.38,2,0,9,0
6273,ACC-106273,Kano,2026-07-14T07:06:45.394Z,AG-1012,2,36.8,0,12.22,1,5967,14,0
6274,ACC-106274,Kano,2026-09-02T07:06:45.394Z,AG-1007,0,3.9,0,23.41,3,0,22,0
6275,ACC-106275,Port Harcourt,2026-07-18T07:06:45.394Z,AG-1009,1,55.1,1,6.48,1,0,19,0
6276,ACC-106276,Port Harcourt,2026-07-10T07:06:45.395Z,AG-1030,2,40,0,23.55,2,0,14,0
6277,ACC-106277,Port Harcourt,2026-07-31T07:06:45.395Z,AG-1008,1,73.3,0,20.24,1,0,21,0
6278,ACC-106278,Abuja,2026-07-09T07:06:45.395Z,AG-1034,1,87.4,0,23.47,1,0,6,0
6279,ACC-106279,Port Harcourt,2026-07-10T07:06:45.395Z,AG-1006,2,42.1,0,10.59,0,0,16,0
6280,ACC-106280,Kano,2026-08-20T07:06:45.395Z,AG-1004,3,39.8,1,12.75,0,12515,15,0
6281,ACC-106281,Abuja,2026-06-24T07:06:45.395Z,AG-1000,3,47.2,0,42.84,2,6618,13,0
6282,ACC-106282,Ibadan,2026-07-11T07:06:45.395Z,AG-1027,1,35.7,0,0,0,0,19,0
6283,ACC-106283,Kano,2026-07-04T07:06:45.395Z,AG-1039,1,35.4,0,0,1,29382,14,0
6284,ACC-106284,Ibadan,2026-06-18T07:06:45.395Z,AG-1029,1,5.4,1,15.05,0,0,21,0
6285,ACC-106285,Port Harcourt,2026-08-19T07:06:45.395Z,AG-1013,0,0,0,10.92,1,15413,12,0
6286,ACC-106286,Abuja,2026-08-07T07:06:45.395Z,AG-1028,0,5.2,1,13.9,2,0,19,0
6287,ACC-106287,Ibadan,2026-07-22T07:06:45.395Z,AG-1037,5,142.5,1,0,7,222330,17,1
6288,ACC-106288,Abuja,2026-07-22T07:06:45.395Z,AG-1000,2,9,1,16.76,2,0,21,0
6289,ACC-106289,Lagos,2026-08-31T07:06:45.395Z,AG-1036,1,14.5,0,11.75,2,0,19,0
6290,ACC-106290,Abuja,2026-09-03T07:06:45.395Z,AG-1028,0,2.5,0,2.5,0,19749,19,0
6291,ACC-106291,Kano,2026-09-01T07:06:45.395Z,AG-1015,0,0,1,20.63,0,0,12,0
6292,ACC-106292,Port Harcourt,2026-08-22T07:06:45.395Z,AG-1024,2,5.5,0,18.3,1,0,19,0
6293,ACC-106293,Lagos,2026-08-10T07:06:45.395Z,AG-1000,0,39.9,0,19.93,1,0,19,0
6294,ACC-106294,Ibadan,2026-06-12T07:06:45.395Z,AG-1005,0,62.2,0,34.47,1,24340,22,0
6295,ACC-106295,Port Harcourt,2026-07-10T07:06:45.395Z,AG-1019,0,14.1,0,23.45,0,0,14,0
6296,ACC-106296,Abuja,2026-06-13T07:06:45.395Z,AG-1036,1,0.9,1,26.8,2,0,13,0
6297,ACC-106297,Port Harcourt,2026-07-16T07:06:45.395Z,AG-1039,0,0,0,33.46,1,0,14,0
6298,ACC-106298,Lagos,2026-06-12T07:06:45.395Z,AG-1006,2,0,0,33.03,0,0,11,0
6299,ACC-106299,Ibadan,2026-06-07T07:06:45.395Z,AG-1012,2,0,0,10.97,1,13099,12,0
6300,ACC-106300,Lagos,2026-06-26T07:06:45.395Z,AG-1024,1,36.8,0,25.63,0,0,10,0
6301,ACC-106301,Lagos,2026-09-02T07:06:45.395Z,AG-1011,2,22.8,1,3.53,0,0,16,0
6302,ACC-106302,Port Harcourt,2026-06-21T07:06:45.395Z,AG-1006,1,15.8,1,18.71,1,0,11,0
6303,ACC-106303,Abuja,2026-08-22T07:06:45.395Z,AG-1035,0,8.3,0,0,0,0,15,0
6304,ACC-106304,Abuja,2026-06-06T07:06:45.395Z,AG-1021,1,24,0,12.79,1,0,11,0
6305,ACC-106305,Port Harcourt,2026-06-11T07:06:45.395Z,AG-1011,3,40.7,0,30.49,0,0,6,0
6306,ACC-106306,Abuja,2026-06-11T07:06:45.395Z,AG-1013,3,9.4,0,19.48,0,0,18,0
6307,ACC-106307,Lagos,2026-06-06T07:06:45.395Z,AG-1006,2,56,0,10.62,1,0,18,0
6308,ACC-106308,Abuja,2026-07-31T07:06:45.395Z,AG-1015,2,47,0,25.06,1,0,8,0
6309,ACC-106309,Port Harcourt,2026-07-26T07:06:45.395Z,AG-1036,3,2.7,0,32.42,1,0,9,0
6310,ACC-106310,Ibadan,2026-06-29T07:06:45.395Z,AG-1023,0,28.4,0,22.96,0,0,9,0
6311,ACC-106311,Port Harcourt,2026-08-12T07:06:45.395Z,AG-1022,0,15.4,0,23.05,1,0,18,0
6312,ACC-106312,Abuja,2026-08-15T07:06:45.395Z,AG-1005,3,0,0,7.78,1,16179,19,0
6313,ACC-106313,Port Harcourt,2026-08-20T07:06:45.395Z,AG-1015,1,0,1,8.58,1,0,9,0
6314,ACC-106314,Kano,2026-07-04T07:06:45.395Z,AG-1008,3,21.8,1,8.36,1,0,13,0
6315,ACC-106315,Abuja,2026-08-01T07:06:45.395Z,AG-1009,4,37.9,0,4.07,1,16985,12,0
6316,ACC-106316,Lagos,2026-08-19T07:06:45.395Z,AG-1025,2,54,0,12.33,2,0,11,0
6317,ACC-106317,Lagos,2026-07-05T07:06:45.395Z,AG-1006,1,0,0,4.23,2,23618,9,0
6318,ACC-106318,Kano,2026-06-16T07:06:45.395Z,AG-1008,3,36.2,0,12.37,0,0,21,0
6319,ACC-106319,Abuja,2026-08-18T07:06:45.395Z,AG-1031,2,26.9,1,5.02,0,16274,13,0
6320,ACC-106320,Abuja,2026-07-25T07:06:45.395Z,AG-1027,1,48.6,0,10.88,0,0,18,0
6321,ACC-106321,Port Harcourt,2026-06-08T07:06:45.395Z,AG-1017,0,36.8,0,35.78,0,0,14,0
6322,ACC-106322,Port Harcourt,2026-08-02T07:06:45.395Z,AG-1027,5,53.2,1,14.66,1,0,9,0
6323,ACC-106323,Lagos,2026-08-17T07:06:45.395Z,AG-1021,4,8.5,0,11.42,0,0,16,0
6324,ACC-106324,Port Harcourt,2026-08-14T07:06:45.395Z,AG-1001,0,28.1,0,15.03,2,0,8,0
6325,ACC-106325,Port Harcourt,2026-08-24T07:06:45.395Z,AG-1004,3,3.4,0,22.65,1,0,7,0
6326,ACC-106326,Lagos,2026-09-04T07:06:45.395Z,AG-1036,1,15.1,0,9.75,0,13500,6,0
6327,ACC-106327,Lagos,2026-08-02T07:06:45.395Z,AG-1023,4,40.5,0,14.79,1,2727,12,0
6328,ACC-106328,Lagos,2026-08-09T07:06:45.395Z,AG-1005,3,12.6,1,0,0,11536,19,0
6329,ACC-106329,Ibadan,2026-06-10T07:06:45.395Z,AG-1031,4,28.5,0,16.33,2,10788,14,0
6330,ACC-106330,Abuja,2026-07-02T07:06:45.395Z,AG-1014,1,45.6,0,6.46,1,17064,7,0
6331,ACC-106331,Port Harcourt,2026-07-22T07:06:45.395Z,AG-1014,0,65.4,0,32.96,0,10461,9,0
6332,ACC-106332,Kano,2026-08-24T07:06:45.395Z,AG-1014,0,16.2,0,27.62,0,20845,16,0
6333,ACC-106333,Abuja,2026-08-20T07:06:45.395Z,AG-1008,3,40.2,1,8.13,1,25532,18,0
6334,ACC-106334,Ibadan,2026-07-24T07:06:45.395Z,AG-1027,3,14.3,1,25.21,1,0,17,0
6335,ACC-106335,Lagos,2026-08-07T07:06:45.395Z,AG-1025,0,43,1,17.89,0,0,12,0
6336,ACC-106336,Port Harcourt,2026-06-30T07:06:45.395Z,AG-1023,3,0,0,0,1,0,15,0
6337,ACC-106337,Ibadan,2026-08-05T07:06:45.395Z,AG-1006,0,82.3,0,0,1,20987,22,0
6338,ACC-106338,Kano,2026-08-14T07:06:45.395Z,AG-1016,1,41.7,0,7.28,2,0,11,0
6339,ACC-106339,Lagos,2026-08-13T07:06:45.395Z,AG-1007,0,38.5,0,23.32,0,0,7,0
6340,ACC-106340,Port Harcourt,2026-06-26T07:06:45.395Z,AG-1022,0,18.8,0,42.97,0,0,18,0
6341,ACC-106341,Port Harcourt,2026-06-10T07:06:45.395Z,AG-1018,1,34.3,0,5.83,1,0,17,0
6342,ACC-106342,Ibadan,2026-06-15T07:06:45.395Z,AG-1035,2,51.1,0,4.32,2,0,8,0
6343,ACC-106343,Kano,2026-06-21T07:06:45.395Z,AG-1017,2,26.4,0,17.36,1,0,9,0
6344,ACC-106344,Port Harcourt,2026-06-27T07:06:45.395Z,AG-1026,1,13.8,0,9.8,2,0,15,0
6345,ACC-106345,Ibadan,2026-09-02T07:06:45.395Z,AG-1023,2,28.2,0,26.71,1,0,8,0
6346,ACC-106346,Ibadan,2026-07-18T07:06:45.395Z,AG-1003,5,15.7,1,39.51,0,12221,18,0
6347,ACC-106347,Port Harcourt,2026-06-22T07:06:45.395Z,AG-1035,1,11.6,1,19.63,0,0,17,0
6348,ACC-106348,Abuja,2026-07-17T07:06:45.395Z,AG-1011,3,0,0,19.99,0,4048,9,0
6349,ACC-106349,Lagos,2026-07-03T07:06:45.395Z,AG-1019,1,52.8,0,2.82,0,0,18,0
6350,ACC-106350,Abuja,2026-06-17T07:06:45.395Z,AG-1018,1,24.9,0,17.1,3,0,15,0
6351,ACC-106351,Kano,2026-07-31T07:06:45.395Z,AG-1023,1,31,1,23.14,1,14694,8,0
6352,ACC-106352,Kano,2026-06-29T07:06:45.395Z,AG-1000,1,36.7,1,0,0,0,16,0
6353,ACC-106353,Abuja,2026-08-11T07:06:45.395Z,AG-1004,3,9.5,1,3.44,1,0,22,0
6354,ACC-106354,Abuja,2026-06-27T07:06:45.395Z,AG-1005,0,0,0,5.18,0,0,20,0
6355,ACC-106355,Ibadan,2026-07-03T07:06:45.395Z,AG-1005,0,32.1,0,14.63,0,0,21,0
6356,ACC-106356,Ibadan,2026-08-21T07:06:45.395Z,AG-1038,0,0,0,3.11,0,0,14,0
6357,ACC-106357,Abuja,2026-06-16T07:06:45.395Z,AG-1009,5,39.2,0,15.1,0,0,16,0
6358,ACC-106358,Ibadan,2026-08-22T07:06:45.395Z,AG-1030,2,3.5,1,13.4,0,0,10,0
6359,ACC-106359,Abuja,2026-06-28T07:06:45.395Z,AG-1035,4,5,0,28.74,1,0,11,0
6360,ACC-106360,Abuja,2026-07-17T07:06:45.395Z,AG-1012,2,43.2,0,0,0,0,15,0
6361,ACC-106361,Abuja,2026-09-01T07:06:45.395Z,AG-1012,1,77.2,0,25.01,0,0,13,0
6362,ACC-106362,Port Harcourt,2026-08-11T07:06:45.395Z,AG-1031,0,0,1,11.61,0,0,7,0
6363,ACC-106363,Abuja,2026-08-11T07:06:45.395Z,AG-1009,2,43.1,0,8.27,1,0,21,0
6364,ACC-106364,Kano,2026-07-02T07:06:45.395Z,AG-1009,0,22.7,1,28.94,0,0,17,0
6365,ACC-106365,Ibadan,2026-06-17T07:06:45.395Z,AG-1039,2,10.4,1,17.38,1,13014,10,0
6366,ACC-106366,Port Harcourt,2026-06-13T07:06:45.395Z,AG-1012,2,16.2,0,4.36,0,0,6,0
6367,ACC-106367,Ibadan,2026-08-25T07:06:45.395Z,AG-1006,0,22,1,0,0,0,8,0
6368,ACC-106368,Lagos,2026-07-04T07:06:45.395Z,AG-1001,0,43.6,0,21.52,1,0,14,0
6369,ACC-106369,Abuja,2026-07-07T07:06:45.395Z,AG-1015,3,2.1,1,0.79,0,0,13,0
6370,ACC-106370,Abuja,2026-08-02T07:06:45.395Z,AG-1021,3,0,1,20.18,1,0,21,0
6371,ACC-106371,Abuja,2026-07-04T07:06:45.395Z,AG-1012,1,20.4,0,22.74,2,0,22,0
6372,ACC-106372,Abuja,2026-06-22T07:06:45.395Z,AG-1013,1,8.8,1,20.67,0,0,16,0
6373,ACC-106373,Port Harcourt,2026-08-12T07:06:45.395Z,AG-1004,1,23.2,1,19.19,0,0,12,0
6374,ACC-106374,Port Harcourt,2026-06-20T07:06:45.395Z,AG-1027,3,26.5,0,25.76,1,15037,14,0
6375,ACC-106375,Port Harcourt,2026-06-29T07:06:45.395Z,AG-1000,0,19.7,0,17.78,0,0,8,0
6376,ACC-106376,Kano,2026-08-08T07:06:45.395Z,AG-1015,0,0,0,20.42,1,2593,15,0
6377,ACC-106377,Ibadan,2026-08-01T07:06:45.395Z,AG-1032,3,0,0,17.48,2,0,8,0
6378,ACC-106378,Kano,2026-07-09T07:06:45.395Z,AG-1004,0,28.3,0,0,0,0,19,0
6379,ACC-106379,Kano,2026-06-30T07:06:45.395Z,AG-1014,2,61.1,1,6.68,0,0,16,0
6380,ACC-106380,Ibadan,2026-07-20T07:06:45.395Z,AG-1025,4,0.1,1,13.99,0,12646,19,0
6381,ACC-106381,Ibadan,2026-07-29T07:06:45.395Z,AG-1022,1,32.9,0,5.28,0,0,17,0
6382,ACC-106382,Abuja,2026-08-22T07:06:45.395Z,AG-1020,2,37.7,0,4.15,1,0,21,0
6383,ACC-106383,Ibadan,2026-08-29T07:06:45.395Z,AG-1001,7,132.3,0,0.81,5,323524,23,1
6384,ACC-106384,Ibadan,2026-07-17T07:06:45.395Z,AG-1006,3,0,0,6.33,1,0,9,0
6385,ACC-106385,Kano,2026-07-30T07:06:45.395Z,AG-1023,2,24.3,0,8.95,0,0,10,0
6386,ACC-106386,Abuja,2026-06-12T07:06:45.395Z,AG-1013,1,1.1,0,21.04,0,0,21,0
6387,ACC-106387,Lagos,2026-06-11T07:06:45.395Z,AG-1037,2,67.7,0,33.89,1,0,13,0
6388,ACC-106388,Lagos,2026-08-26T07:06:45.395Z,AG-1032,0,10,1,20.55,1,0,9,0
6389,ACC-106389,Lagos,2026-09-03T07:06:45.395Z,AG-1024,2,12.8,0,0,1,0,18,0
6390,ACC-106390,Port Harcourt,2026-06-16T07:06:45.395Z,AG-1034,2,204,1,1.1,5,127177,5,1
6391,ACC-106391,Lagos,2026-06-17T07:06:45.395Z,AG-1039,0,19.5,1,19,1,0,21,0
6392,ACC-106392,Port Harcourt,2026-06-14T07:06:45.395Z,AG-1026,1,13.8,0,17.44,0,0,9,0
6393,ACC-106393,Port Harcourt,2026-08-06T07:06:45.395Z,AG-1030,2,11.7,0,29.67,0,0,9,0
6394,ACC-106394,Abuja,2026-08-27T07:06:45.395Z,AG-1017,1,14.9,0,5.88,1,0,11,0
6395,ACC-106395,Ibadan,2026-07-17T07:06:45.395Z,AG-1009,2,7.2,0,1.69,2,0,15,0
6396,ACC-106396,Abuja,2026-06-06T07:06:45.395Z,AG-1009,3,5.9,0,6.88,0,0,14,0
6397,ACC-106397,Ibadan,2026-06-27T07:06:45.395Z,AG-1025,0,0,0,9.12,0,0,12,0
6398,ACC-106398,Kano,2026-08-01T07:06:45.395Z,AG-1019,0,29.6,1,0.86,0,0,7,0
6399,ACC-106399,Kano,2026-06-11T07:06:45.395Z,AG-1009,7,72.2,1,0,1,475672,8,1
6400,ACC-106400,Lagos,2026-06-21T07:06:45.395Z,AG-1022,0,0,1,19.51,1,0,15,0
6401,ACC-106401,Kano,2026-06-13T07:06:45.395Z,AG-1030,0,0,0,0,0,0,13,0
6402,ACC-106402,Kano,2026-07-04T07:06:45.395Z,AG-1008,3,0,0,0.79,0,8486,8,0
6403,ACC-106403,Port Harcourt,2026-08-23T07:06:45.395Z,AG-1025,0,8.8,0,14.81,0,0,7,0
6404,ACC-106404,Port Harcourt,2026-07-17T07:06:45.395Z,AG-1038,1,12.7,1,19.07,0,9728,7,0
6405,ACC-106405,Kano,2026-07-31T07:06:45.395Z,AG-1032,1,57.8,0,0,2,0,12,0
6406,ACC-106406,Port Harcourt,2026-06-29T07:06:45.395Z,AG-1019,4,5.2,1,13.24,2,0,22,0
6407,ACC-106407,Kano,2026-08-25T07:06:45.395Z,AG-1009,3,28.7,1,19.56,1,0,18,0
6408,ACC-106408,Port Harcourt,2026-06-16T07:06:45.395Z,AG-1009,2,64,1,21.13,0,0,17,0
6409,ACC-106409,Ibadan,2026-08-16T07:06:45.395Z,AG-1036,1,5.6,0,19.98,0,7199,18,0
6410,ACC-106410,Kano,2026-07-22T07:06:45.395Z,AG-1020,0,74.9,0,12.25,0,0,12,0
6411,ACC-106411,Ibadan,2026-06-17T07:06:45.395Z,AG-1025,3,38,0,11.45,1,0,12,0
6412,ACC-106412,Port Harcourt,2026-08-12T07:06:45.395Z,AG-1032,4,0,0,14.18,0,0,9,0
6413,ACC-106413,Port Harcourt,2026-06-20T07:06:45.395Z,AG-1032,0,4.3,1,0.69,2,0,12,0
6414,ACC-106414,Ibadan,2026-06-23T07:06:45.395Z,AG-1011,2,45.7,0,23.36,0,0,18,0
6415,ACC-106415,Port Harcourt,2026-08-09T07:06:45.395Z,AG-1035,3,33.8,0,19.11,0,0,6,0
6416,ACC-106416,Ibadan,2026-07-22T07:06:45.395Z,AG-1006,4,0,0,15.54,0,0,17,0
6417,ACC-106417,Port Harcourt,2026-07-20T07:06:45.395Z,AG-1015,2,158.8,1,1.34,6,429715,2,1
6418,ACC-106418,Ibadan,2026-07-28T07:06:45.395Z,AG-1032,1,15.2,1,8.97,0,0,20,0
6419,ACC-106419,Ibadan,2026-07-16T07:06:45.395Z,AG-1038,1,31.3,1,14.43,0,0,9,0
6420,ACC-106420,Ibadan,2026-07-14T07:06:45.395Z,AG-1035,1,50,1,0,0,0,21,0
6421,ACC-106421,Abuja,2026-06-11T07:06:45.395Z,AG-1039,2,0,0,22.87,1,0,9,0
6422,ACC-106422,Port Harcourt,2026-08-20T07:06:45.395Z,AG-1009,3,36.2,1,18.35,0,6867,7,0
6423,ACC-106423,Abuja,2026-07-26T07:06:45.395Z,AG-1004,1,0,0,10.41,2,21518,6,0
6424,ACC-106424,Ibadan,2026-06-07T07:06:45.395Z,AG-1023,5,46.9,0,7.86,1,0,15,0
6425,ACC-106425,Lagos,2026-07-07T07:06:45.395Z,AG-1030,1,2.3,1,13.73,0,0,16,0
6426,ACC-106426,Ibadan,2026-07-24T07:06:45.395Z,AG-1020,2,31.1,0,5.95,1,0,7,0
6427,ACC-106427,Ibadan,2026-07-13T07:06:45.395Z,AG-1016,1,0,0,15.97,2,0,8,0
6428,ACC-106428,Abuja,2026-07-14T07:06:45.395Z,AG-1002,0,16.3,0,16.53,0,8113,11,0
6429,ACC-106429,Lagos,2026-08-14T07:06:45.395Z,AG-1030,5,20.2,1,23.88,0,0,15,0
6430,ACC-106430,Ibadan,2026-08-17T07:06:45.395Z,AG-1009,3,0,0,19.99,0,0,19,0
6431,ACC-106431,Kano,2026-06-20T07:06:45.395Z,AG-1018,2,17.1,1,14.34,0,0,16,0
6432,ACC-106432,Lagos,2026-08-13T07:06:45.395Z,AG-1011,0,28.5,1,15.42,0,0,16,0
6433,ACC-106433,Ibadan,2026-06-15T07:06:45.395Z,AG-1012,0,2.9,0,0,0,0,16,0
6434,ACC-106434,Lagos,2026-08-29T07:06:45.395Z,AG-1011,1,0,0,0,1,11766,9,0
6435,ACC-106435,Port Harcourt,2026-09-01T07:06:45.395Z,AG-1033,3,15.4,0,25.54,1,0,7,0
6436,ACC-106436,Ibadan,2026-08-30T07:06:45.395Z,AG-1037,3,20.4,1,1.1,6,510484,1,1
6437,ACC-106437,Port Harcourt,2026-06-29T07:06:45.395Z,AG-1018,1,21.3,1,10.29,3,0,10,0
6438,ACC-106438,Lagos,2026-08-17T07:06:45.395Z,AG-1030,1,4.1,0,28.71,0,7432,17,0
6439,ACC-106439,Port Harcourt,2026-07-18T07:06:45.395Z,AG-1036,1,16.5,0,21.04,1,0,8,0
6440,ACC-106440,Lagos,2026-08-13T07:06:45.395Z,AG-1017,0,24.7,0,38.42,0,15116,20,0
6441,ACC-106441,Kano,2026-06-10T07:06:45.395Z,AG-1001,2,46.6,1,0,1,2109,12,0
6442,ACC-106442,Lagos,2026-08-31T07:06:45.395Z,AG-1039,1,20.3,0,0,0,0,6,0
6443,ACC-106443,Ibadan,2026-07-06T07:06:45.395Z,AG-1033,2,0,1,25.97,0,0,11,0
6444,ACC-106444,Lagos,2026-07-05T07:06:45.395Z,AG-1019,2,22.1,0,7.35,0,6940,6,0
6445,ACC-106445,Port Harcourt,2026-06-23T07:06:45.395Z,AG-1030,0,64.2,1,20.18,1,0,16,0
6446,ACC-106446,Lagos,2026-08-19T07:06:45.395Z,AG-1008,1,39.3,0,0.6,1,2527,16,0
6447,ACC-106447,Lagos,2026-06-27T07:06:45.395Z,AG-1031,0,16,1,35.73,2,0,10,0
6448,ACC-106448,Kano,2026-08-04T07:06:45.395Z,AG-1035,0,5.8,0,28.06,0,25663,15,0
6449,ACC-106449,Abuja,2026-07-20T07:06:45.395Z,AG-1011,1,17.8,1,0.72,0,10311,16,0
6450,ACC-106450,Lagos,2026-07-01T07:06:45.395Z,AG-1002,1,27,0,11.41,0,0,14,0
6451,ACC-106451,Ibadan,2026-08-01T07:06:45.395Z,AG-1004,0,30.1,0,4.88,1,0,17,0
6452,ACC-106452,Kano,2026-06-08T07:06:45.395Z,AG-1015,7,460.9,1,1.37,5,375966,10,1
6453,ACC-106453,Lagos,2026-09-03T07:06:45.395Z,AG-1022,3,106.5,1,0.84,4,456520,0,1
6454,ACC-106454,Lagos,2026-06-15T07:06:45.395Z,AG-1035,2,36.5,0,8.11,0,7132,6,0
6455,ACC-106455,Lagos,2026-08-12T07:06:45.395Z,AG-1000,2,0,0,5.16,0,0,6,0
6456,ACC-106456,Ibadan,2026-07-29T07:06:45.395Z,AG-1022,3,13.5,0,28.85,0,0,12,0
6457,ACC-106457,Abuja,2026-08-15T07:06:45.395Z,AG-1021,5,19.5,1,11.96,1,0,10,0
6458,ACC-106458,Kano,2026-06-19T07:06:45.395Z,AG-1011,0,6.7,0,1.96,0,19283,8,0
6459,ACC-106459,Ibadan,2026-08-22T07:06:45.395Z,AG-1020,2,23.4,0,0,0,15204,11,0
6460,ACC-106460,Kano,2026-07-31T07:06:45.395Z,AG-1016,1,0,1,20.33,0,0,10,0
6461,ACC-106461,Kano,2026-07-30T07:06:45.395Z,AG-1021,1,12.4,1,25.45,1,0,8,0
6462,ACC-106462,Port Harcourt,2026-08-09T07:06:45.395Z,AG-1012,2,8.4,0,4.14,1,5273,15,0
6463,ACC-106463,Port Harcourt,2026-07-15T07:06:45.395Z,AG-1010,4,26.2,1,17.9,0,0,18,0
6464,ACC-106464,Port Harcourt,2026-07-20T07:06:45.395Z,AG-1027,0,0,0,15.91,0,0,6,0
6465,ACC-106465,Abuja,2026-08-02T07:06:45.395Z,AG-1013,2,5.5,1,14.4,0,0,21,0
6466,ACC-106466,Abuja,2026-07-28T07:06:45.395Z,AG-1017,2,0,0,20.6,0,0,9,0
6467,ACC-106467,Ibadan,2026-07-18T07:06:45.395Z,AG-1022,1,12.9,0,15.43,1,0,22,0
6468,ACC-106468,Abuja,2026-07-19T07:06:45.395Z,AG-1013,0,19.9,1,3.72,1,0,7,0
6469,ACC-106469,Abuja,2026-06-06T07:06:45.395Z,AG-1029,0,0.7,1,29.46,0,1300,22,0
6470,ACC-106470,Abuja,2026-06-23T07:06:45.395Z,AG-1004,2,24.2,0,21.43,0,0,22,0
6471,ACC-106471,Ibadan,2026-07-18T07:06:45.395Z,AG-1026,2,35.6,0,3.46,0,0,14,0
6472,ACC-106472,Port Harcourt,2026-08-16T07:06:45.395Z,AG-1027,2,31.4,0,14.66,1,12790,7,0
6473,ACC-106473,Abuja,2026-07-31T07:06:45.395Z,AG-1004,0,0,1,6.77,0,0,19,0
6474,ACC-106474,Abuja,2026-06-06T07:06:45.395Z,AG-1037,3,6.5,1,14.59,1,10124,16,0
6475,ACC-106475,Kano,2026-07-12T07:06:45.395Z,AG-1033,0,35.8,0,16.22,2,0,14,0
6476,ACC-106476,Ibadan,2026-07-02T07:06:45.395Z,AG-1036,2,61.4,0,30.5,0,0,19,0
6477,ACC-106477,Lagos,2026-06-12T07:06:45.395Z,AG-1019,2,78.7,1,7.42,0,0,13,0
6478,ACC-106478,Abuja,2026-07-30T07:06:45.395Z,AG-1014,0,36.3,1,34.37,1,0,21,0
6479,ACC-106479,Lagos,2026-08-31T07:06:45.395Z,AG-1000,1,4.9,0,6.81,0,0,13,0
6480,ACC-106480,Kano,2026-06-27T07:06:45.395Z,AG-1029,3,0,0,36.58,2,0,9,0
6481,ACC-106481,Ibadan,2026-06-30T07:06:45.395Z,AG-1027,1,31.8,0,13.01,0,0,14,0
6482,ACC-106482,Kano,2026-07-03T07:06:45.395Z,AG-1005,0,0,0,20.32,1,0,12,0
6483,ACC-106483,Abuja,2026-07-04T07:06:45.395Z,AG-1029,2,13.7,1,1.46,0,0,15,0
6484,ACC-106484,Abuja,2026-07-08T07:06:45.395Z,AG-1005,1,0,0,19.61,0,0,18,0
6485,ACC-106485,Port Harcourt,2026-07-16T07:06:45.395Z,AG-1017,0,29.9,0,31.03,0,22041,16,0
6486,ACC-106486,Abuja,2026-08-27T07:06:45.395Z,AG-1016,1,7.4,0,4.77,0,0,18,0
6487,ACC-106487,Abuja,2026-07-10T07:06:45.395Z,AG-1007,5,16.5,0,3.64,1,0,16,0
6488,ACC-106488,Lagos,2026-07-03T07:06:45.395Z,AG-1024,4,6.4,0,11.24,0,30173,21,0
6489,ACC-106489,Port Harcourt,2026-07-31T07:06:45.395Z,AG-1008,2,14.6,0,3.38,1,0,8,0
6490,ACC-106490,Lagos,2026-08-05T07:06:45.395Z,AG-1016,2,34.3,1,10.13,2,0,22,0
6491,ACC-106491,Lagos,2026-08-22T07:06:45.395Z,AG-1024,2,27.1,0,22.97,0,4996,22,0
6492,ACC-106492,Kano,2026-06-26T07:06:45.395Z,AG-1013,0,28.3,1,14.94,1,0,18,0
6493,ACC-106493,Kano,2026-08-16T07:06:45.395Z,AG-1033,1,5.6,0,21.44,0,0,20,0
6494,ACC-106494,Lagos,2026-08-25T07:06:45.395Z,AG-1032,4,47.3,1,0,1,0,8,0
6495,ACC-106495,Lagos,2026-06-19T07:06:45.395Z,AG-1025,1,56.4,0,17.83,1,11784,13,0
6496,ACC-106496,Lagos,2026-06-18T07:06:45.395Z,AG-1035,6,459.2,1,0,8,37077,3,1
6497,ACC-106497,Abuja,2026-08-20T07:06:45.395Z,AG-1012,3,4.9,0,0,2,0,16,0
6498,ACC-106498,Ibadan,2026-06-27T07:06:45.395Z,AG-1001,2,45,0,0.23,3,0,21,0
6499,ACC-106499,Abuja,2026-06-19T07:06:45.395Z,AG-1030,1,0,0,4.18,1,0,17,0
6500,ACC-106500,Abuja,2026-07-23T07:06:45.395Z,AG-1032,2,0.5,1,28.08,2,7505,12,0
6501,ACC-106501,Kano,2026-07-31T07:06:45.395Z,AG-1008,0,20.2,1,7.36,1,0,7,0
6502,ACC-106502,Abuja,2026-07-14T07:06:45.395Z,AG-1024,1,52.1,1,12.31,0,0,21,0
6503,ACC-106503,Kano,2026-06-19T07:06:45.395Z,AG-1029,3,0,0,7.78,2,0,11,0
6504,ACC-106504,Lagos,2026-07-02T07:06:45.395Z,AG-1001,3,0,0,8.33,0,0,9,0
6505,ACC-106505,Lagos,2026-06-10T07:06:45.395Z,AG-1028,4,29.9,1,7.83,1,0,21,0
6506,ACC-106506,Abuja,2026-08-24T07:06:45.395Z,AG-1021,0,0,0,0.36,1,15047,22,0
6507,ACC-106507,Port Harcourt,2026-08-15T07:06:45.395Z,AG-1006,3,26.6,0,35.49,1,0,6,0
6508,ACC-106508,Port Harcourt,2026-08-25T07:06:45.395Z,AG-1035,1,0,1,14.74,0,22313,21,0
6509,ACC-106509,Kano,2026-06-20T07:06:45.395Z,AG-1020,2,12.9,1,37.38,0,0,11,0
6510,ACC-106510,Ibadan,2026-08-04T07:06:45.395Z,AG-1029,2,26.7,1,0,2,19784,14,0
6511,ACC-106511,Lagos,2026-06-26T07:06:45.395Z,AG-1036,2,26.9,0,12.7,0,15503,20,0
6512,ACC-106512,Abuja,2026-08-15T07:06:45.395Z,AG-1002,15,32.5,1,0.94,4,349257,8,1
6513,ACC-106513,Ibadan,2026-08-08T07:06:45.395Z,AG-1003,1,71.3,0,8.64,2,0,12,0
6514,ACC-106514,Kano,2026-07-05T07:06:45.395Z,AG-1008,1,0,0,30.45,0,15603,20,0
6515,ACC-106515,Lagos,2026-08-21T07:06:45.395Z,AG-1016,2,15.9,1,15.45,0,0,20,0
6516,ACC-106516,Ibadan,2026-07-16T07:06:45.395Z,AG-1017,0,31,1,16.22,1,0,16,0
6517,ACC-106517,Port Harcourt,2026-06-27T07:06:45.395Z,AG-1007,1,12.7,1,17.3,0,0,19,0
6518,ACC-106518,Lagos,2026-07-24T07:06:45.395Z,AG-1004,2,27.9,0,15.08,0,0,14,0
6519,ACC-106519,Port Harcourt,2026-06-26T07:06:45.395Z,AG-1035,1,17.3,0,4.04,0,0,7,0
6520,ACC-106520,Lagos,2026-07-06T07:06:45.395Z,AG-1035,0,50.2,0,29.4,0,0,6,0
6521,ACC-106521,Abuja,2026-06-22T07:06:45.395Z,AG-1032,2,53.8,0,4.48,0,0,12,0
6522,ACC-106522,Kano,2026-07-15T07:06:45.395Z,AG-1014,0,0,0,13.24,0,0,10,0
6523,ACC-106523,Kano,2026-08-05T07:06:45.395Z,AG-1018,3,9.9,0,31.7,1,0,11,0
6524,ACC-106524,Kano,2026-08-27T07:06:45.395Z,AG-1019,0,35.7,0,11.85,0,0,17,0
6525,ACC-106525,Ibadan,2026-07-31T07:06:45.395Z,AG-1003,2,73.6,1,33.98,0,13831,21,0
6526,ACC-106526,Kano,2026-08-05T07:06:45.395Z,AG-1035,1,0,0,16.88,0,0,20,0
6527,ACC-106527,Lagos,2026-07-26T07:06:45.395Z,AG-1017,0,12.1,1,24.04,2,7745,17,0
6528,ACC-106528,Abuja,2026-07-17T07:06:45.395Z,AG-1008,5,303,1,0,4,278128,1,1
6529,ACC-106529,Kano,2026-07-16T07:06:45.395Z,AG-1009,3,22.2,0,28.51,1,0,13,0
6530,ACC-106530,Lagos,2026-07-22T07:06:45.395Z,AG-1018,1,45.7,0,20.45,1,0,18,0
6531,ACC-106531,Kano,2026-06-22T07:06:45.395Z,AG-1025,2,13.7,0,4.65,2,0,6,0
6532,ACC-106532,Lagos,2026-06-25T07:06:45.395Z,AG-1009,1,60,1,4.61,0,8167,10,0
6533,ACC-106533,Ibadan,2026-07-31T07:06:45.395Z,AG-1035,1,4.5,0,19.86,1,0,13,0
6534,ACC-106534,Lagos,2026-06-13T07:06:45.395Z,AG-1036,2,34,1,25.09,0,0,21,0
6535,ACC-106535,Port Harcourt,2026-06-20T07:06:45.395Z,AG-1000,2,31.6,0,14.38,2,0,10,0
6536,ACC-106536,Abuja,2026-08-28T07:06:45.395Z,AG-1023,4,58.2,1,0,0,0,18,0
6537,ACC-106537,Lagos,2026-08-06T07:06:45.395Z,AG-1025,2,0,0,19.4,0,0,18,0
6538,ACC-106538,Ibadan,2026-07-14T07:06:45.395Z,AG-1010,1,31.6,1,26.74,1,0,10,0
6539,ACC-106539,Lagos,2026-06-07T07:06:45.395Z,AG-1019,1,21.1,0,4.77,1,0,7,0
6540,ACC-106540,Port Harcourt,2026-08-19T07:06:45.395Z,AG-1019,2,0,1,25.54,0,8623,22,0
6541,ACC-106541,Port Harcourt,2026-06-10T07:06:45.395Z,AG-1039,0,0,1,6.09,2,14874,9,0
6542,ACC-106542,Ibadan,2026-06-21T07:06:45.395Z,AG-1006,4,26,0,26.03,0,18946,11,0
6543,ACC-106543,Port Harcourt,2026-06-07T07:06:45.395Z,AG-1038,3,34.9,1,27.78,1,28105,10,0
6544,ACC-106544,Ibadan,2026-08-31T07:06:45.395Z,AG-1027,2,100.1,0,18.49,1,0,17,0
6545,ACC-106545,Kano,2026-08-22T07:06:45.395Z,AG-1011,3,15.5,1,0,1,0,13,0
6546,ACC-106546,Ibadan,2026-08-09T07:06:45.395Z,AG-1004,1,16.4,0,9.36,0,0,16,0
6547,ACC-106547,Lagos,2026-07-04T07:06:45.395Z,AG-1012,0,26.3,0,14.23,0,0,15,0
6548,ACC-106548,Abuja,2026-07-20T07:06:45.395Z,AG-1016,0,31.3,0,5.15,2,24286,6,0
6549,ACC-106549,Lagos,2026-07-12T07:06:45.395Z,AG-1014,2,19.3,0,26.05,0,11707,20,0
6550,ACC-106550,Port Harcourt,2026-07-17T07:06:45.395Z,AG-1003,0,5.1,0,20.74,1,0,20,0
6551,ACC-106551,Abuja,2026-08-11T07:06:45.395Z,AG-1003,0,0,1,1.23,0,0,9,0
6552,ACC-106552,Abuja,2026-06-16T07:06:45.395Z,AG-1003,3,0,0,13.93,0,0,21,0
6553,ACC-106553,Abuja,2026-07-16T07:06:45.395Z,AG-1000,2,42.1,0,19.47,0,19759,12,0
6554,ACC-106554,Ibadan,2026-08-03T07:06:45.395Z,AG-1029,0,13.8,1,0,0,8740,14,0
6555,ACC-106555,Lagos,2026-08-21T07:06:45.395Z,AG-1022,2,8.1,1,17.53,0,0,14,0
6556,ACC-106556,Abuja,2026-08-25T07:06:45.395Z,AG-1005,2,9.6,0,20.5,1,0,18,0
6557,ACC-106557,Port Harcourt,2026-08-31T07:06:45.395Z,AG-1032,0,0,1,23.3,0,0,11,0
6558,ACC-106558,Kano,2026-08-24T07:06:45.395Z,AG-1011,0,0,0,14.23,0,0,12,0
6559,ACC-106559,Port Harcourt,2026-06-07T07:06:45.395Z,AG-1038,1,45.9,0,21.91,1,0,6,0
6560,ACC-106560,Port Harcourt,2026-08-12T07:06:45.395Z,AG-1017,0,11.4,0,16.5,2,0,9,0
6561,ACC-106561,Ibadan,2026-07-05T07:06:45.395Z,AG-1029,2,143.8,0,32.51,1,0,11,0
6562,ACC-106562,Port Harcourt,2026-06-26T07:06:45.395Z,AG-1004,2,7.1,1,26.18,0,0,11,0
6563,ACC-106563,Kano,2026-08-18T07:06:45.395Z,AG-1003,14,252.7,1,0,1,358220,17,1
6564,ACC-106564,Kano,2026-07-06T07:06:45.395Z,AG-1039,4,33.5,1,0,1,0,22,0
6565,ACC-106565,Ibadan,2026-08-11T07:06:45.395Z,AG-1029,2,22.6,1,23.92,0,0,12,0
6566,ACC-106566,Ibadan,2026-07-26T07:06:45.395Z,AG-1024,1,0,0,3.86,3,0,10,0
6567,ACC-106567,Abuja,2026-08-18T07:06:45.395Z,AG-1012,4,0,1,21.44,0,0,22,0
6568,ACC-106568,Port Harcourt,2026-08-15T07:06:45.395Z,AG-1035,3,2.8,1,27.75,0,0,15,0
6569,ACC-106569,Lagos,2026-07-04T07:06:45.395Z,AG-1025,2,47.3,1,5.49,0,0,14,0
6570,ACC-106570,Abuja,2026-07-13T07:06:45.395Z,AG-1027,4,0,0,14.27,0,0,15,0
6571,ACC-106571,Kano,2026-07-12T07:06:45.395Z,AG-1029,3,0,0,22.41,1,0,8,0
6572,ACC-106572,Kano,2026-07-06T07:06:45.395Z,AG-1000,1,17.2,0,36.48,2,0,18,0
6573,ACC-106573,Lagos,2026-08-28T07:06:45.395Z,AG-1012,9,423.4,1,0,3,0,17,1
6574,ACC-106574,Kano,2026-08-13T07:06:45.395Z,AG-1003,2,22.8,0,10.91,1,5235,10,0
6575,ACC-106575,Abuja,2026-08-11T07:06:45.395Z,AG-1025,2,0,0,11.86,2,0,17,0
6576,ACC-106576,Kano,2026-07-20T07:06:45.395Z,AG-1011,0,35.2,0,0,0,0,9,0
6577,ACC-106577,Lagos,2026-08-07T07:06:45.395Z,AG-1001,0,25.4,0,8.75,0,0,18,0
6578,ACC-106578,Port Harcourt,2026-07-02T07:06:45.395Z,AG-1015,0,22,1,22.43,1,2081,9,0
6579,ACC-106579,Port Harcourt,2026-07-20T07:06:45.395Z,AG-1021,1,10.6,1,15.05,1,0,15,0
6580,ACC-106580,Kano,2026-07-12T07:06:45.395Z,AG-1007,1,34.5,0,9.9,1,0,9,0
6581,ACC-106581,Ibadan,2026-08-12T07:06:45.395Z,AG-1014,3,48.3,0,14.78,1,0,15,0
6582,ACC-106582,Abuja,2026-08-17T07:06:45.395Z,AG-1037,3,19.1,0,14.73,1,0,15,0
6583,ACC-106583,Ibadan,2026-08-28T07:06:45.395Z,AG-1008,2,45,1,13.25,2,0,13,0
6584,ACC-106584,Port Harcourt,2026-07-20T07:06:45.395Z,AG-1021,3,52.2,1,32.62,0,8947,10,0
6585,ACC-106585,Port Harcourt,2026-08-25T07:06:45.395Z,AG-1006,3,15.5,1,20.7,0,0,7,0
6586,ACC-106586,Abuja,2026-07-14T07:06:45.395Z,AG-1016,5,1.2,0,22.96,0,20540,21,0
6587,ACC-106587,Ibadan,2026-07-07T07:06:45.395Z,AG-1023,0,41.2,0,14.88,0,0,6,0
6588,ACC-106588,Abuja,2026-06-21T07:06:45.395Z,AG-1028,0,14.8,0,0,1,21559,22,0
6589,ACC-106589,Ibadan,2026-07-29T07:06:45.395Z,AG-1025,2,20.2,0,9.65,0,21937,20,0
6590,ACC-106590,Ibadan,2026-08-29T07:06:45.395Z,AG-1010,3,15.8,1,2.31,2,0,15,0
6591,ACC-106591,Kano,2026-07-21T07:06:45.395Z,AG-1023,1,26.7,1,23.33,1,4982,10,0
6592,ACC-106592,Kano,2026-08-13T07:06:45.395Z,AG-1021,1,13.6,0,9.83,0,8973,9,0
6593,ACC-106593,Kano,2026-08-23T07:06:45.395Z,AG-1024,0,46.4,0,21.59,2,23075,12,0
6594,ACC-106594,Port Harcourt,2026-06-11T07:06:45.395Z,AG-1033,3,184.5,1,1.14,3,0,5,1
6595,ACC-106595,Ibadan,2026-07-07T07:06:45.395Z,AG-1009,2,81.5,1,17.79,2,18354,16,0
6596,ACC-106596,Lagos,2026-06-17T07:06:45.395Z,AG-1003,0,10.9,0,10.68,1,0,7,0
6597,ACC-106597,Abuja,2026-07-10T07:06:45.395Z,AG-1009,3,12.8,0,0,1,0,12,0
6598,ACC-106598,Port Harcourt,2026-08-24T07:06:45.395Z,AG-1027,2,27.4,0,0,0,5868,9,0
6599,ACC-106599,Ibadan,2026-09-04T07:06:45.395Z,AG-1032,1,0,0,34.11,1,0,14,0
6600,ACC-106600,Port Harcourt,2026-07-30T07:06:45.395Z,AG-1036,2,0,0,17.11,0,0,14,0
6601,ACC-106601,Port Harcourt,2026-07-07T07:06:45.395Z,AG-1023,3,7.6,0,0.52,1,0,19,0
6602,ACC-106602,Kano,2026-06-28T07:06:45.395Z,AG-1025,3,8.3,0,19.77,0,0,16,0
6603,ACC-106603,Kano,2026-07-16T07:06:45.395Z,AG-1003,3,0,0,18.88,1,23701,18,0
6604,ACC-106604,Ibadan,2026-08-13T07:06:45.395Z,AG-1019,0,12,1,8.05,2,0,15,0
6605,ACC-106605,Abuja,2026-07-16T07:06:45.395Z,AG-1030,2,5.7,1,29.72,0,0,8,0
6606,ACC-106606,Ibadan,2026-08-20T07:06:45.395Z,AG-1004,1,32,0,10.46,0,11648,7,0
6607,ACC-106607,Lagos,2026-08-06T07:06:45.395Z,AG-1008,1,77.3,0,7.22,0,0,15,0
6608,ACC-106608,Lagos,2026-07-06T07:06:45.395Z,AG-1013,1,14.1,0,15.1,1,0,9,0
6609,ACC-106609,Kano,2026-07-05T07:06:45.395Z,AG-1005,0,64.3,1,18.04,0,0,14,0
6610,ACC-106610,Lagos,2026-08-10T07:06:45.395Z,AG-1031,3,46.3,1,12.11,0,0,13,0
6611,ACC-106611,Kano,2026-06-09T07:06:45.395Z,AG-1003,3,18.4,0,10.26,1,14766,18,0
6612,ACC-106612,Lagos,2026-07-20T07:06:45.395Z,AG-1026,0,30.5,0,17.3,1,17690,21,0
6613,ACC-106613,Port Harcourt,2026-06-26T07:06:45.395Z,AG-1026,0,29,0,13.31,0,0,9,0
6614,ACC-106614,Port Harcourt,2026-07-03T07:06:45.395Z,AG-1010,1,34.6,1,15.54,1,22980,18,0
6615,ACC-106615,Lagos,2026-06-16T07:06:45.395Z,AG-1006,0,0,0,19.03,2,11358,14,0
6616,ACC-106616,Kano,2026-08-20T07:06:45.395Z,AG-1017,4,34.3,0,23.64,1,0,21,0
6617,ACC-106617,Kano,2026-07-16T07:06:45.395Z,AG-1008,1,20.8,1,23.92,1,0,22,0
6618,ACC-106618,Kano,2026-06-15T07:06:45.395Z,AG-1037,3,7.1,0,21.72,1,0,14,0
6619,ACC-106619,Port Harcourt,2026-07-10T07:06:45.395Z,AG-1002,3,0,1,8.8,1,0,18,0
6620,ACC-106620,Abuja,2026-08-23T07:06:45.395Z,AG-1001,13,81.7,1,0,5,493098,20,1
6621,ACC-106621,Lagos,2026-07-03T07:06:45.395Z,AG-1029,3,7.1,1,5.02,1,6595,14,0
6622,ACC-106622,Lagos,2026-06-27T07:06:45.395Z,AG-1027,0,43.7,0,0,0,0,6,0
6623,ACC-106623,Ibadan,2026-08-07T07:06:45.395Z,AG-1024,1,46.6,0,16.42,0,0,15,0
6624,ACC-106624,Port Harcourt,2026-06-19T07:06:45.395Z,AG-1021,1,35.8,1,3.19,0,0,10,0
6625,ACC-106625,Ibadan,2026-07-07T07:06:45.395Z,AG-1037,1,35.3,1,2.97,1,0,11,0
6626,ACC-106626,Port Harcourt,2026-07-26T07:06:45.395Z,AG-1007,2,20.8,0,6.27,0,0,9,0
6627,ACC-106627,Kano,2026-08-12T07:06:45.395Z,AG-1010,0,69.2,0,34.99,1,0,17,0
6628,ACC-106628,Ibadan,2026-08-11T07:06:45.395Z,AG-1019,0,38.1,0,27.62,1,13021,20,0
6629,ACC-106629,Kano,2026-08-07T07:06:45.395Z,AG-1027,1,18.9,1,0,2,11351,8,0
6630,ACC-106630,Ibadan,2026-07-30T07:06:45.395Z,AG-1016,2,36.9,0,12.82,0,0,15,0
6631,ACC-106631,Lagos,2026-09-03T07:06:45.395Z,AG-1039,1,23.9,0,0,3,13456,6,0
6632,ACC-106632,Port Harcourt,2026-08-05T07:06:45.395Z,AG-1014,0,0,1,0,1,0,21,0
6633,ACC-106633,Ibadan,2026-07-10T07:06:45.395Z,AG-1008,0,23.4,0,0,1,0,7,0
6634,ACC-106634,Lagos,2026-08-16T07:06:45.395Z,AG-1004,3,16.7,0,17.47,0,0,6,0
6635,ACC-106635,Abuja,2026-08-07T07:06:45.395Z,AG-1013,0,49.6,1,32.3,0,0,18,0
6636,ACC-106636,Lagos,2026-07-01T07:06:45.395Z,AG-1015,0,13.3,0,27.24,1,0,11,0
6637,ACC-106637,Abuja,2026-07-09T07:06:45.395Z,AG-1026,1,15.3,0,14.13,1,0,20,0
6638,ACC-106638,Ibadan,2026-06-12T07:06:45.395Z,AG-1025,1,8,1,13.68,0,0,16,0
6639,ACC-106639,Lagos,2026-06-12T07:06:45.395Z,AG-1001,1,13.9,0,1.69,2,0,21,0
6640,ACC-106640,Kano,2026-08-01T07:06:45.395Z,AG-1008,1,10.5,0,13.1,0,0,11,0
6641,ACC-106641,Lagos,2026-09-03T07:06:45.395Z,AG-1039,1,35.4,0,26.92,0,0,15,0
6642,ACC-106642,Port Harcourt,2026-08-24T07:06:45.395Z,AG-1038,3,4.6,1,10.11,2,12140,21,0
6643,ACC-106643,Lagos,2026-08-13T07:06:45.395Z,AG-1027,4,0,0,13.75,1,0,16,0
6644,ACC-106644,Abuja,2026-07-28T07:06:45.395Z,AG-1037,2,10.7,0,2.67,0,17186,18,0
6645,ACC-106645,Abuja,2026-07-13T07:06:45.395Z,AG-1008,0,34.4,1,12.33,2,0,16,0
6646,ACC-106646,Ibadan,2026-08-29T07:06:45.395Z,AG-1001,2,24.7,1,11.45,0,0,15,0
6647,ACC-106647,Abuja,2026-06-14T07:06:45.395Z,AG-1017,0,48.6,0,6.97,0,0,15,0
6648,ACC-106648,Lagos,2026-06-28T07:06:45.395Z,AG-1001,1,40.3,0,10.66,0,5049,8,0
6649,ACC-106649,Abuja,2026-06-28T07:06:45.395Z,AG-1005,0,58.2,0,23.9,0,0,16,0
6650,ACC-106650,Abuja,2026-08-10T07:06:45.395Z,AG-1002,3,51.5,0,10.12,0,12795,10,0
6651,ACC-106651,Kano,2026-06-18T07:06:45.395Z,AG-1032,2,3.8,1,10.63,0,0,19,0
6652,ACC-106652,Ibadan,2026-06-20T07:06:45.395Z,AG-1002,2,5.4,0,2.39,2,10879,19,0
6653,ACC-106653,Port Harcourt,2026-07-20T07:06:45.395Z,AG-1018,2,28.7,0,9.56,3,0,6,0
6654,ACC-106654,Lagos,2026-08-18T07:06:45.395Z,AG-1013,3,6.3,0,14.51,0,0,22,0
6655,ACC-106655,Port Harcourt,2026-09-01T07:06:45.395Z,AG-1016,2,4.4,1,0,1,9682,19,0
6656,ACC-106656,Kano,2026-06-29T07:06:45.395Z,AG-1037,1,20,0,0,1,0,10,0
6657,ACC-106657,Kano,2026-08-20T07:06:45.395Z,AG-1034,1,6.7,0,12.19,2,0,11,0
6658,ACC-106658,Lagos,2026-06-19T07:06:45.395Z,AG-1007,2,37.8,0,17.08,1,0,7,0
6659,ACC-106659,Kano,2026-08-05T07:06:45.395Z,AG-1002,1,0,0,11.9,0,0,16,0
6660,ACC-106660,Lagos,2026-07-01T07:06:45.395Z,AG-1032,0,15.1,0,29.11,1,0,11,0
6661,ACC-106661,Kano,2026-07-30T07:06:45.395Z,AG-1015,6,554,1,0,7,313997,2,1
6662,ACC-106662,Ibadan,2026-06-19T07:06:45.395Z,AG-1035,0,11.9,0,23.43,3,0,8,0
6663,ACC-106663,Port Harcourt,2026-08-12T07:06:45.395Z,AG-1039,4,86.5,0,18.55,1,0,6,0
6664,ACC-106664,Abuja,2026-08-24T07:06:45.395Z,AG-1012,4,0,0,10.97,3,0,18,0
6665,ACC-106665,Ibadan,2026-08-20T07:06:45.395Z,AG-1014,1,33.1,0,8.95,1,10825,9,0
6666,ACC-106666,Lagos,2026-07-05T07:06:45.395Z,AG-1000,1,5,0,11.06,0,0,16,0
6667,ACC-106667,Kano,2026-06-07T07:06:45.395Z,AG-1036,2,6.9,1,28.08,1,15502,16,0
6668,ACC-106668,Lagos,2026-06-11T07:06:45.395Z,AG-1037,1,0,0,30.22,0,0,13,0
6669,ACC-106669,Ibadan,2026-08-10T07:06:45.395Z,AG-1006,2,6.7,0,15.14,1,0,6,0
6670,ACC-106670,Kano,2026-07-21T07:06:45.395Z,AG-1037,2,33.3,0,9.28,0,0,8,0
6671,ACC-106671,Abuja,2026-06-18T07:06:45.395Z,AG-1012,0,0,0,3.78,2,0,14,0
6672,ACC-106672,Abuja,2026-07-30T07:06:45.395Z,AG-1015,1,20,0,7.02,0,0,20,0
6673,ACC-106673,Kano,2026-06-13T07:06:45.395Z,AG-1037,2,55,0,13.61,1,0,6,0
6674,ACC-106674,Kano,2026-08-05T07:06:45.395Z,AG-1026,6,234.1,1,2.58,3,459563,3,1
6675,ACC-106675,Port Harcourt,2026-06-20T07:06:45.395Z,AG-1022,2,0,0,39.29,0,3074,13,0
6676,ACC-106676,Port Harcourt,2026-06-07T07:06:45.395Z,AG-1010,4,0,1,0,0,0,22,0
6677,ACC-106677,Port Harcourt,2026-08-27T07:06:45.395Z,AG-1029,2,21.9,0,46.51,0,0,20,0
6678,ACC-106678,Abuja,2026-06-26T07:06:45.395Z,AG-1005,3,0,1,11.29,1,0,17,0
6679,ACC-106679,Lagos,2026-07-20T07:06:45.395Z,AG-1038,1,0,0,31.99,0,0,22,0
6680,ACC-106680,Port Harcourt,2026-08-20T07:06:45.395Z,AG-1014,2,22.6,0,7.49,0,24299,12,0
6681,ACC-106681,Ibadan,2026-07-27T07:06:45.395Z,AG-1025,1,20.7,0,30.77,0,0,12,0
6682,ACC-106682,Port Harcourt,2026-08-05T07:06:45.395Z,AG-1005,2,46.2,0,13.1,0,9715,13,0
6683,ACC-106683,Kano,2026-06-09T07:06:45.395Z,AG-1014,2,93.4,0,0,0,0,7,0
6684,ACC-106684,Lagos,2026-08-30T07:06:45.395Z,AG-1036,2,20.1,0,21.52,2,14935,8,0
6685,ACC-106685,Lagos,2026-07-12T07:06:45.395Z,AG-1032,0,1.7,0,6.52,1,0,8,0
6686,ACC-106686,Kano,2026-06-19T07:06:45.395Z,AG-1037,2,10.5,1,9.36,1,0,7,0
6687,ACC-106687,Abuja,2026-08-13T07:06:45.395Z,AG-1012,1,24.6,0,2.51,1,0,8,0
6688,ACC-106688,Kano,2026-08-20T07:06:45.395Z,AG-1038,1,0,0,15.17,1,0,18,0
6689,ACC-106689,Kano,2026-06-15T07:06:45.395Z,AG-1030,0,4.2,0,10.64,3,0,17,0
6690,ACC-106690,Lagos,2026-06-09T07:06:45.395Z,AG-1027,0,22.9,1,15.24,0,0,17,0
6691,ACC-106691,Abuja,2026-06-20T07:06:45.395Z,AG-1032,1,38.4,0,13.68,0,0,6,0
6692,ACC-106692,Kano,2026-07-27T07:06:45.395Z,AG-1015,0,20,0,22.34,1,0,14,0
6693,ACC-106693,Port Harcourt,2026-07-27T07:06:45.395Z,AG-1018,4,11.4,0,32.33,1,0,20,0
6694,ACC-106694,Lagos,2026-06-15T07:06:45.395Z,AG-1009,0,155,0,2.98,2,523424,1,1
6695,ACC-106695,Ibadan,2026-06-21T07:06:45.395Z,AG-1025,3,44,1,10.63,2,0,20,0
6696,ACC-106696,Port Harcourt,2026-07-10T07:06:45.395Z,AG-1023,2,24.3,1,11.43,0,0,11,0
6697,ACC-106697,Lagos,2026-07-20T07:06:45.395Z,AG-1007,3,32,0,23.48,2,0,16,0
6698,ACC-106698,Abuja,2026-06-09T07:06:45.395Z,AG-1001,2,58.7,0,15.6,1,0,10,0
6699,ACC-106699,Port Harcourt,2026-08-20T07:06:45.395Z,AG-1024,0,24.6,0,14.81,1,0,6,0
6700,ACC-106700,Lagos,2026-06-24T07:06:45.395Z,AG-1030,1,52.3,0,9.24,1,0,8,0
6701,ACC-106701,Ibadan,2026-07-01T07:06:45.395Z,AG-1027,0,79.6,0,15.08,0,0,15,0
6702,ACC-106702,Ibadan,2026-07-26T07:06:45.395Z,AG-1026,3,33.6,0,9.13,2,0,6,0
6703,ACC-106703,Ibadan,2026-07-09T07:06:45.395Z,AG-1028,3,19.7,1,9.15,1,0,18,0
6704,ACC-106704,Lagos,2026-08-01T07:06:45.395Z,AG-1008,1,3.4,0,17.87,0,0,10,0
6705,ACC-106705,Kano,2026-07-06T07:06:45.395Z,AG-1007,1,37.7,1,8.77,0,0,7,0
6706,ACC-106706,Port Harcourt,2026-08-27T07:06:45.395Z,AG-1025,1,77.5,1,19.2,1,0,22,0
6707,ACC-106707,Abuja,2026-06-13T07:06:45.395Z,AG-1007,1,8.9,0,0,2,0,18,0
6708,ACC-106708,Abuja,2026-08-12T07:06:45.395Z,AG-1019,3,63.7,0,20.72,1,0,8,0
6709,ACC-106709,Kano,2026-07-06T07:06:45.395Z,AG-1010,4,241.7,1,0.74,5,66234,13,1
6710,ACC-106710,Kano,2026-08-15T07:06:45.395Z,AG-1007,0,92.8,0,26.06,0,0,8,0
6711,ACC-106711,Ibadan,2026-08-13T07:06:45.395Z,AG-1038,1,29.9,0,14.7,0,0,18,0
6712,ACC-106712,Port Harcourt,2026-06-09T07:06:45.395Z,AG-1037,0,15.1,0,36.39,0,0,21,0
6713,ACC-106713,Lagos,2026-07-08T07:06:45.395Z,AG-1031,1,24.5,1,24.03,0,0,16,0
6714,ACC-106714,Lagos,2026-08-11T07:06:45.395Z,AG-1022,3,20.5,1,15.18,1,0,13,0
6715,ACC-106715,Ibadan,2026-06-21T07:06:45.395Z,AG-1016,0,58.9,0,9.54,1,22146,9,0
6716,ACC-106716,Ibadan,2026-08-27T07:06:45.395Z,AG-1004,16,84,1,4.08,3,612531,13,1
6717,ACC-106717,Lagos,2026-07-30T07:06:45.395Z,AG-1039,0,0,0,11.89,2,19325,8,0
6718,ACC-106718,Port Harcourt,2026-08-20T07:06:45.395Z,AG-1018,0,57.4,0,10.22,0,9331,6,0
6719,ACC-106719,Ibadan,2026-08-08T07:06:45.395Z,AG-1022,2,4.2,0,14.7,1,0,15,0
6720,ACC-106720,Abuja,2026-06-11T07:06:45.395Z,AG-1015,0,0,0,21.71,2,5093,14,0
6721,ACC-106721,Lagos,2026-07-27T07:06:45.395Z,AG-1028,0,47.1,1,1.95,0,0,14,0
6722,ACC-106722,Port Harcourt,2026-07-20T07:06:45.395Z,AG-1016,3,0,1,16.96,0,0,6,0
6723,ACC-106723,Abuja,2026-08-20T07:06:45.395Z,AG-1030,1,0,1,1.38,1,640710,1,1
6724,ACC-106724,Ibadan,2026-06-23T07:06:45.395Z,AG-1012,0,0,0,7.89,0,1754,6,0
6725,ACC-106725,Kano,2026-08-14T07:06:45.395Z,AG-1033,0,11.4,0,18.58,2,0,14,0
6726,ACC-106726,Port Harcourt,2026-07-01T07:06:45.395Z,AG-1015,4,13,0,6.62,2,0,11,0
6727,ACC-106727,Lagos,2026-07-27T07:06:45.395Z,AG-1027,1,33.8,0,24.14,1,0,16,0
6728,ACC-106728,Lagos,2026-07-30T07:06:45.395Z,AG-1003,1,2.4,0,34.71,0,13031,12,0
6729,ACC-106729,Ibadan,2026-06-13T07:06:45.395Z,AG-1031,0,27,0,22.44,1,0,11,0
6730,ACC-106730,Port Harcourt,2026-07-07T07:06:45.395Z,AG-1025,0,32.1,0,0,0,0,21,0
6731,ACC-106731,Lagos,2026-07-03T07:06:45.395Z,AG-1017,2,0,0,22.02,1,8430,9,0
6732,ACC-106732,Ibadan,2026-09-02T07:06:45.395Z,AG-1036,0,103.6,0,29.94,0,0,17,0
6733,ACC-106733,Port Harcourt,2026-07-18T07:06:45.395Z,AG-1023,1,26.9,0,0,0,0,19,0
6734,ACC-106734,Ibadan,2026-07-04T07:06:45.395Z,AG-1008,3,0,1,4.13,0,0,15,0
6735,ACC-106735,Kano,2026-07-31T07:06:45.395Z,AG-1006,0,21.1,0,14.79,0,0,21,0
6736,ACC-106736,Port Harcourt,2026-09-01T07:06:45.396Z,AG-1031,0,0,0,27.95,0,0,9,0
6737,ACC-106737,Port Harcourt,2026-06-14T07:06:45.396Z,AG-1000,3,43.2,1,4.36,3,0,19,0
6738,ACC-106738,Kano,2026-07-05T07:06:45.396Z,AG-1009,3,40.3,0,11.35,2,8168,12,0
6739,ACC-106739,Abuja,2026-08-29T07:06:45.396Z,AG-1037,0,13.7,0,6.48,0,0,6,0
6740,ACC-106740,Port Harcourt,2026-08-25T07:06:45.396Z,AG-1023,0,28.1,0,23.51,0,0,22,0
6741,ACC-106741,Lagos,2026-08-15T07:06:45.396Z,AG-1003,1,16.7,1,23.18,0,0,10,0
6742,ACC-106742,Kano,2026-07-22T07:06:45.396Z,AG-1038,2,77,0,15.59,1,0,8,0
6743,ACC-106743,Lagos,2026-08-04T07:06:45.396Z,AG-1008,1,23.6,0,13.37,0,0,8,0
6744,ACC-106744,Ibadan,2026-06-08T07:06:45.396Z,AG-1003,4,0,1,17.63,1,0,9,0
6745,ACC-106745,Lagos,2026-07-02T07:06:45.396Z,AG-1022,1,26.5,0,25.21,0,0,13,0
6746,ACC-106746,Lagos,2026-08-18T07:06:45.396Z,AG-1000,1,23.1,0,6.6,0,0,14,0
6747,ACC-106747,Lagos,2026-07-22T07:06:45.396Z,AG-1027,0,0,1,16.19,1,0,12,0
6748,ACC-106748,Port Harcourt,2026-06-30T07:06:45.396Z,AG-1004,1,60.1,0,15.77,0,0,12,0
6749,ACC-106749,Abuja,2026-07-20T07:06:45.396Z,AG-1039,0,12.3,1,3.93,0,0,16,0
6750,ACC-106750,Kano,2026-07-17T07:06:45.396Z,AG-1039,2,70.1,1,0,0,0,7,0
6751,ACC-106751,Kano,2026-06-18T07:06:45.396Z,AG-1014,2,9.9,0,17,0,0,13,0
6752,ACC-106752,Ibadan,2026-07-31T07:06:45.396Z,AG-1010,0,30.4,1,0,1,14376,19,0
6753,ACC-106753,Lagos,2026-07-16T07:06:45.396Z,AG-1018,0,0,1,25.79,2,0,7,0
6754,ACC-106754,Abuja,2026-07-29T07:06:45.396Z,AG-1025,1,0,0,21.21,2,0,15,0
6755,ACC-106755,Kano,2026-06-12T07:06:45.396Z,AG-1003,1,5.4,1,13.64,0,0,9,0
6756,ACC-106756,Kano,2026-07-17T07:06:45.396Z,AG-1011,3,15.6,0,0.89,0,0,14,0
6757,ACC-106757,Ibadan,2026-06-06T07:06:45.396Z,AG-1013,2,29.5,1,21.81,1,0,21,0
6758,ACC-106758,Abuja,2026-08-05T07:06:45.396Z,AG-1005,0,1.8,1,7.97,1,0,19,0
6759,ACC-106759,Ibadan,2026-08-27T07:06:45.396Z,AG-1001,1,0,0,13,0,0,6,0
6760,ACC-106760,Ibadan,2026-06-27T07:06:45.396Z,AG-1036,2,1.9,0,27.03,1,14908,18,0
6761,ACC-106761,Ibadan,2026-06-23T07:06:45.396Z,AG-1026,0,678.2,1,0.31,5,277631,21,1
6762,ACC-106762,Kano,2026-07-16T07:06:45.396Z,AG-1011,0,43.5,1,6.13,2,0,9,0
6763,ACC-106763,Port Harcourt,2026-07-25T07:06:45.396Z,AG-1015,1,33.1,1,5.15,2,0,7,0
6764,ACC-106764,Lagos,2026-08-17T07:06:45.396Z,AG-1033,2,0,0,10.17,2,0,12,0
6765,ACC-106765,Kano,2026-08-25T07:06:45.396Z,AG-1021,2,49.8,0,17.76,1,0,17,0
6766,ACC-106766,Abuja,2026-08-07T07:06:45.396Z,AG-1012,4,33.1,0,4.61,0,12991,6,0
6767,ACC-106767,Port Harcourt,2026-07-26T07:06:45.396Z,AG-1031,1,29.6,0,24.9,1,0,17,0
6768,ACC-106768,Abuja,2026-08-01T07:06:45.396Z,AG-1008,0,5.8,0,18.49,2,0,7,0
6769,ACC-106769,Lagos,2026-08-07T07:06:45.396Z,AG-1034,3,4.7,1,15.31,0,0,15,0
6770,ACC-106770,Lagos,2026-07-28T07:06:45.396Z,AG-1013,1,13.4,0,5.15,0,0,15,0
6771,ACC-106771,Kano,2026-06-07T07:06:45.396Z,AG-1013,2,15.1,1,26.61,1,10496,16,0
6772,ACC-106772,Lagos,2026-06-22T07:06:45.396Z,AG-1033,2,0.6,0,9.83,0,0,10,0
6773,ACC-106773,Abuja,2026-08-13T07:06:45.396Z,AG-1000,3,32.3,0,0,1,0,11,0
6774,ACC-106774,Ibadan,2026-07-26T07:06:45.396Z,AG-1003,4,0,0,23.32,1,5717,12,0
6775,ACC-106775,Abuja,2026-08-12T07:06:45.396Z,AG-1032,0,2,0,10.96,0,18193,16,0
6776,ACC-106776,Lagos,2026-06-08T07:06:45.396Z,AG-1004,6,13.2,0,19.11,2,3207,14,0
6777,ACC-106777,Lagos,2026-08-26T07:06:45.396Z,AG-1018,2,24.1,1,8.48,2,1128,6,0
6778,ACC-106778,Lagos,2026-06-20T07:06:45.396Z,AG-1007,3,18.2,0,0.36,0,0,21,0
6779,ACC-106779,Ibadan,2026-06-29T07:06:45.396Z,AG-1039,2,9.6,1,14.39,0,0,19,0
6780,ACC-106780,Port Harcourt,2026-07-13T07:06:45.396Z,AG-1004,1,12.8,1,5.33,0,0,6,0
6781,ACC-106781,Kano,2026-06-24T07:06:45.396Z,AG-1009,0,0,0,4.75,0,0,7,0
6782,ACC-106782,Port Harcourt,2026-06-16T07:06:45.396Z,AG-1017,0,0,0,25.97,1,0,11,0
6783,ACC-106783,Port Harcourt,2026-08-07T07:06:45.396Z,AG-1000,3,55,0,25.24,0,0,13,0
6784,ACC-106784,Ibadan,2026-08-20T07:06:45.396Z,AG-1037,2,0,1,15.56,1,0,19,0
6785,ACC-106785,Abuja,2026-07-17T07:06:45.396Z,AG-1003,2,24.7,0,15.41,0,0,14,0
6786,ACC-106786,Kano,2026-08-05T07:06:45.396Z,AG-1023,4,39.6,0,35.77,0,0,15,0
6787,ACC-106787,Abuja,2026-06-10T07:06:45.396Z,AG-1005,3,475.4,1,1.67,2,462865,4,1
6788,ACC-106788,Port Harcourt,2026-06-26T07:06:45.396Z,AG-1024,2,22.2,0,0,1,0,18,0
6789,ACC-106789,Abuja,2026-07-12T07:06:45.396Z,AG-1018,1,10.4,1,36.06,0,0,18,0
6790,ACC-106790,Ibadan,2026-06-23T07:06:45.396Z,AG-1016,0,53.7,0,8.73,1,0,6,0
6791,ACC-106791,Abuja,2026-08-01T07:06:45.396Z,AG-1021,3,46.4,0,5.35,3,0,15,0
6792,ACC-106792,Ibadan,2026-08-14T07:06:45.396Z,AG-1016,2,0,0,29.14,1,0,7,0
6793,ACC-106793,Abuja,2026-08-04T07:06:45.396Z,AG-1000,0,13.6,1,13.79,0,0,22,0
6794,ACC-106794,Port Harcourt,2026-07-31T07:06:45.396Z,AG-1033,1,0,0,13.61,1,0,10,0
6795,ACC-106795,Lagos,2026-08-15T07:06:45.396Z,AG-1004,2,18.7,0,21.18,1,0,10,0
6796,ACC-106796,Ibadan,2026-08-10T07:06:45.396Z,AG-1001,0,48.9,0,14.3,1,0,7,0
6797,ACC-106797,Lagos,2026-08-02T07:06:45.396Z,AG-1027,2,234.6,1,2.11,6,0,4,1
6798,ACC-106798,Abuja,2026-06-28T07:06:45.396Z,AG-1005,3,10.2,0,7.77,0,0,7,0
6799,ACC-106799,Kano,2026-08-13T07:06:45.396Z,AG-1020,2,42.4,1,15.21,1,0,7,0
6800,ACC-106800,Lagos,2026-08-23T07:06:45.396Z,AG-1021,1,2.7,0,3.48,0,0,12,0
6801,ACC-106801,Lagos,2026-07-17T07:06:45.396Z,AG-1006,0,36.7,0,15.9,0,0,16,0
6802,ACC-106802,Ibadan,2026-07-06T07:06:45.396Z,AG-1039,0,3.7,1,24.29,2,0,20,0
6803,ACC-106803,Ibadan,2026-07-29T07:06:45.396Z,AG-1034,3,38.3,0,0,2,13892,8,0
6804,ACC-106804,Port Harcourt,2026-06-25T07:06:45.396Z,AG-1028,2,14.1,1,14.96,1,25812,8,0
6805,ACC-106805,Port Harcourt,2026-08-11T07:06:45.396Z,AG-1021,2,23.8,0,15.99,0,19148,7,0
6806,ACC-106806,Kano,2026-07-18T07:06:45.396Z,AG-1018,0,46.8,0,6.16,0,3910,11,0
6807,ACC-106807,Ibadan,2026-08-20T07:06:45.396Z,AG-1039,3,47.7,1,0,2,0,19,0
6808,ACC-106808,Abuja,2026-07-13T07:06:45.396Z,AG-1010,0,38.6,0,3.79,0,10126,16,0
6809,ACC-106809,Port Harcourt,2026-06-23T07:06:45.396Z,AG-1025,2,49.8,0,1.8,2,0,20,0
6810,ACC-106810,Lagos,2026-08-24T07:06:45.396Z,AG-1029,3,49.1,1,18.73,0,0,10,0
6811,ACC-106811,Abuja,2026-08-30T07:06:45.396Z,AG-1008,1,0,1,4.85,1,0,9,0
6812,ACC-106812,Lagos,2026-08-05T07:06:45.396Z,AG-1025,3,32.6,0,15.65,1,0,6,0
6813,ACC-106813,Port Harcourt,2026-08-26T07:06:45.396Z,AG-1018,0,0.4,1,34.21,0,0,6,0
6814,ACC-106814,Ibadan,2026-06-12T07:06:45.396Z,AG-1000,1,0,0,23.95,1,17642,13,0
6815,ACC-106815,Ibadan,2026-08-31T07:06:45.396Z,AG-1023,4,30.3,0,15.27,1,0,9,0
6816,ACC-106816,Ibadan,2026-07-14T07:06:45.396Z,AG-1023,2,5.8,1,27.76,2,0,17,0
6817,ACC-106817,Port Harcourt,2026-06-15T07:06:45.396Z,AG-1024,2,47.8,1,0,4,279782,5,1
6818,ACC-106818,Port Harcourt,2026-08-23T07:06:45.396Z,AG-1018,2,39.2,1,0,1,2942,10,0
6819,ACC-106819,Port Harcourt,2026-06-13T07:06:45.396Z,AG-1004,0,11.7,0,15.24,0,0,10,0
6820,ACC-106820,Abuja,2026-07-21T07:06:45.396Z,AG-1039,2,0,0,0,0,4006,16,0
6821,ACC-106821,Ibadan,2026-07-25T07:06:45.396Z,AG-1036,2,67.7,1,0,2,0,19,0
6822,ACC-106822,Ibadan,2026-07-24T07:06:45.396Z,AG-1021,0,13.5,0,26.72,0,0,10,0
6823,ACC-106823,Ibadan,2026-07-26T07:06:45.396Z,AG-1030,2,0,0,13.22,0,26673,9,0
6824,ACC-106824,Ibadan,2026-08-05T07:06:45.396Z,AG-1010,2,0,0,15.26,2,0,8,0
6825,ACC-106825,Lagos,2026-08-13T07:06:45.396Z,AG-1007,0,0,0,1.07,2,0,9,0
6826,ACC-106826,Lagos,2026-08-17T07:06:45.396Z,AG-1018,3,0,0,20.39,1,0,17,0
6827,ACC-106827,Ibadan,2026-07-05T07:06:45.396Z,AG-1035,0,44.2,1,0,0,0,12,0
6828,ACC-106828,Port Harcourt,2026-07-22T07:06:45.396Z,AG-1021,0,0,0,12.78,1,0,16,0
6829,ACC-106829,Port Harcourt,2026-08-08T07:06:45.396Z,AG-1002,3,13.1,0,11.79,0,2647,14,0
6830,ACC-106830,Lagos,2026-08-29T07:06:45.396Z,AG-1030,1,0,0,0,1,0,6,0
6831,ACC-106831,Abuja,2026-07-14T07:06:45.396Z,AG-1020,0,1.9,0,28.09,1,0,12,0
6832,ACC-106832,Ibadan,2026-06-15T07:06:45.396Z,AG-1028,2,29.1,0,21.26,2,10761,10,0
6833,ACC-106833,Abuja,2026-07-20T07:06:45.396Z,AG-1031,3,0,0,15.4,1,0,21,0
6834,ACC-106834,Lagos,2026-08-22T07:06:45.396Z,AG-1009,0,27.5,0,13.86,0,0,21,0
6835,ACC-106835,Abuja,2026-06-30T07:06:45.396Z,AG-1014,3,0,0,24.22,0,0,12,0
6836,ACC-106836,Lagos,2026-08-06T07:06:45.396Z,AG-1037,4,41.4,0,6.9,1,0,19,0
6837,ACC-106837,Lagos,2026-07-08T07:06:45.396Z,AG-1004,0,28.3,1,14.9,1,12921,7,0
6838,ACC-106838,Kano,2026-06-15T07:06:45.396Z,AG-1034,0,43.2,0,12.74,2,0,16,0
6839,ACC-106839,Abuja,2026-07-19T07:06:45.396Z,AG-1023,1,68.7,0,16.73,2,10458,9,0
6840,ACC-106840,Port Harcourt,2026-06-15T07:06:45.396Z,AG-1010,3,30.3,1,12.01,1,0,21,0
6841,ACC-106841,Port Harcourt,2026-08-16T07:06:45.396Z,AG-1018,0,12.9,0,11.69,2,0,17,0
6842,ACC-106842,Abuja,2026-08-22T07:06:45.396Z,AG-1023,6,175.5,1,1.72,8,573082,3,1
6843,ACC-106843,Abuja,2026-08-23T07:06:45.396Z,AG-1034,2,56.3,0,12.12,0,0,15,0
6844,ACC-106844,Abuja,2026-07-07T07:06:45.396Z,AG-1007,1,41.8,1,10.07,0,0,10,0
6845,ACC-106845,Abuja,2026-07-23T07:06:45.396Z,AG-1016,5,195.9,1,0,5,144693,12,1
6846,ACC-106846,Abuja,2026-08-23T07:06:45.396Z,AG-1000,2,53.4,0,10.35,1,0,7,0
6847,ACC-106847,Kano,2026-08-27T07:06:45.396Z,AG-1011,4,20.6,1,11.1,1,0,19,0
6848,ACC-106848,Lagos,2026-08-22T07:06:45.396Z,AG-1034,3,85.3,0,26.06,0,0,15,0
6849,ACC-106849,Lagos,2026-07-29T07:06:45.396Z,AG-1010,3,6.2,1,18.07,0,0,16,0
6850,ACC-106850,Ibadan,2026-08-24T07:06:45.396Z,AG-1032,0,10.6,1,14.71,0,0,11,0
6851,ACC-106851,Lagos,2026-07-05T07:06:45.396Z,AG-1016,2,87.4,0,19.76,1,15609,9,0
6852,ACC-106852,Kano,2026-08-23T07:06:45.396Z,AG-1007,0,0,0,10.56,0,2688,9,0
6853,ACC-106853,Port Harcourt,2026-07-27T07:06:45.396Z,AG-1014,0,14.2,0,4.31,3,0,19,0
6854,ACC-106854,Lagos,2026-07-28T07:06:45.396Z,AG-1019,3,0,0,15.64,0,28606,22,0
6855,ACC-106855,Ibadan,2026-06-19T07:06:45.396Z,AG-1024,0,40.5,0,16.5,0,0,18,0
6856,ACC-106856,Abuja,2026-07-31T07:06:45.396Z,AG-1001,0,0,0,11.96,0,0,20,0
6857,ACC-106857,Kano,2026-08-29T07:06:45.396Z,AG-1029,3,31.1,0,21.62,1,0,12,0
6858,ACC-106858,Port Harcourt,2026-08-28T07:06:45.396Z,AG-1027,0,0,0,1.25,2,0,12,0
6859,ACC-106859,Port Harcourt,2026-08-17T07:06:45.396Z,AG-1000,0,28.8,0,2.59,3,0,8,0
6860,ACC-106860,Port Harcourt,2026-08-03T07:06:45.396Z,AG-1036,3,15.7,1,33.87,1,0,7,0
6861,ACC-106861,Port Harcourt,2026-07-21T07:06:45.396Z,AG-1012,3,16.5,0,0,0,0,14,0
6862,ACC-106862,Lagos,2026-07-08T07:06:45.396Z,AG-1028,2,42.1,1,5.19,0,5431,13,0
6863,ACC-106863,Lagos,2026-07-14T07:06:45.396Z,AG-1013,3,5.4,0,20.44,3,17619,21,0
6864,ACC-106864,Lagos,2026-06-18T07:06:45.396Z,AG-1030,0,35.6,1,19.08,0,0,7,0
6865,ACC-106865,Kano,2026-07-19T07:06:45.396Z,AG-1019,3,11.7,0,12.95,0,0,11,0
6866,ACC-106866,Ibadan,2026-06-12T07:06:45.396Z,AG-1012,0,0,0,9.92,0,0,8,0
6867,ACC-106867,Port Harcourt,2026-06-18T07:06:45.396Z,AG-1008,3,26.6,0,2.85,0,0,7,0
6868,ACC-106868,Kano,2026-06-25T07:06:45.396Z,AG-1024,4,0,1,38.66,0,0,19,0
6869,ACC-106869,Kano,2026-06-21T07:06:45.396Z,AG-1010,1,33.4,1,14.18,1,0,8,0
6870,ACC-106870,Lagos,2026-08-14T07:06:45.396Z,AG-1032,0,0,1,8.1,0,0,7,0
6871,ACC-106871,Abuja,2026-07-10T07:06:45.396Z,AG-1037,0,12.8,0,17.92,2,0,13,0
6872,ACC-106872,Kano,2026-06-17T07:06:45.396Z,AG-1010,0,72.1,0,9.34,0,0,10,0
6873,ACC-106873,Kano,2026-06-26T07:06:45.396Z,AG-1031,0,4.1,0,10.22,1,12393,13,0
6874,ACC-106874,Abuja,2026-07-07T07:06:45.396Z,AG-1026,3,27.8,0,17.53,0,0,6,0
6875,ACC-106875,Port Harcourt,2026-08-10T07:06:45.396Z,AG-1018,1,0,0,14.34,0,0,19,0
6876,ACC-106876,Lagos,2026-09-04T07:06:45.396Z,AG-1019,3,1.8,0,10.7,0,0,7,0
6877,ACC-106877,Lagos,2026-07-04T07:06:45.396Z,AG-1015,3,14.5,0,5.74,1,0,13,0
6878,ACC-106878,Port Harcourt,2026-07-29T07:06:45.396Z,AG-1036,0,44.8,0,12.43,0,0,10,0
6879,ACC-106879,Port Harcourt,2026-07-17T07:06:45.396Z,AG-1012,1,0,0,28.64,2,23625,16,0
6880,ACC-106880,Ibadan,2026-08-16T07:06:45.396Z,AG-1004,2,0,0,38.22,3,0,18,0
6881,ACC-106881,Port Harcourt,2026-06-19T07:06:45.396Z,AG-1028,2,18.5,1,0,0,0,21,0
6882,ACC-106882,Abuja,2026-06-26T07:06:45.396Z,AG-1036,2,2.9,0,22.72,1,0,19,0
6883,ACC-106883,Lagos,2026-07-14T07:06:45.396Z,AG-1018,4,34.6,1,9.18,0,0,15,0
6884,ACC-106884,Kano,2026-08-10T07:06:45.396Z,AG-1035,1,10.7,0,33.41,0,0,10,0
6885,ACC-106885,Lagos,2026-08-27T07:06:45.396Z,AG-1036,1,7.8,0,20.53,2,0,15,0
6886,ACC-106886,Port Harcourt,2026-06-28T07:06:45.396Z,AG-1027,7,268.1,1,2.64,4,668074,17,1
6887,ACC-106887,Abuja,2026-06-17T07:06:45.396Z,AG-1038,2,3.3,0,10.85,2,11904,6,0
6888,ACC-106888,Kano,2026-07-15T07:06:45.396Z,AG-1013,0,0,0,23.78,1,0,8,0
6889,ACC-106889,Kano,2026-07-28T07:06:45.396Z,AG-1032,0,28.1,0,8.81,0,0,13,0
6890,ACC-106890,Ibadan,2026-06-07T07:06:45.396Z,AG-1011,2,23.5,0,12.78,0,0,6,0
6891,ACC-106891,Port Harcourt,2026-07-06T07:06:45.396Z,AG-1027,3,42.6,0,14.87,1,0,9,0
6892,ACC-106892,Lagos,2026-07-30T07:06:45.396Z,AG-1016,1,50.1,1,0.7,5,538915,14,1
6893,ACC-106893,Abuja,2026-06-14T07:06:45.396Z,AG-1016,4,38.9,1,1.04,1,0,8,0
6894,ACC-106894,Kano,2026-06-21T07:06:45.396Z,AG-1015,0,10.8,1,25.55,0,0,8,0
6895,ACC-106895,Abuja,2026-06-11T07:06:45.396Z,AG-1035,3,39.5,1,21.54,2,0,7,0
6896,ACC-106896,Ibadan,2026-06-17T07:06:45.396Z,AG-1006,1,44.4,1,16.66,2,0,13,0
6897,ACC-106897,Abuja,2026-08-22T07:06:45.396Z,AG-1033,0,6.1,0,0,0,1216,11,0
6898,ACC-106898,Port Harcourt,2026-07-03T07:06:45.396Z,AG-1008,1,14,1,9.76,0,0,17,0
6899,ACC-106899,Lagos,2026-08-03T07:06:45.396Z,AG-1003,1,11.1,1,0,1,0,18,0
6900,ACC-106900,Kano,2026-07-05T07:06:45.396Z,AG-1004,1,7.3,1,3.64,1,0,20,0
6901,ACC-106901,Port Harcourt,2026-06-24T07:06:45.396Z,AG-1022,2,3.8,1,19.76,2,0,10,0
6902,ACC-106902,Kano,2026-09-03T07:06:45.396Z,AG-1011,1,19.8,0,19.96,0,0,10,0
6903,ACC-106903,Abuja,2026-06-25T07:06:45.396Z,AG-1022,2,20.2,1,12,1,0,19,0
6904,ACC-106904,Abuja,2026-08-21T07:06:45.396Z,AG-1014,3,42,0,10.04,0,23,6,0
6905,ACC-106905,Lagos,2026-06-30T07:06:45.396Z,AG-1001,4,43.8,1,42.96,1,0,15,0
6906,ACC-106906,Port Harcourt,2026-07-19T07:06:45.396Z,AG-1006,3,0,0,0,0,0,14,0
6907,ACC-106907,Abuja,2026-06-30T07:06:45.396Z,AG-1038,4,49.6,0,8.36,1,0,19,0
6908,ACC-106908,Kano,2026-06-29T07:06:45.396Z,AG-1022,5,3.9,0,13.05,1,0,7,0
6909,ACC-106909,Lagos,2026-07-12T07:06:45.396Z,AG-1021,2,2.5,1,15.59,0,0,16,0
6910,ACC-106910,Ibadan,2026-06-12T07:06:45.396Z,AG-1014,1,17.3,0,22.32,2,0,16,0
6911,ACC-106911,Lagos,2026-08-17T07:06:45.396Z,AG-1035,1,73.3,0,7.4,0,9223,11,0
6912,ACC-106912,Lagos,2026-08-03T07:06:45.396Z,AG-1003,13,486.9,1,1.36,8,501362,3,1
6913,ACC-106913,Port Harcourt,2026-07-06T07:06:45.396Z,AG-1012,2,54.8,1,2.71,1,14298,17,0
6914,ACC-106914,Lagos,2026-06-07T07:06:45.396Z,AG-1028,3,14.6,1,21.07,1,0,21,0
6915,ACC-106915,Port Harcourt,2026-08-21T07:06:45.396Z,AG-1001,2,0,0,21.32,0,0,11,0
6916,ACC-106916,Ibadan,2026-09-02T07:06:45.396Z,AG-1026,2,0,0,23.78,0,0,17,0
6917,ACC-106917,Lagos,2026-06-06T07:06:45.396Z,AG-1029,3,41.2,0,0.12,0,0,19,0
6918,ACC-106918,Abuja,2026-08-01T07:06:45.396Z,AG-1009,1,0,0,28.9,0,0,12,0
6919,ACC-106919,Lagos,2026-08-24T07:06:45.396Z,AG-1005,1,5.9,1,14.24,1,0,6,0
6920,ACC-106920,Abuja,2026-07-07T07:06:45.396Z,AG-1016,1,25.3,1,16.31,0,0,8,0
6921,ACC-106921,Lagos,2026-06-11T07:06:45.396Z,AG-1026,2,14,0,0,1,0,9,0
6922,ACC-106922,Lagos,2026-07-01T07:06:45.396Z,AG-1006,1,7.1,0,18.09,1,4769,15,0
6923,ACC-106923,Ibadan,2026-07-12T07:06:45.396Z,AG-1009,0,48.2,0,19.35,0,0,19,0
6924,ACC-106924,Kano,2026-08-03T07:06:45.396Z,AG-1032,2,65.8,0,10.13,0,0,8,0
6925,ACC-106925,Port Harcourt,2026-08-29T07:06:45.396Z,AG-1016,0,1.8,0,3.55,0,0,19,0
6926,ACC-106926,Abuja,2026-09-01T07:06:45.396Z,AG-1028,1,0,1,4.08,2,0,13,0
6927,ACC-106927,Port Harcourt,2026-08-01T07:06:45.396Z,AG-1004,0,5.7,0,8.12,1,0,10,0
6928,ACC-106928,Ibadan,2026-08-22T07:06:45.396Z,AG-1010,2,78.5,0,20.45,0,0,10,0
6929,ACC-106929,Port Harcourt,2026-08-21T07:06:45.396Z,AG-1017,1,25,0,8.86,2,10952,15,0
6930,ACC-106930,Kano,2026-06-17T07:06:45.396Z,AG-1025,1,41.8,1,15.06,2,7644,22,0
6931,ACC-106931,Ibadan,2026-06-07T07:06:45.396Z,AG-1024,3,18.9,0,23.09,1,0,10,0
6932,ACC-106932,Kano,2026-06-18T07:06:45.396Z,AG-1000,0,14.2,0,37.39,0,0,11,0
6933,ACC-106933,Ibadan,2026-07-15T07:06:45.396Z,AG-1013,0,49,1,0,0,0,19,0
6934,ACC-106934,Lagos,2026-07-22T07:06:45.396Z,AG-1033,3,156.9,1,0,5,27095,16,1
6935,ACC-106935,Ibadan,2026-06-07T07:06:45.396Z,AG-1013,1,50.5,0,25.81,0,0,17,0
6936,ACC-106936,Lagos,2026-06-20T07:06:45.396Z,AG-1013,3,7.3,0,28.58,0,13587,15,0
6937,ACC-106937,Abuja,2026-07-22T07:06:45.396Z,AG-1032,0,16.3,0,3.85,1,0,8,0
6938,ACC-106938,Kano,2026-07-06T07:06:45.396Z,AG-1004,1,40.9,0,10.97,1,7655,17,0
6939,ACC-106939,Port Harcourt,2026-07-19T07:06:45.396Z,AG-1030,2,17.6,1,28.05,0,4016,16,0
6940,ACC-106940,Abuja,2026-08-10T07:06:45.396Z,AG-1038,0,33.2,0,10.62,0,0,13,0
6941,ACC-106941,Abuja,2026-08-28T07:06:45.396Z,AG-1025,1,10.1,0,14.46,3,13146,9,0
6942,ACC-106942,Lagos,2026-08-19T07:06:45.396Z,AG-1014,2,14.3,0,10.45,2,9999,17,0
6943,ACC-106943,Kano,2026-07-30T07:06:45.396Z,AG-1006,1,0,0,19.54,0,0,13,0
6944,ACC-106944,Ibadan,2026-08-04T07:06:45.396Z,AG-1039,1,3.2,0,29.56,0,0,16,0
6945,ACC-106945,Abuja,2026-06-29T07:06:45.396Z,AG-1021,0,0,1,0,1,14725,7,0
6946,ACC-106946,Port Harcourt,2026-08-22T07:06:45.396Z,AG-1016,1,1.4,1,12.83,1,15637,19,0
6947,ACC-106947,Ibadan,2026-08-19T07:06:45.396Z,AG-1002,1,64.3,1,11.05,1,0,6,0
6948,ACC-106948,Abuja,2026-06-16T07:06:45.396Z,AG-1035,3,32.6,0,3.57,0,0,21,0
6949,ACC-106949,Abuja,2026-07-04T07:06:45.396Z,AG-1039,0,0,0,15.6,0,0,18,0
6950,ACC-106950,Port Harcourt,2026-08-14T07:06:45.396Z,AG-1032,4,8.7,0,0,2,0,18,0
6951,ACC-106951,Abuja,2026-08-17T07:06:45.396Z,AG-1023,2,30.5,0,23.4,2,0,7,0
6952,ACC-106952,Ibadan,2026-08-29T07:06:45.396Z,AG-1001,2,15.4,1,12.65,0,4504,12,0
6953,ACC-106953,Port Harcourt,2026-08-05T07:06:45.396Z,AG-1037,5,68.3,1,0.58,5,208229,14,1
6954,ACC-106954,Ibadan,2026-08-25T07:06:45.396Z,AG-1037,4,267,1,0,6,312629,1,1
6955,ACC-106955,Port Harcourt,2026-06-30T07:06:45.396Z,AG-1027,1,0,0,11.19,1,0,7,0
6956,ACC-106956,Ibadan,2026-06-14T07:06:45.396Z,AG-1031,2,50.8,0,22.62,1,0,20,0
6957,ACC-106957,Kano,2026-08-23T07:06:45.396Z,AG-1021,0,31.9,1,33.55,1,0,11,0
6958,ACC-106958,Ibadan,2026-07-22T07:06:45.396Z,AG-1020,3,37.5,0,9.33,1,0,22,0
6959,ACC-106959,Abuja,2026-08-22T07:06:45.396Z,AG-1039,1,13.5,0,20.69,1,15310,21,0
6960,ACC-106960,Ibadan,2026-06-24T07:06:45.396Z,AG-1003,0,11.3,1,0,1,0,7,0
6961,ACC-106961,Lagos,2026-07-12T07:06:45.396Z,AG-1027,0,6.2,0,1,1,18229,20,0
6962,ACC-106962,Port Harcourt,2026-06-23T07:06:45.396Z,AG-1012,0,3.1,0,0,1,0,19,0
6963,ACC-106963,Lagos,2026-07-12T07:06:45.396Z,AG-1014,2,89.5,0,21.94,1,0,18,0
6964,ACC-106964,Kano,2026-08-24T07:06:45.396Z,AG-1035,3,5.3,1,9,1,0,12,0
6965,ACC-106965,Kano,2026-06-12T07:06:45.396Z,AG-1021,1,0,0,26.21,1,0,6,0
6966,ACC-106966,Ibadan,2026-07-18T07:06:45.396Z,AG-1023,1,38.2,0,13.72,0,0,12,0
6967,ACC-106967,Kano,2026-08-02T07:06:45.396Z,AG-1020,2,17,0,11.02,0,22639,14,0
6968,ACC-106968,Lagos,2026-07-20T07:06:45.396Z,AG-1005,2,0,0,23.11,0,0,20,0
6969,ACC-106969,Port Harcourt,2026-07-01T07:06:45.396Z,AG-1009,0,13,1,18.95,0,0,19,0
6970,ACC-106970,Abuja,2026-08-28T07:06:45.396Z,AG-1018,2,108.1,0,12.19,0,0,11,0
6971,ACC-106971,Port Harcourt,2026-06-17T07:06:45.396Z,AG-1001,1,11.4,0,36.73,0,13135,19,0
6972,ACC-106972,Abuja,2026-06-10T07:06:45.396Z,AG-1022,0,19.3,1,8.11,3,19999,8,0
6973,ACC-106973,Port Harcourt,2026-07-11T07:06:45.396Z,AG-1037,1,6.4,0,3.32,1,5533,9,0
6974,ACC-106974,Kano,2026-08-31T07:06:45.396Z,AG-1000,0,14,0,38.4,0,0,7,0
6975,ACC-106975,Lagos,2026-06-17T07:06:45.396Z,AG-1036,1,2.8,0,0.55,0,0,14,0
6976,ACC-106976,Kano,2026-07-17T07:06:45.396Z,AG-1031,0,8.3,1,6.91,0,0,9,0
6977,ACC-106977,Port Harcourt,2026-07-24T07:06:45.396Z,AG-1026,1,22.5,0,7.62,0,0,22,0
6978,ACC-106978,Lagos,2026-08-08T07:06:45.396Z,AG-1019,2,0.1,1,35.76,0,0,21,0
6979,ACC-106979,Kano,2026-07-11T07:06:45.396Z,AG-1030,3,11.7,0,19.44,1,0,19,0
6980,ACC-106980,Kano,2026-07-30T07:06:45.396Z,AG-1025,0,43.7,0,16.19,0,0,20,0
6981,ACC-106981,Ibadan,2026-08-09T07:06:45.396Z,AG-1039,2,22.5,0,13.67,0,0,21,0
6982,ACC-106982,Ibadan,2026-07-27T07:06:45.396Z,AG-1025,0,22.4,0,3.58,1,16340,9,0
6983,ACC-106983,Ibadan,2026-06-30T07:06:45.396Z,AG-1021,1,7.9,0,5.62,0,0,12,0
6984,ACC-106984,Kano,2026-08-12T07:06:45.396Z,AG-1006,2,19.9,0,8.72,2,0,19,0
6985,ACC-106985,Lagos,2026-07-05T07:06:45.396Z,AG-1035,3,0,1,13.88,1,0,17,0
6986,ACC-106986,Lagos,2026-08-12T07:06:45.396Z,AG-1021,1,8.8,1,13.17,0,13170,10,0
6987,ACC-106987,Lagos,2026-08-07T07:06:45.396Z,AG-1015,5,106.1,1,0.87,6,565127,4,1
6988,ACC-106988,Ibadan,2026-08-24T07:06:45.396Z,AG-1017,2,0,0,17.74,0,0,21,0
6989,ACC-106989,Abuja,2026-08-08T07:06:45.396Z,AG-1001,1,30,0,21.29,2,32564,18,0
6990,ACC-106990,Ibadan,2026-07-02T07:06:45.396Z,AG-1003,2,25.1,0,18.48,1,0,21,0
6991,ACC-106991,Abuja,2026-06-28T07:06:45.396Z,AG-1009,1,5.2,1,18.06,1,0,20,0
6992,ACC-106992,Port Harcourt,2026-09-03T07:06:45.396Z,AG-1026,0,31.8,0,17.22,0,0,7,0
6993,ACC-106993,Kano,2026-07-27T07:06:45.396Z,AG-1021,4,18.4,0,14.05,0,0,21,0
6994,ACC-106994,Port Harcourt,2026-08-30T07:06:45.396Z,AG-1007,4,39.6,0,2.15,0,0,10,0
6995,ACC-106995,Kano,2026-07-26T07:06:45.396Z,AG-1004,1,1.7,0,8.02,3,0,18,0
6996,ACC-106996,Lagos,2026-07-13T07:06:45.396Z,AG-1030,1,36.7,0,12,0,0,17,0
6997,ACC-106997,Abuja,2026-07-10T07:06:45.396Z,AG-1033,3,0,0,20.46,0,11251,22,0
6998,ACC-106998,Lagos,2026-06-26T07:06:45.396Z,AG-1011,0,30.4,1,0,3,191193,14,1
6999,ACC-106999,Lagos,2026-06-08T07:06:45.396Z,AG-1013,4,25.1,0,20.94,2,0,21,0
7000,ACC-107000,Kano,2026-07-31T07:06:45.396Z,AG-1033,1,22.7,1,19.22,2,0,10,0
7001,ACC-107001,Ibadan,2026-08-15T07:06:45.396Z,AG-1021,1,22,0,9.28,0,0,19,0
7002,ACC-107002,Port Harcourt,2026-08-13T07:06:45.396Z,AG-1026,4,49.7,0,21.42,1,13288,11,0
7003,ACC-107003,Kano,2026-07-08T07:06:45.396Z,AG-1021,1,42,1,20.17,1,0,9,0
7004,ACC-107004,Kano,2026-08-02T07:06:45.396Z,AG-1008,5,38.3,0,29.27,1,14351,8,0
7005,ACC-107005,Ibadan,2026-06-10T07:06:45.396Z,AG-1012,0,0,1,6.82,1,0,11,0
7006,ACC-107006,Ibadan,2026-07-18T07:06:45.396Z,AG-1012,0,0,1,0.12,4,564590,3,1
7007,ACC-107007,Port Harcourt,2026-07-06T07:06:45.396Z,AG-1033,2,0,1,17.85,1,0,11,0
7008,ACC-107008,Abuja,2026-06-06T07:06:45.396Z,AG-1028,1,9.7,1,42.11,0,0,10,0
7009,ACC-107009,Port Harcourt,2026-07-16T07:06:45.396Z,AG-1021,0,11.2,0,2.53,1,10524,7,0
7010,ACC-107010,Ibadan,2026-08-28T07:06:45.396Z,AG-1025,1,6.4,1,9.08,1,0,8,0
7011,ACC-107011,Ibadan,2026-08-19T07:06:45.396Z,AG-1018,0,5.9,0,9.92,0,0,17,0
7012,ACC-107012,Kano,2026-07-24T07:06:45.396Z,AG-1033,1,21.1,0,16.33,1,0,12,0
7013,ACC-107013,Port Harcourt,2026-08-14T07:06:45.396Z,AG-1013,2,0,1,23.91,0,0,22,0
7014,ACC-107014,Kano,2026-06-26T07:06:45.396Z,AG-1018,0,17.3,0,0,2,0,19,0
7015,ACC-107015,Lagos,2026-06-17T07:06:45.396Z,AG-1009,0,16.4,0,20.03,0,0,14,0
7016,ACC-107016,Ibadan,2026-08-19T07:06:45.396Z,AG-1006,3,0.9,0,27.9,2,0,12,0
7017,ACC-107017,Ibadan,2026-07-11T07:06:45.396Z,AG-1016,3,0,0,11.77,0,0,8,0
7018,ACC-107018,Kano,2026-07-12T07:06:45.396Z,AG-1020,2,47.7,1,7.42,0,76,16,0
7019,ACC-107019,Ibadan,2026-07-22T07:06:45.396Z,AG-1007,2,47.6,1,24.93,3,0,20,0
7020,ACC-107020,Ibadan,2026-06-12T07:06:45.396Z,AG-1039,2,6,0,8.68,2,0,11,0
7021,ACC-107021,Ibadan,2026-07-08T07:06:45.396Z,AG-1020,1,8.2,1,14.51,0,13867,21,0
7022,ACC-107022,Abuja,2026-07-14T07:06:45.396Z,AG-1025,2,33.9,0,12.07,1,0,8,0
7023,ACC-107023,Lagos,2026-07-22T07:06:45.396Z,AG-1013,2,0,1,32.05,0,0,10,0
7024,ACC-107024,Lagos,2026-08-23T07:06:45.396Z,AG-1016,6,459.2,1,0,5,203738,2,1
7025,ACC-107025,Abuja,2026-07-10T07:06:45.396Z,AG-1024,3,428.7,0,1.33,4,699154,1,1
7026,ACC-107026,Lagos,2026-06-08T07:06:45.396Z,AG-1036,0,433.5,0,0,6,329374,1,1
7027,ACC-107027,Lagos,2026-08-05T07:06:45.396Z,AG-1004,1,47.1,0,0,1,0,14,0
7028,ACC-107028,Lagos,2026-08-26T07:06:45.396Z,AG-1034,0,19.8,0,7.72,0,3300,18,0
7029,ACC-107029,Kano,2026-07-25T07:06:45.396Z,AG-1022,4,362,0,1.21,3,0,7,1
7030,ACC-107030,Lagos,2026-07-08T07:06:45.396Z,AG-1026,0,63.6,0,13.45,1,0,7,0
7031,ACC-107031,Port Harcourt,2026-08-12T07:06:45.396Z,AG-1032,0,21.3,0,13.53,0,11485,22,0
7032,ACC-107032,Lagos,2026-08-13T07:06:45.396Z,AG-1016,2,90.2,0,5.53,1,0,16,0
7033,ACC-107033,Port Harcourt,2026-07-24T07:06:45.396Z,AG-1024,4,0,1,27,0,0,11,0
7034,ACC-107034,Abuja,2026-08-17T07:06:45.396Z,AG-1002,0,40.9,1,16.88,0,11473,12,0
7035,ACC-107035,Abuja,2026-08-20T07:06:45.396Z,AG-1009,1,0,0,21.77,1,0,21,0
7036,ACC-107036,Abuja,2026-06-22T07:06:45.396Z,AG-1028,1,27.7,1,0.59,1,5968,11,0
7037,ACC-107037,Port Harcourt,2026-07-21T07:06:45.396Z,AG-1000,4,31.1,0,0,1,0,17,0
7038,ACC-107038,Kano,2026-07-18T07:06:45.396Z,AG-1008,0,22.9,1,13.7,0,0,19,0
7039,ACC-107039,Port Harcourt,2026-09-02T07:06:45.396Z,AG-1035,3,1.7,0,30.01,1,0,20,0
7040,ACC-107040,Port Harcourt,2026-08-03T07:06:45.396Z,AG-1030,3,0,0,18.74,2,0,16,0
7041,ACC-107041,Port Harcourt,2026-08-12T07:06:45.396Z,AG-1001,2,18.1,0,17.18,0,0,21,0
7042,ACC-107042,Abuja,2026-09-03T07:06:45.396Z,AG-1008,2,28.9,0,17.2,1,0,20,0
7043,ACC-107043,Ibadan,2026-07-26T07:06:45.396Z,AG-1002,2,32.3,0,18.54,0,4541,15,0
7044,ACC-107044,Ibadan,2026-06-22T07:06:45.396Z,AG-1033,2,45,0,19.64,0,0,21,0
7045,ACC-107045,Abuja,2026-08-08T07:06:45.396Z,AG-1011,1,30.1,0,10.62,0,0,9,0
7046,ACC-107046,Abuja,2026-06-18T07:06:45.396Z,AG-1033,1,0,0,20.31,1,0,13,0
7047,ACC-107047,Port Harcourt,2026-07-11T07:06:45.396Z,AG-1026,1,17.9,0,40.96,1,0,15,0
7048,ACC-107048,Kano,2026-06-16T07:06:45.396Z,AG-1035,1,2.7,1,13.53,3,0,13,0
7049,ACC-107049,Port Harcourt,2026-08-31T07:06:45.396Z,AG-1013,0,31.5,0,15.4,1,0,20,0
7050,ACC-107050,Kano,2026-08-05T07:06:45.396Z,AG-1018,3,22,0,3.8,2,6897,7,0
7051,ACC-107051,Ibadan,2026-08-17T07:06:45.396Z,AG-1008,0,27.7,0,25.17,3,0,20,0
7052,ACC-107052,Port Harcourt,2026-06-06T07:06:45.396Z,AG-1015,2,0,0,3.3,0,27945,7,0
7053,ACC-107053,Ibadan,2026-06-06T07:06:45.396Z,AG-1019,1,9.7,0,17.81,0,0,21,0
7054,ACC-107054,Port Harcourt,2026-08-11T07:06:45.396Z,AG-1019,2,3.9,0,22.05,2,15265,22,0
7055,ACC-107055,Abuja,2026-06-21T07:06:45.396Z,AG-1009,2,40.1,0,0,1,0,17,0
7056,ACC-107056,Port Harcourt,2026-08-17T07:06:45.396Z,AG-1039,3,0,1,8.14,0,0,11,0
7057,ACC-107057,Ibadan,2026-07-18T07:06:45.396Z,AG-1013,4,17,1,1.06,6,276018,15,1
7058,ACC-107058,Lagos,2026-08-23T07:06:45.396Z,AG-1009,2,23.6,1,23.52,1,0,16,0
7059,ACC-107059,Abuja,2026-07-11T07:06:45.396Z,AG-1013,0,0,1,12.39,0,0,20,0
7060,ACC-107060,Port Harcourt,2026-07-27T07:06:45.396Z,AG-1032,3,0,0,12.11,1,0,19,0
7061,ACC-107061,Port Harcourt,2026-07-19T07:06:45.396Z,AG-1013,2,0,0,5.77,1,0,22,0
7062,ACC-107062,Abuja,2026-08-05T07:06:45.396Z,AG-1013,0,27.4,0,28.91,0,0,14,0
7063,ACC-107063,Port Harcourt,2026-07-13T07:06:45.396Z,AG-1033,5,11.5,1,16.23,1,0,11,0
7064,ACC-107064,Kano,2026-06-16T07:06:45.396Z,AG-1024,2,50.6,1,6.98,0,0,20,0
7065,ACC-107065,Lagos,2026-06-19T07:06:45.396Z,AG-1039,2,0,1,18.84,1,0,12,0
7066,ACC-107066,Ibadan,2026-08-19T07:06:45.396Z,AG-1014,3,36,1,6.26,1,0,19,0
7067,ACC-107067,Port Harcourt,2026-07-26T07:06:45.396Z,AG-1021,0,0,0,10.67,0,0,13,0
7068,ACC-107068,Ibadan,2026-07-17T07:06:45.396Z,AG-1013,0,17.8,1,15.14,1,0,8,0
7069,ACC-107069,Ibadan,2026-06-20T07:06:45.396Z,AG-1004,14,185.6,1,2.15,0,0,4,1
7070,ACC-107070,Kano,2026-06-15T07:06:45.396Z,AG-1000,2,0,0,24.31,0,0,17,0
7071,ACC-107071,Port Harcourt,2026-08-25T07:06:45.396Z,AG-1026,1,20.2,0,28.64,1,0,12,0
7072,ACC-107072,Kano,2026-09-03T07:06:45.396Z,AG-1030,1,7.8,0,36.93,1,0,14,0
7073,ACC-107073,Port Harcourt,2026-07-24T07:06:45.396Z,AG-1015,0,2.9,0,20.8,0,0,16,0
7074,ACC-107074,Port Harcourt,2026-08-20T07:06:45.396Z,AG-1013,3,6.6,0,3.39,0,0,18,0
7075,ACC-107075,Kano,2026-08-03T07:06:45.396Z,AG-1020,6,0,0,0.4,6,156814,1,1
7076,ACC-107076,Lagos,2026-08-15T07:06:45.396Z,AG-1034,2,0,1,2.66,1,0,16,0
7077,ACC-107077,Lagos,2026-06-29T07:06:45.396Z,AG-1032,2,55.2,0,13.07,1,0,7,0
7078,ACC-107078,Ibadan,2026-07-25T07:06:45.396Z,AG-1001,2,0,0,17.95,0,0,21,0
7079,ACC-107079,Port Harcourt,2026-08-20T07:06:45.396Z,AG-1024,0,13.7,0,6.11,1,1421,20,0
7080,ACC-107080,Kano,2026-07-22T07:06:45.396Z,AG-1004,1,0,0,12.23,0,0,22,0
7081,ACC-107081,Abuja,2026-06-26T07:06:45.396Z,AG-1035,1,10.5,0,0,2,2040,17,0
7082,ACC-107082,Port Harcourt,2026-08-12T07:06:45.396Z,AG-1017,2,28.2,1,15.4,0,0,16,0
7083,ACC-107083,Ibadan,2026-08-07T07:06:45.396Z,AG-1002,2,6.8,0,32.14,0,0,14,0
7084,ACC-107084,Abuja,2026-06-29T07:06:45.396Z,AG-1029,0,26.3,1,12.39,0,0,6,0
7085,ACC-107085,Ibadan,2026-08-19T07:06:45.396Z,AG-1021,2,18.7,0,23.97,2,0,10,0
7086,ACC-107086,Lagos,2026-06-18T07:06:45.396Z,AG-1028,3,0,0,14.26,0,0,18,0
7087,ACC-107087,Lagos,2026-08-10T07:06:45.396Z,AG-1009,0,27.7,0,13.31,0,0,18,0
7088,ACC-107088,Kano,2026-06-27T07:06:45.396Z,AG-1028,0,23.5,1,9.11,2,0,9,0
7089,ACC-107089,Kano,2026-08-23T07:06:45.396Z,AG-1013,0,9.8,0,14.85,1,2671,21,0
7090,ACC-107090,Kano,2026-06-11T07:06:45.396Z,AG-1023,2,28.4,0,10.68,1,0,21,0
7091,ACC-107091,Ibadan,2026-07-22T07:06:45.396Z,AG-1008,0,0,0,17.59,1,0,17,0
7092,ACC-107092,Port Harcourt,2026-08-27T07:06:45.396Z,AG-1011,2,3.2,1,0.19,1,0,11,0
7093,ACC-107093,Kano,2026-08-13T07:06:45.396Z,AG-1007,3,0,0,5.96,2,20955,21,0
7094,ACC-107094,Port Harcourt,2026-08-15T07:06:45.396Z,AG-1015,0,26.9,1,1.37,0,0,8,0
7095,ACC-107095,Abuja,2026-07-16T07:06:45.396Z,AG-1031,3,12.3,1,5.5,0,0,12,0
7096,ACC-107096,Abuja,2026-07-02T07:06:45.396Z,AG-1028,3,49.1,0,11.67,0,10864,13,0
7097,ACC-107097,Lagos,2026-06-23T07:06:45.396Z,AG-1018,0,439.2,1,0,5,154314,8,1
7098,ACC-107098,Kano,2026-09-02T07:06:45.396Z,AG-1033,2,41,0,20.58,0,0,20,0
7099,ACC-107099,Lagos,2026-08-30T07:06:45.396Z,AG-1021,0,1.5,0,11.96,0,0,6,0
7100,ACC-107100,Kano,2026-06-22T07:06:45.396Z,AG-1027,2,86.4,0,0.67,4,71978,16,1
7101,ACC-107101,Port Harcourt,2026-08-24T07:06:45.396Z,AG-1020,2,18.6,0,9.98,0,0,12,0
7102,ACC-107102,Port Harcourt,2026-06-10T07:06:45.396Z,AG-1034,0,9.7,1,9.66,0,0,13,0
7103,ACC-107103,Port Harcourt,2026-06-20T07:06:45.396Z,AG-1026,1,0,0,0,1,0,12,0
7104,ACC-107104,Abuja,2026-07-13T07:06:45.396Z,AG-1007,3,8,0,35.43,2,0,8,0
7105,ACC-107105,Port Harcourt,2026-06-09T07:06:45.396Z,AG-1010,3,4.9,0,6.77,1,0,10,0
7106,ACC-107106,Lagos,2026-06-25T07:06:45.396Z,AG-1027,3,87,1,19.53,1,0,22,0
7107,ACC-107107,Lagos,2026-08-02T07:06:45.396Z,AG-1013,0,20,1,5.4,1,0,17,0
7108,ACC-107108,Lagos,2026-08-27T07:06:45.396Z,AG-1038,2,0,0,18.7,0,18371,6,0
7109,ACC-107109,Kano,2026-09-04T07:06:45.396Z,AG-1029,3,9.5,1,30.01,1,0,11,0
7110,ACC-107110,Abuja,2026-06-28T07:06:45.396Z,AG-1012,0,14.4,0,16.65,0,0,22,0
7111,ACC-107111,Port Harcourt,2026-08-12T07:06:45.396Z,AG-1013,3,6.8,0,0,1,0,21,0
7112,ACC-107112,Lagos,2026-08-07T07:06:45.396Z,AG-1020,3,14.1,0,10.89,0,0,8,0
7113,ACC-107113,Port Harcourt,2026-06-13T07:06:45.396Z,AG-1009,3,24.5,1,0,1,0,14,0
7114,ACC-107114,Ibadan,2026-06-28T07:06:45.396Z,AG-1002,3,14.5,0,17.31,1,0,6,0
7115,ACC-107115,Lagos,2026-08-22T07:06:45.396Z,AG-1012,2,20.3,0,9.86,0,0,9,0
7116,ACC-107116,Kano,2026-06-23T07:06:45.396Z,AG-1004,2,34.7,0,10.17,0,0,11,0
7117,ACC-107117,Lagos,2026-06-29T07:06:45.396Z,AG-1003,1,43.6,1,18.8,0,0,15,0
7118,ACC-107118,Abuja,2026-06-12T07:06:45.396Z,AG-1013,1,23.5,1,10.44,0,0,7,0
7119,ACC-107119,Abuja,2026-08-12T07:06:45.396Z,AG-1001,0,20.3,1,15.38,0,7029,13,0
7120,ACC-107120,Lagos,2026-06-13T07:06:45.396Z,AG-1005,3,33.4,0,2.73,0,8790,8,0
7121,ACC-107121,Ibadan,2026-08-04T07:06:45.396Z,AG-1006,4,0,0,19.25,0,19777,22,0
7122,ACC-107122,Lagos,2026-07-08T07:06:45.396Z,AG-1033,2,13.6,0,25.09,2,0,16,0
7123,ACC-107123,Ibadan,2026-08-14T07:06:45.396Z,AG-1025,1,20.3,0,5.31,0,0,14,0
7124,ACC-107124,Kano,2026-08-03T07:06:45.396Z,AG-1027,5,15.2,0,22.64,0,0,11,0
7125,ACC-107125,Abuja,2026-08-30T07:06:45.396Z,AG-1001,3,0.5,1,0,0,26660,14,0
7126,ACC-107126,Port Harcourt,2026-07-19T07:06:45.396Z,AG-1026,1,0,0,34.84,2,0,9,0
7127,ACC-107127,Port Harcourt,2026-07-09T07:06:45.396Z,AG-1006,2,12.3,1,0,0,0,11,0
7128,ACC-107128,Kano,2026-08-17T07:06:45.396Z,AG-1005,0,0,0,22.07,1,0,6,0
7129,ACC-107129,Ibadan,2026-06-23T07:06:45.396Z,AG-1033,2,0,0,3.26,0,0,11,0
7130,ACC-107130,Lagos,2026-06-27T07:06:45.396Z,AG-1029,0,21.1,1,35.16,1,0,9,0
7131,ACC-107131,Ibadan,2026-08-31T07:06:45.396Z,AG-1033,3,0,1,10.62,0,0,18,0
7132,ACC-107132,Ibadan,2026-08-07T07:06:45.396Z,AG-1011,0,26.7,1,20.78,0,0,12,0
7133,ACC-107133,Kano,2026-07-04T07:06:45.396Z,AG-1030,0,31.5,1,7.26,0,0,7,0
7134,ACC-107134,Port Harcourt,2026-06-27T07:06:45.396Z,AG-1024,0,5.1,0,18.31,0,0,16,0
7135,ACC-107135,Lagos,2026-08-28T07:06:45.396Z,AG-1036,0,21.1,1,0,1,0,6,0
7136,ACC-107136,Ibadan,2026-08-19T07:06:45.396Z,AG-1022,2,0,0,31.35,1,0,17,0
7137,ACC-107137,Lagos,2026-07-28T07:06:45.396Z,AG-1037,4,22.9,0,19.07,0,4646,21,0
7138,ACC-107138,Lagos,2026-07-27T07:06:45.396Z,AG-1031,5,5.7,0,18.05,1,0,10,0
7139,ACC-107139,Kano,2026-06-26T07:06:45.396Z,AG-1016,4,435.6,1,0.75,2,270890,1,1
7140,ACC-107140,Abuja,2026-08-18T07:06:45.396Z,AG-1037,0,11.9,0,10.96,0,0,8,0
7141,ACC-107141,Port Harcourt,2026-08-05T07:06:45.396Z,AG-1032,3,11.4,1,9.9,2,10535,7,0
7142,ACC-107142,Abuja,2026-06-12T07:06:45.396Z,AG-1000,3,42.6,0,20.57,0,0,8,0
7143,ACC-107143,Lagos,2026-07-25T07:06:45.396Z,AG-1014,0,72.2,0,0,2,0,7,0
7144,ACC-107144,Kano,2026-08-16T07:06:45.396Z,AG-1022,2,0,0,13.37,1,0,7,0
7145,ACC-107145,Kano,2026-07-08T07:06:45.396Z,AG-1021,2,11.4,1,14.52,2,7957,19,0
7146,ACC-107146,Lagos,2026-08-29T07:06:45.396Z,AG-1036,2,35.3,0,2.22,2,21332,14,0
7147,ACC-107147,Port Harcourt,2026-07-04T07:06:45.396Z,AG-1020,2,13.9,1,12.47,1,0,14,0
7148,ACC-107148,Port Harcourt,2026-07-27T07:06:45.396Z,AG-1018,3,0,0,13.65,1,14948,13,0
7149,ACC-107149,Abuja,2026-09-01T07:06:45.396Z,AG-1011,0,0,0,2.4,0,0,11,0
7150,ACC-107150,Port Harcourt,2026-07-27T07:06:45.396Z,AG-1020,0,241.3,1,1.82,5,76755,13,1
7151,ACC-107151,Kano,2026-07-04T07:06:45.396Z,AG-1009,2,33.5,0,23.77,1,21005,7,0
7152,ACC-107152,Lagos,2026-06-12T07:06:45.396Z,AG-1037,2,0,0,8.8,0,0,18,0
7153,ACC-107153,Abuja,2026-07-05T07:06:45.396Z,AG-1010,3,11.7,0,17.59,0,0,6,0
7154,ACC-107154,Kano,2026-07-12T07:06:45.396Z,AG-1008,1,72.6,0,15.11,0,0,14,0
7155,ACC-107155,Lagos,2026-06-07T07:06:45.396Z,AG-1006,3,0.7,0,21.01,1,4422,9,0
7156,ACC-107156,Lagos,2026-06-20T07:06:45.396Z,AG-1022,0,42.6,1,6.99,2,0,17,0
7157,ACC-107157,Abuja,2026-08-25T07:06:45.396Z,AG-1006,0,21.2,0,18.17,2,0,17,0
7158,ACC-107158,Lagos,2026-08-10T07:06:45.396Z,AG-1002,2,0,0,6.59,1,12661,6,0
7159,ACC-107159,Abuja,2026-07-01T07:06:45.396Z,AG-1037,7,0,0,0,5,203753,2,1
7160,ACC-107160,Abuja,2026-06-19T07:06:45.396Z,AG-1035,1,17.2,0,8.25,2,0,16,0
7161,ACC-107161,Abuja,2026-08-24T07:06:45.396Z,AG-1030,3,13.9,1,18.53,0,0,6,0
7162,ACC-107162,Abuja,2026-07-10T07:06:45.396Z,AG-1024,3,24,0,5.91,2,24260,15,0
7163,ACC-107163,Abuja,2026-08-13T07:06:45.396Z,AG-1024,4,215.3,1,0,3,170220,1,1
7164,ACC-107164,Port Harcourt,2026-08-28T07:06:45.396Z,AG-1034,3,16.9,0,19.95,1,0,19,0
7165,ACC-107165,Port Harcourt,2026-08-18T07:06:45.396Z,AG-1003,1,0.4,1,3.31,1,0,10,0
7166,ACC-107166,Lagos,2026-07-12T07:06:45.396Z,AG-1037,3,20.8,0,6.21,2,22881,6,0
7167,ACC-107167,Port Harcourt,2026-07-16T07:06:45.396Z,AG-1011,0,86.1,1,12.55,1,0,20,0
7168,ACC-107168,Ibadan,2026-08-03T07:06:45.396Z,AG-1010,0,3.3,0,21.22,2,14108,17,0
7169,ACC-107169,Abuja,2026-06-30T07:06:45.396Z,AG-1032,0,0,1,23.99,0,0,20,0
7170,ACC-107170,Kano,2026-06-28T07:06:45.396Z,AG-1032,3,245.9,1,0.2,4,558633,15,1
7171,ACC-107171,Port Harcourt,2026-07-27T07:06:45.396Z,AG-1038,3,37.7,0,17.23,0,0,19,0
7172,ACC-107172,Abuja,2026-07-31T07:06:45.396Z,AG-1038,1,17.8,0,26.6,2,0,19,0
7173,ACC-107173,Lagos,2026-06-17T07:06:45.396Z,AG-1037,2,33.4,0,25.95,0,0,15,0
7174,ACC-107174,Abuja,2026-08-19T07:06:45.396Z,AG-1023,3,0,0,20.04,0,0,7,0
7175,ACC-107175,Kano,2026-07-10T07:06:45.396Z,AG-1017,0,22.6,1,13.38,0,0,7,0
7176,ACC-107176,Port Harcourt,2026-08-05T07:06:45.396Z,AG-1039,3,15.3,0,17.65,0,0,20,0
7177,ACC-107177,Ibadan,2026-07-17T07:06:45.396Z,AG-1014,0,21.4,0,4.4,0,0,12,0
7178,ACC-107178,Kano,2026-08-02T07:06:45.396Z,AG-1025,1,0,1,5.65,1,0,18,0
7179,ACC-107179,Kano,2026-06-08T07:06:45.396Z,AG-1000,1,57.2,0,10.03,2,0,13,0
7180,ACC-107180,Abuja,2026-08-13T07:06:45.396Z,AG-1011,3,0,0,9.07,1,0,17,0
7181,ACC-107181,Lagos,2026-08-05T07:06:45.396Z,AG-1036,0,0.9,1,12.44,1,0,14,0
7182,ACC-107182,Lagos,2026-07-02T07:06:45.396Z,AG-1018,1,32.5,0,16.16,0,0,12,0
7183,ACC-107183,Port Harcourt,2026-06-12T07:06:45.396Z,AG-1004,1,19.6,0,20.94,2,0,14,0
7184,ACC-107184,Abuja,2026-08-24T07:06:45.396Z,AG-1007,2,15,1,1.91,1,0,7,0
7185,ACC-107185,Lagos,2026-08-17T07:06:45.396Z,AG-1020,3,27.2,1,0,0,0,6,0
7186,ACC-107186,Ibadan,2026-08-09T07:06:45.396Z,AG-1024,2,38.9,0,14.36,1,0,21,0
7187,ACC-107187,Abuja,2026-08-16T07:06:45.396Z,AG-1032,3,37.4,1,9.81,0,0,17,0
7188,ACC-107188,Kano,2026-07-22T07:06:45.396Z,AG-1036,4,0,0,13.34,0,0,9,0
7189,ACC-107189,Port Harcourt,2026-07-22T07:06:45.396Z,AG-1037,0,35.9,0,7.75,1,0,13,0
7190,ACC-107190,Port Harcourt,2026-07-02T07:06:45.396Z,AG-1037,0,8.4,0,16.72,0,0,7,0
7191,ACC-107191,Port Harcourt,2026-06-15T07:06:45.396Z,AG-1019,1,30.1,0,23.88,1,0,10,0
7192,ACC-107192,Port Harcourt,2026-07-26T07:06:45.396Z,AG-1013,3,12.4,1,17.97,1,2874,22,0
7193,ACC-107193,Lagos,2026-07-21T07:06:45.396Z,AG-1029,0,46.2,0,10.46,1,0,14,0
7194,ACC-107194,Ibadan,2026-07-04T07:06:45.396Z,AG-1027,2,64.3,0,6.76,0,0,22,0
7195,ACC-107195,Kano,2026-08-10T07:06:45.396Z,AG-1027,0,31.5,1,27.21,1,0,7,0
7196,ACC-107196,Lagos,2026-06-25T07:06:45.396Z,AG-1034,0,0,0,21.52,1,0,22,0
7197,ACC-107197,Lagos,2026-06-23T07:06:45.396Z,AG-1001,0,4.3,0,17.21,2,0,6,0
7198,ACC-107198,Lagos,2026-06-29T07:06:45.396Z,AG-1031,0,16.1,1,0,2,0,18,0
7199,ACC-107199,Lagos,2026-07-02T07:06:45.396Z,AG-1021,3,12,0,19.66,0,0,16,0
7200,ACC-107200,Port Harcourt,2026-07-02T07:06:45.396Z,AG-1008,0,25.3,0,9.78,0,0,19,0
7201,ACC-107201,Port Harcourt,2026-08-13T07:06:45.396Z,AG-1018,2,47.6,0,4.53,1,0,12,0
7202,ACC-107202,Lagos,2026-07-31T07:06:45.396Z,AG-1024,0,36.4,1,14.74,1,0,19,0
7203,ACC-107203,Kano,2026-07-18T07:06:45.396Z,AG-1022,0,63.8,1,15.99,0,0,13,0
7204,ACC-107204,Ibadan,2026-07-10T07:06:45.396Z,AG-1016,1,51.6,0,17.3,2,0,7,0
7205,ACC-107205,Port Harcourt,2026-06-13T07:06:45.396Z,AG-1006,0,82.3,0,17.18,1,0,12,0
7206,ACC-107206,Lagos,2026-06-23T07:06:45.396Z,AG-1003,0,0,0,17.57,3,8688,13,0
7207,ACC-107207,Abuja,2026-07-03T07:06:45.396Z,AG-1017,2,24.9,0,11.24,1,0,13,0
7208,ACC-107208,Ibadan,2026-07-18T07:06:45.396Z,AG-1002,10,191.6,1,0.26,6,192242,10,1
7209,ACC-107209,Abuja,2026-07-25T07:06:45.396Z,AG-1034,0,1.5,1,29.14,2,0,16,0
7210,ACC-107210,Abuja,2026-08-23T07:06:45.396Z,AG-1026,4,0,1,6.62,0,0,13,0
7211,ACC-107211,Ibadan,2026-06-24T07:06:45.396Z,AG-1007,4,6,0,4.73,0,5647,20,0
7212,ACC-107212,Kano,2026-08-12T07:06:45.396Z,AG-1025,0,0,0,0.19,0,13039,11,0
7213,ACC-107213,Lagos,2026-08-11T07:06:45.397Z,AG-1008,2,67.5,1,0,0,0,21,0
7214,ACC-107214,Port Harcourt,2026-07-16T07:06:45.397Z,AG-1001,1,1.6,0,17.76,1,0,18,0
7215,ACC-107215,Kano,2026-07-29T07:06:45.397Z,AG-1038,0,536.5,1,1.89,2,67862,1,1
7216,ACC-107216,Abuja,2026-07-25T07:06:45.397Z,AG-1031,2,24.5,0,17.89,0,0,19,0
7217,ACC-107217,Port Harcourt,2026-07-24T07:06:45.397Z,AG-1011,3,0,0,1.31,0,12301,20,0
7218,ACC-107218,Ibadan,2026-06-12T07:06:45.397Z,AG-1012,0,10,0,3.25,2,0,8,0
7219,ACC-107219,Abuja,2026-07-09T07:06:45.397Z,AG-1020,3,40.1,1,0,2,8519,20,0
7220,ACC-107220,Abuja,2026-07-15T07:06:45.397Z,AG-1001,3,0,0,14.73,0,0,14,0
7221,ACC-107221,Port Harcourt,2026-06-16T07:06:45.397Z,AG-1016,1,26.3,1,16.99,1,0,14,0
7222,ACC-107222,Abuja,2026-06-08T07:06:45.397Z,AG-1008,2,36.2,0,29.31,0,0,15,0
7223,ACC-107223,Ibadan,2026-08-11T07:06:45.397Z,AG-1005,4,0,1,19.33,2,0,10,0
7224,ACC-107224,Abuja,2026-06-09T07:06:45.397Z,AG-1024,5,40.6,1,5.23,1,0,15,0
7225,ACC-107225,Lagos,2026-06-13T07:06:45.397Z,AG-1022,1,11.3,1,23.22,1,0,18,0
7226,ACC-107226,Kano,2026-06-27T07:06:45.397Z,AG-1016,3,5.2,0,28.95,1,0,10,0
7227,ACC-107227,Ibadan,2026-08-28T07:06:45.397Z,AG-1013,4,20.5,1,13.39,0,0,6,0
7228,ACC-107228,Kano,2026-07-06T07:06:45.397Z,AG-1000,1,12.4,1,18.32,1,0,18,0
7229,ACC-107229,Abuja,2026-09-04T07:06:45.397Z,AG-1013,2,52.9,0,15.4,0,0,11,0
7230,ACC-107230,Lagos,2026-08-19T07:06:45.397Z,AG-1035,1,71.3,1,8.83,3,11375,11,0
7231,ACC-107231,Lagos,2026-08-01T07:06:45.397Z,AG-1008,3,15.6,0,5.32,0,17867,16,0
7232,ACC-107232,Port Harcourt,2026-07-19T07:06:45.397Z,AG-1025,1,12.6,0,11.07,3,0,8,0
7233,ACC-107233,Abuja,2026-06-06T07:06:45.397Z,AG-1036,0,0,1,31,2,0,15,0
7234,ACC-107234,Abuja,2026-08-28T07:06:45.397Z,AG-1016,1,24,0,15.12,0,0,9,0
7235,ACC-107235,Lagos,2026-08-31T07:06:45.397Z,AG-1002,2,15.8,1,32.19,0,4276,7,0
7236,ACC-107236,Port Harcourt,2026-09-02T07:06:45.397Z,AG-1009,1,26.5,1,19.81,0,5622,15,0
7237,ACC-107237,Kano,2026-06-28T07:06:45.397Z,AG-1021,3,34.7,0,3.04,0,0,14,0
7238,ACC-107238,Ibadan,2026-07-20T07:06:45.397Z,AG-1018,3,328.1,1,0,1,272472,12,1
7239,ACC-107239,Abuja,2026-08-06T07:06:45.397Z,AG-1017,3,33.1,0,13.83,2,0,17,0
7240,ACC-107240,Ibadan,2026-08-16T07:06:45.397Z,AG-1004,3,0,1,5.83,1,0,14,0
7241,ACC-107241,Kano,2026-08-11T07:06:45.397Z,AG-1026,1,0,0,9.65,2,0,19,0
7242,ACC-107242,Ibadan,2026-08-04T07:06:45.397Z,AG-1028,1,2.2,0,19.16,1,0,11,0
7243,ACC-107243,Port Harcourt,2026-06-21T07:06:45.397Z,AG-1024,0,3,1,7.05,1,0,9,0
7244,ACC-107244,Lagos,2026-07-13T07:06:45.397Z,AG-1003,1,11.9,0,6.24,0,0,21,0
7245,ACC-107245,Ibadan,2026-08-21T07:06:45.397Z,AG-1030,4,0,1,28.91,0,0,14,0
7246,ACC-107246,Abuja,2026-08-09T07:06:45.397Z,AG-1023,4,0,0,22.5,2,0,15,0
7247,ACC-107247,Abuja,2026-07-04T07:06:45.397Z,AG-1007,2,63.2,0,8.31,1,0,9,0
7248,ACC-107248,Lagos,2026-06-17T07:06:45.397Z,AG-1039,3,4.1,1,16.14,2,0,10,0
7249,ACC-107249,Ibadan,2026-07-08T07:06:45.397Z,AG-1037,1,17.7,1,8.22,3,19220,21,0
7250,ACC-107250,Kano,2026-07-20T07:06:45.397Z,AG-1039,3,36.8,1,14.39,1,15873,8,0
7251,ACC-107251,Lagos,2026-06-27T07:06:45.397Z,AG-1011,1,9.2,0,2.1,0,0,17,0
7252,ACC-107252,Lagos,2026-06-18T07:06:45.397Z,AG-1016,1,0.6,0,23.54,1,0,6,0
7253,ACC-107253,Port Harcourt,2026-06-30T07:06:45.397Z,AG-1028,3,178,0,1.04,4,516562,7,1
7254,ACC-107254,Ibadan,2026-08-18T07:06:45.397Z,AG-1031,1,0,1,2.81,0,7920,19,0
7255,ACC-107255,Ibadan,2026-08-19T07:06:45.397Z,AG-1038,3,5.7,0,0,0,0,17,0
7256,ACC-107256,Kano,2026-08-08T07:06:45.397Z,AG-1022,1,13.2,0,0.44,1,0,19,0
7257,ACC-107257,Ibadan,2026-07-27T07:06:45.397Z,AG-1018,0,9.2,1,8.77,2,0,17,0
7258,ACC-107258,Abuja,2026-08-10T07:06:45.397Z,AG-1012,0,19.4,0,12.1,0,0,16,0
7259,ACC-107259,Ibadan,2026-07-06T07:06:45.397Z,AG-1036,4,12.2,0,25.93,0,0,10,0
7260,ACC-107260,Ibadan,2026-08-19T07:06:45.397Z,AG-1032,3,0,0,17.68,2,0,22,0
7261,ACC-107261,Ibadan,2026-06-28T07:06:45.397Z,AG-1004,1,33.1,1,10.02,0,0,14,0
7262,ACC-107262,Kano,2026-07-18T07:06:45.397Z,AG-1015,2,9.8,0,0.35,2,0,18,0
7263,ACC-107263,Port Harcourt,2026-07-02T07:06:45.397Z,AG-1019,2,30,1,7.29,2,5997,18,0
7264,ACC-107264,Port Harcourt,2026-08-14T07:06:45.397Z,AG-1039,4,0,0,21.48,0,0,9,0
7265,ACC-107265,Lagos,2026-08-17T07:06:45.397Z,AG-1036,2,0,0,1.23,2,0,13,0
7266,ACC-107266,Abuja,2026-08-07T07:06:45.397Z,AG-1010,0,40.9,1,0,1,0,6,0
7267,ACC-107267,Port Harcourt,2026-07-20T07:06:45.397Z,AG-1030,1,1.2,0,26.54,0,0,18,0
7268,ACC-107268,Lagos,2026-08-03T07:06:45.397Z,AG-1026,3,4.3,1,19.18,0,0,10,0
7269,ACC-107269,Port Harcourt,2026-06-19T07:06:45.397Z,AG-1033,2,37.5,1,17.21,0,0,22,0
7270,ACC-107270,Kano,2026-07-11T07:06:45.397Z,AG-1031,2,29.3,0,7.57,0,0,13,0
7271,ACC-107271,Kano,2026-07-26T07:06:45.397Z,AG-1007,0,0,0,10.08,3,0,15,0
7272,ACC-107272,Kano,2026-07-17T07:06:45.397Z,AG-1007,0,12.9,0,43.48,2,0,11,0
7273,ACC-107273,Kano,2026-07-29T07:06:45.397Z,AG-1002,2,0,1,10.98,1,0,6,0
7274,ACC-107274,Port Harcourt,2026-06-11T07:06:45.397Z,AG-1013,1,26.7,0,5.34,1,0,6,0
7275,ACC-107275,Kano,2026-07-16T07:06:45.397Z,AG-1034,0,0,0,21.33,1,0,14,0
7276,ACC-107276,Kano,2026-06-27T07:06:45.397Z,AG-1019,0,17.3,0,27.31,2,0,13,0
7277,ACC-107277,Abuja,2026-07-11T07:06:45.397Z,AG-1017,0,0,1,7,0,0,17,0
7278,ACC-107278,Kano,2026-08-24T07:06:45.397Z,AG-1029,0,17.2,0,0,0,0,16,0
7279,ACC-107279,Ibadan,2026-07-05T07:06:45.397Z,AG-1000,2,15.2,0,21.64,0,0,12,0
7280,ACC-107280,Port Harcourt,2026-07-05T07:06:45.397Z,AG-1033,2,0,0,23.92,3,6586,8,0
7281,ACC-107281,Ibadan,2026-06-28T07:06:45.397Z,AG-1003,4,0,1,26.58,1,0,10,0
7282,ACC-107282,Kano,2026-06-18T07:06:45.397Z,AG-1032,1,6.5,1,7.88,1,0,19,0
7283,ACC-107283,Lagos,2026-08-20T07:06:45.397Z,AG-1011,1,24.4,0,8.85,1,0,19,0
7284,ACC-107284,Abuja,2026-08-28T07:06:45.397Z,AG-1007,0,46.2,0,16.3,1,0,19,0
7285,ACC-107285,Lagos,2026-07-22T07:06:45.397Z,AG-1025,2,1.9,0,6.86,0,0,22,0
7286,ACC-107286,Kano,2026-08-15T07:06:45.397Z,AG-1023,7,184.5,1,1.13,2,92116,0,1
7287,ACC-107287,Ibadan,2026-08-25T07:06:45.397Z,AG-1004,2,50,1,27.6,1,0,21,0
7288,ACC-107288,Lagos,2026-07-19T07:06:45.397Z,AG-1013,0,3.6,0,0.8,1,0,6,0
7289,ACC-107289,Abuja,2026-07-10T07:06:45.397Z,AG-1039,2,28.8,1,24.37,1,0,12,0
7290,ACC-107290,Lagos,2026-08-20T07:06:45.397Z,AG-1022,1,23.4,0,11.31,1,0,12,0
7291,ACC-107291,Ibadan,2026-07-31T07:06:45.397Z,AG-1005,1,0,0,3.66,1,0,15,0
7292,ACC-107292,Port Harcourt,2026-08-21T07:06:45.397Z,AG-1030,3,37.6,0,15.77,0,0,15,0
7293,ACC-107293,Kano,2026-06-13T07:06:45.397Z,AG-1021,1,22.1,0,3.51,0,0,18,0
7294,ACC-107294,Ibadan,2026-07-10T07:06:45.397Z,AG-1021,5,0,1,24.13,0,0,14,0
7295,ACC-107295,Port Harcourt,2026-08-30T07:06:45.397Z,AG-1005,0,0,0,8.66,2,0,6,0
7296,ACC-107296,Kano,2026-08-08T07:06:45.397Z,AG-1034,4,6.2,0,2.03,0,0,21,0
7297,ACC-107297,Port Harcourt,2026-06-14T07:06:45.397Z,AG-1000,3,49.8,0,8.06,0,0,22,0
7298,ACC-107298,Ibadan,2026-08-16T07:06:45.397Z,AG-1015,0,19.2,0,9.13,1,0,8,0
7299,ACC-107299,Port Harcourt,2026-07-31T07:06:45.397Z,AG-1004,2,17.6,0,26.65,0,0,9,0
7300,ACC-107300,Port Harcourt,2026-06-07T07:06:45.397Z,AG-1004,4,49.5,1,9.37,0,0,15,0
7301,ACC-107301,Kano,2026-07-28T07:06:45.397Z,AG-1022,2,18.7,1,25.96,2,0,11,0
7302,ACC-107302,Kano,2026-09-03T07:06:45.397Z,AG-1012,0,54.2,0,14.66,2,15194,10,0
7303,ACC-107303,Port Harcourt,2026-07-14T07:06:45.397Z,AG-1039,0,0,1,19.34,0,0,20,0
7304,ACC-107304,Kano,2026-07-07T07:06:45.397Z,AG-1030,5,51.3,0,23.58,0,0,21,0
7305,ACC-107305,Kano,2026-08-18T07:06:45.397Z,AG-1023,3,0,0,14.37,2,0,7,0
7306,ACC-107306,Abuja,2026-07-03T07:06:45.397Z,AG-1031,2,44.8,0,9.85,1,0,8,0
7307,ACC-107307,Port Harcourt,2026-07-21T07:06:45.397Z,AG-1024,2,48.7,0,2.66,2,9348,14,0
7308,ACC-107308,Abuja,2026-08-30T07:06:45.397Z,AG-1013,4,281.9,0,0.87,6,307412,2,1
7309,ACC-107309,Kano,2026-07-03T07:06:45.397Z,AG-1035,0,148.2,1,1.5,6,460886,4,1
7310,ACC-107310,Abuja,2026-08-12T07:06:45.397Z,AG-1038,0,41.4,1,1.82,0,0,17,0
7311,ACC-107311,Abuja,2026-06-11T07:06:45.397Z,AG-1005,3,0,1,13.35,0,0,22,0
7312,ACC-107312,Ibadan,2026-07-30T07:06:45.397Z,AG-1010,1,97.6,0,19.8,0,0,21,0
7313,ACC-107313,Kano,2026-08-22T07:06:45.397Z,AG-1023,3,0,1,32.74,0,0,17,0
7314,ACC-107314,Ibadan,2026-08-05T07:06:45.397Z,AG-1006,3,16.6,0,7.83,0,0,19,0
7315,ACC-107315,Abuja,2026-08-16T07:06:45.397Z,AG-1028,2,0,1,0,0,0,11,0
7316,ACC-107316,Abuja,2026-08-25T07:06:45.397Z,AG-1020,2,36.4,0,23.61,1,8974,20,0
7317,ACC-107317,Abuja,2026-06-20T07:06:45.397Z,AG-1007,0,37.1,0,0,0,0,6,0
7318,ACC-107318,Kano,2026-08-28T07:06:45.397Z,AG-1037,1,0,1,21.71,0,0,6,0
7319,ACC-107319,Lagos,2026-06-08T07:06:45.397Z,AG-1023,0,24.4,0,8.59,2,9402,18,0
7320,ACC-107320,Port Harcourt,2026-06-26T07:06:45.397Z,AG-1039,2,420,1,0.51,6,486627,23,1
7321,ACC-107321,Port Harcourt,2026-07-16T07:06:45.397Z,AG-1014,3,37.6,0,24.85,0,0,19,0
7322,ACC-107322,Ibadan,2026-08-19T07:06:45.397Z,AG-1008,2,48.4,0,14.38,0,0,21,0
7323,ACC-107323,Lagos,2026-08-11T07:06:45.397Z,AG-1007,1,36.4,0,14.75,0,0,20,0
7324,ACC-107324,Ibadan,2026-07-06T07:06:45.397Z,AG-1009,2,73.1,0,30.01,0,0,16,0
7325,ACC-107325,Ibadan,2026-08-24T07:06:45.397Z,AG-1027,4,73.3,0,13.78,1,0,19,0
7326,ACC-107326,Lagos,2026-08-09T07:06:45.397Z,AG-1025,0,16.1,1,19.96,1,0,14,0
7327,ACC-107327,Ibadan,2026-07-10T07:06:45.397Z,AG-1020,3,35.6,0,10.56,0,0,22,0
7328,ACC-107328,Kano,2026-08-21T07:06:45.397Z,AG-1017,1,40,0,21.31,1,0,10,0
7329,ACC-107329,Ibadan,2026-07-23T07:06:45.397Z,AG-1031,1,12.3,1,25.73,2,0,19,0
7330,ACC-107330,Lagos,2026-07-15T07:06:45.397Z,AG-1012,1,0,0,26.79,0,0,15,0
7331,ACC-107331,Ibadan,2026-08-01T07:06:45.397Z,AG-1031,0,115.3,1,6.14,2,10184,20,0
7332,ACC-107332,Lagos,2026-08-07T07:06:45.397Z,AG-1008,0,31.9,0,6.17,2,13305,20,0
7333,ACC-107333,Ibadan,2026-06-12T07:06:45.397Z,AG-1022,1,31,0,21.4,1,0,16,0
7334,ACC-107334,Ibadan,2026-07-08T07:06:45.397Z,AG-1024,0,21.8,0,16.72,1,0,13,0
7335,ACC-107335,Kano,2026-06-27T07:06:45.397Z,AG-1037,4,214.5,0,2.48,4,156305,2,1
7336,ACC-107336,Abuja,2026-07-11T07:06:45.397Z,AG-1038,0,7.5,0,22.1,0,0,12,0
7337,ACC-107337,Lagos,2026-06-30T07:06:45.397Z,AG-1038,2,11.3,0,9.48,1,0,18,0
7338,ACC-107338,Lagos,2026-06-19T07:06:45.397Z,AG-1000,2,5.8,0,18.13,0,0,20,0
7339,ACC-107339,Port Harcourt,2026-06-20T07:06:45.397Z,AG-1030,0,50.6,0,26.61,1,0,6,0
7340,ACC-107340,Port Harcourt,2026-06-21T07:06:45.397Z,AG-1006,0,17.6,0,12.85,0,0,8,0
7341,ACC-107341,Ibadan,2026-08-15T07:06:45.397Z,AG-1019,0,20.7,1,12.13,2,0,16,0
7342,ACC-107342,Ibadan,2026-07-27T07:06:45.397Z,AG-1012,2,15.4,0,6.66,0,12380,9,0
7343,ACC-107343,Ibadan,2026-08-11T07:06:45.397Z,AG-1017,1,1.8,1,16.66,0,10810,15,0
7344,ACC-107344,Abuja,2026-07-22T07:06:45.397Z,AG-1000,0,35.5,0,18.53,0,0,21,0
7345,ACC-107345,Lagos,2026-07-21T07:06:45.397Z,AG-1024,0,248.2,1,1.85,4,186577,2,1
7346,ACC-107346,Abuja,2026-07-10T07:06:45.397Z,AG-1011,0,6.6,0,11,1,14088,22,0
7347,ACC-107347,Abuja,2026-06-29T07:06:45.397Z,AG-1015,1,25.8,1,25.4,1,0,19,0
7348,ACC-107348,Kano,2026-06-27T07:06:45.397Z,AG-1022,1,0,1,17.28,1,0,6,0
7349,ACC-107349,Ibadan,2026-06-07T07:06:45.397Z,AG-1033,0,61.9,0,13.42,1,0,18,0
7350,ACC-107350,Abuja,2026-08-19T07:06:45.397Z,AG-1030,2,31.6,0,12,0,0,19,0
7351,ACC-107351,Kano,2026-07-24T07:06:45.397Z,AG-1024,0,15.9,0,3.2,0,0,22,0
7352,ACC-107352,Lagos,2026-08-26T07:06:45.397Z,AG-1009,2,0,1,27.01,0,14328,17,0
7353,ACC-107353,Ibadan,2026-07-09T07:06:45.397Z,AG-1015,3,38,1,4.32,0,0,13,0
7354,ACC-107354,Abuja,2026-08-23T07:06:45.397Z,AG-1024,2,61,1,34.11,0,16772,18,0
7355,ACC-107355,Abuja,2026-06-08T07:06:45.397Z,AG-1016,2,19,0,8.49,1,0,19,0
7356,ACC-107356,Lagos,2026-07-22T07:06:45.397Z,AG-1020,0,20.2,0,15.53,2,0,15,0
7357,ACC-107357,Abuja,2026-08-18T07:06:45.397Z,AG-1023,4,422.1,1,0.42,6,585768,0,1
7358,ACC-107358,Port Harcourt,2026-08-02T07:06:45.397Z,AG-1028,3,9.6,1,20.04,1,0,10,0
7359,ACC-107359,Ibadan,2026-08-08T07:06:45.397Z,AG-1037,6,33.2,1,16.99,1,0,13,0
7360,ACC-107360,Lagos,2026-08-06T07:06:45.397Z,AG-1005,2,56.9,0,0,1,3084,10,0
7361,ACC-107361,Kano,2026-07-24T07:06:45.397Z,AG-1015,2,18.3,0,14.37,0,0,6,0
7362,ACC-107362,Abuja,2026-07-18T07:06:45.397Z,AG-1035,0,50.9,0,2.18,0,8192,15,0
7363,ACC-107363,Lagos,2026-08-09T07:06:45.397Z,AG-1031,2,9.4,0,4.58,0,1678,10,0
7364,ACC-107364,Ibadan,2026-09-03T07:06:45.397Z,AG-1001,3,10.4,0,6.3,0,0,8,0
7365,ACC-107365,Kano,2026-06-08T07:06:45.397Z,AG-1032,4,33,1,2.85,0,0,9,0
7366,ACC-107366,Abuja,2026-06-26T07:06:45.397Z,AG-1030,2,0,1,1.19,2,17374,7,0
7367,ACC-107367,Lagos,2026-06-29T07:06:45.397Z,AG-1023,4,54.6,1,1.33,5,290262,1,1
7368,ACC-107368,Lagos,2026-07-15T07:06:45.397Z,AG-1031,4,19.7,1,16.48,2,0,20,0
7369,ACC-107369,Ibadan,2026-08-12T07:06:45.397Z,AG-1000,1,57.5,0,30.06,2,0,15,0
7370,ACC-107370,Kano,2026-09-03T07:06:45.397Z,AG-1010,2,18.5,0,21.16,1,0,20,0
7371,ACC-107371,Ibadan,2026-07-05T07:06:45.397Z,AG-1009,0,0,1,0,1,0,16,0
7372,ACC-107372,Port Harcourt,2026-08-02T07:06:45.397Z,AG-1038,0,0,0,10.73,2,0,6,0
7373,ACC-107373,Port Harcourt,2026-06-13T07:06:45.397Z,AG-1014,2,15.2,0,7.35,0,0,10,0
7374,ACC-107374,Port Harcourt,2026-06-24T07:06:45.397Z,AG-1001,1,0,1,0,1,0,6,0
7375,ACC-107375,Ibadan,2026-06-14T07:06:45.397Z,AG-1009,2,53.8,0,15.74,0,0,17,0
7376,ACC-107376,Ibadan,2026-06-13T07:06:45.397Z,AG-1009,1,10.1,1,23.12,1,0,6,0
7377,ACC-107377,Port Harcourt,2026-06-19T07:06:45.397Z,AG-1028,4,61.9,0,18.73,1,7788,12,0
7378,ACC-107378,Lagos,2026-07-20T07:06:45.397Z,AG-1033,1,17.1,0,18.3,0,16027,7,0
7379,ACC-107379,Abuja,2026-06-12T07:06:45.397Z,AG-1002,1,13.5,0,10.27,2,0,7,0
7380,ACC-107380,Port Harcourt,2026-06-09T07:06:45.397Z,AG-1016,0,2.4,0,9.79,0,0,15,0
7381,ACC-107381,Port Harcourt,2026-07-30T07:06:45.397Z,AG-1022,0,63.8,0,10.34,0,0,18,0
7382,ACC-107382,Port Harcourt,2026-08-12T07:06:45.397Z,AG-1012,0,16.9,0,13.74,2,0,8,0
7383,ACC-107383,Kano,2026-07-16T07:06:45.397Z,AG-1021,1,12.3,0,22.23,1,0,7,0
7384,ACC-107384,Port Harcourt,2026-08-19T07:06:45.397Z,AG-1009,2,9.6,0,10.67,0,0,18,0
7385,ACC-107385,Abuja,2026-07-11T07:06:45.397Z,AG-1029,2,35.5,0,20.83,0,6149,11,0
7386,ACC-107386,Abuja,2026-06-25T07:06:45.397Z,AG-1007,3,0,0,19.48,0,4321,6,0
7387,ACC-107387,Lagos,2026-07-03T07:06:45.397Z,AG-1020,0,7.5,0,3.96,0,0,12,0
7388,ACC-107388,Abuja,2026-06-14T07:06:45.397Z,AG-1024,1,71.8,1,16.72,3,8175,6,0
7389,ACC-107389,Kano,2026-08-17T07:06:45.397Z,AG-1027,2,11.7,0,11.12,0,0,14,0
7390,ACC-107390,Abuja,2026-06-24T07:06:45.397Z,AG-1037,0,38.6,0,11.49,0,0,15,0
7391,ACC-107391,Ibadan,2026-08-19T07:06:45.397Z,AG-1018,0,33.6,0,13.51,0,0,6,0
7392,ACC-107392,Abuja,2026-06-17T07:06:45.397Z,AG-1016,2,25.2,0,25.58,0,0,11,0
7393,ACC-107393,Abuja,2026-07-23T07:06:45.397Z,AG-1001,2,89.4,0,27.17,2,17838,13,0
7394,ACC-107394,Port Harcourt,2026-06-13T07:06:45.397Z,AG-1033,0,39.4,1,11.08,0,0,11,0
7395,ACC-107395,Port Harcourt,2026-07-05T07:06:45.397Z,AG-1030,1,67,1,27.31,0,3010,14,0
7396,ACC-107396,Abuja,2026-08-29T07:06:45.397Z,AG-1010,2,0,1,0,1,0,17,0
7397,ACC-107397,Abuja,2026-08-28T07:06:45.397Z,AG-1007,1,46.5,0,6.41,0,0,13,0
7398,ACC-107398,Port Harcourt,2026-06-12T07:06:45.397Z,AG-1034,2,9.5,0,4.83,0,0,10,0
7399,ACC-107399,Ibadan,2026-07-30T07:06:45.397Z,AG-1014,0,2.6,0,0,1,0,10,0
7400,ACC-107400,Port Harcourt,2026-07-23T07:06:45.397Z,AG-1031,0,0,1,1.04,6,537132,1,1
7401,ACC-107401,Ibadan,2026-06-28T07:06:45.397Z,AG-1037,3,86.1,0,4.77,1,4353,22,0
7402,ACC-107402,Port Harcourt,2026-07-08T07:06:45.397Z,AG-1014,1,49.7,0,0,0,5612,22,0
7403,ACC-107403,Abuja,2026-08-29T07:06:45.397Z,AG-1009,1,0,0,25.16,3,200,7,0
7404,ACC-107404,Ibadan,2026-08-30T07:06:45.397Z,AG-1001,15,211.5,0,0.16,5,289583,4,1
7405,ACC-107405,Port Harcourt,2026-07-27T07:06:45.397Z,AG-1019,0,5.9,1,12.5,0,8930,7,0
7406,ACC-107406,Abuja,2026-07-13T07:06:45.397Z,AG-1027,0,43.2,0,34.97,0,0,9,0
7407,ACC-107407,Port Harcourt,2026-08-11T07:06:45.397Z,AG-1024,1,0,0,15.11,3,20080,10,0
7408,ACC-107408,Abuja,2026-06-12T07:06:45.397Z,AG-1014,0,29.5,0,26.49,0,0,10,0
7409,ACC-107409,Ibadan,2026-09-01T07:06:45.397Z,AG-1031,1,15.7,1,2.69,1,0,15,0
7410,ACC-107410,Abuja,2026-06-15T07:06:45.397Z,AG-1015,3,0,0,0,0,0,18,0
7411,ACC-107411,Kano,2026-08-20T07:06:45.397Z,AG-1019,2,0,1,14.3,1,22,21,0
7412,ACC-107412,Ibadan,2026-07-25T07:06:45.397Z,AG-1024,0,0,0,25.63,0,0,19,0
7413,ACC-107413,Kano,2026-07-03T07:06:45.397Z,AG-1024,3,0,0,1.83,1,0,19,0
7414,ACC-107414,Kano,2026-06-10T07:06:45.397Z,AG-1024,2,8.2,1,6.38,0,0,7,0
7415,ACC-107415,Port Harcourt,2026-07-25T07:06:45.397Z,AG-1036,1,212.7,1,0.66,4,270579,17,1
7416,ACC-107416,Port Harcourt,2026-06-26T07:06:45.397Z,AG-1036,2,8.5,0,17.83,0,10690,18,0
7417,ACC-107417,Lagos,2026-07-11T07:06:45.397Z,AG-1017,3,6,0,0,1,0,20,0
7418,ACC-107418,Ibadan,2026-09-01T07:06:45.397Z,AG-1009,3,10.9,0,20.9,1,0,8,0
7419,ACC-107419,Abuja,2026-07-05T07:06:45.397Z,AG-1019,5,66.7,0,28.83,0,0,14,0
7420,ACC-107420,Port Harcourt,2026-08-02T07:06:45.397Z,AG-1025,2,61.9,0,5.16,2,0,6,0
7421,ACC-107421,Lagos,2026-06-06T07:06:45.397Z,AG-1017,3,79.9,1,18.94,1,7039,16,0
7422,ACC-107422,Abuja,2026-07-11T07:06:45.397Z,AG-1032,1,17.1,0,10.55,0,0,15,0
7423,ACC-107423,Abuja,2026-08-15T07:06:45.397Z,AG-1001,1,9.5,1,3.86,1,0,19,0
7424,ACC-107424,Abuja,2026-09-03T07:06:45.397Z,AG-1015,0,0,1,0,0,0,6,0
7425,ACC-107425,Lagos,2026-08-26T07:06:45.397Z,AG-1025,0,1.1,0,10.4,0,0,6,0
7426,ACC-107426,Kano,2026-08-01T07:06:45.397Z,AG-1020,1,0,1,17.52,0,0,22,0
7427,ACC-107427,Kano,2026-08-01T07:06:45.397Z,AG-1020,1,5.3,0,25.75,2,15449,17,0
7428,ACC-107428,Abuja,2026-08-31T07:06:45.397Z,AG-1021,1,0,0,2.07,2,9642,17,0
7429,ACC-107429,Port Harcourt,2026-08-26T07:06:45.397Z,AG-1036,0,4.2,0,31.26,0,4614,13,0
7430,ACC-107430,Kano,2026-08-12T07:06:45.397Z,AG-1022,1,9.4,0,19.28,0,16494,14,0
7431,ACC-107431,Port Harcourt,2026-07-20T07:06:45.397Z,AG-1036,1,0.8,0,11.38,0,8107,20,0
7432,ACC-107432,Kano,2026-08-16T07:06:45.397Z,AG-1011,3,11.6,1,15.03,0,10760,11,0
7433,ACC-107433,Abuja,2026-08-07T07:06:45.400Z,AG-1038,0,12.3,0,19.76,1,375,8,0
7434,ACC-107434,Kano,2026-07-18T07:06:45.400Z,AG-1017,3,58.8,0,6.03,3,0,7,0
7435,ACC-107435,Lagos,2026-06-06T07:06:45.400Z,AG-1026,2,25,0,19.95,0,0,15,0
7436,ACC-107436,Abuja,2026-08-24T07:06:45.400Z,AG-1035,3,29.7,0,12.77,0,4528,6,0
7437,ACC-107437,Abuja,2026-07-02T07:06:45.400Z,AG-1007,0,14.5,0,6.27,0,0,22,0
7438,ACC-107438,Abuja,2026-06-09T07:06:45.400Z,AG-1029,2,46,1,17.49,1,0,16,0
7439,ACC-107439,Abuja,2026-07-06T07:06:45.400Z,AG-1009,0,34.1,0,23.3,1,0,15,0
7440,ACC-107440,Ibadan,2026-08-30T07:06:45.400Z,AG-1033,2,51.7,1,5.96,1,14870,13,0
7441,ACC-107441,Abuja,2026-08-22T07:06:45.400Z,AG-1018,2,0,0,1.77,0,17168,9,0
7442,ACC-107442,Port Harcourt,2026-08-25T07:06:45.400Z,AG-1037,3,64.7,0,7.42,1,0,19,0
7443,ACC-107443,Abuja,2026-08-05T07:06:45.400Z,AG-1016,3,23.2,1,10.92,2,0,22,0
7444,ACC-107444,Kano,2026-06-17T07:06:45.400Z,AG-1006,3,8.3,0,9.2,0,0,6,0
7445,ACC-107445,Kano,2026-06-14T07:06:45.400Z,AG-1032,2,0,0,0,1,0,6,0
7446,ACC-107446,Ibadan,2026-06-08T07:06:45.400Z,AG-1024,2,18.8,1,8.06,0,0,22,0
7447,ACC-107447,Kano,2026-08-27T07:06:45.400Z,AG-1036,1,33.5,1,9.81,0,0,15,0
7448,ACC-107448,Kano,2026-07-17T07:06:45.400Z,AG-1022,1,27.1,1,10.42,0,0,17,0
7449,ACC-107449,Ibadan,2026-07-23T07:06:45.400Z,AG-1025,1,30.3,0,14.8,0,0,6,0
7450,ACC-107450,Port Harcourt,2026-06-12T07:06:45.400Z,AG-1011,2,39.8,0,4.04,0,15567,20,0
7451,ACC-107451,Ibadan,2026-08-07T07:06:45.400Z,AG-1036,2,41.4,1,27.06,0,0,6,0
7452,ACC-107452,Kano,2026-07-21T07:06:45.400Z,AG-1013,0,24.2,0,5.03,0,0,21,0
7453,ACC-107453,Port Harcourt,2026-07-02T07:06:45.400Z,AG-1026,3,32.8,0,5.19,0,0,10,0
7454,ACC-107454,Lagos,2026-07-27T07:06:45.400Z,AG-1013,3,0,0,8.54,0,10018,18,0
7455,ACC-107455,Ibadan,2026-08-02T07:06:45.400Z,AG-1026,3,0.3,1,0.04,0,0,9,0
7456,ACC-107456,Ibadan,2026-07-29T07:06:45.400Z,AG-1016,3,22.8,0,17.14,1,0,12,0
7457,ACC-107457,Kano,2026-06-28T07:06:45.400Z,AG-1012,1,21.9,0,4.68,1,0,14,0
7458,ACC-107458,Port Harcourt,2026-06-19T07:06:45.400Z,AG-1036,1,18.9,0,15.9,0,0,21,0
7459,ACC-107459,Abuja,2026-07-19T07:06:45.400Z,AG-1036,0,0,1,11.2,1,0,6,0
7460,ACC-107460,Port Harcourt,2026-08-23T07:06:45.400Z,AG-1032,3,9.6,0,6.04,1,0,20,0
7461,ACC-107461,Ibadan,2026-07-01T07:06:45.400Z,AG-1014,3,167.6,1,1.8,4,0,3,1
7462,ACC-107462,Abuja,2026-08-16T07:06:45.400Z,AG-1032,0,0,0,8.05,0,0,14,0
7463,ACC-107463,Kano,2026-08-31T07:06:45.400Z,AG-1009,1,21.1,0,3.85,1,16163,21,0
7464,ACC-107464,Kano,2026-07-24T07:06:45.400Z,AG-1027,3,16.3,0,24.8,0,0,19,0
7465,ACC-107465,Ibadan,2026-08-24T07:06:45.400Z,AG-1035,1,0,1,9.22,0,0,22,0
7466,ACC-107466,Port Harcourt,2026-06-27T07:06:45.400Z,AG-1014,2,9.7,0,16.05,0,0,9,0
7467,ACC-107467,Port Harcourt,2026-08-17T07:06:45.400Z,AG-1012,1,0,0,27.94,2,0,10,0
7468,ACC-107468,Abuja,2026-08-12T07:06:45.400Z,AG-1014,0,8,0,18.41,2,0,18,0
7469,ACC-107469,Abuja,2026-07-23T07:06:45.400Z,AG-1012,1,19.7,1,9.35,0,0,15,0
7470,ACC-107470,Port Harcourt,2026-06-27T07:06:45.400Z,AG-1028,5,23.2,0,4.54,0,0,9,0
7471,ACC-107471,Lagos,2026-08-23T07:06:45.400Z,AG-1022,1,8,0,20.4,1,0,7,0
7472,ACC-107472,Abuja,2026-06-27T07:06:45.400Z,AG-1004,0,13.5,1,33.46,0,0,12,0
7473,ACC-107473,Lagos,2026-07-12T07:06:45.400Z,AG-1037,3,2.1,0,2.23,0,0,18,0
7474,ACC-107474,Lagos,2026-07-18T07:06:45.400Z,AG-1022,4,32.7,1,14.3,0,0,10,0
7475,ACC-107475,Ibadan,2026-06-19T07:06:45.400Z,AG-1003,3,4.4,0,0,1,0,8,0
7476,ACC-107476,Kano,2026-07-10T07:06:45.400Z,AG-1012,4,177.4,1,0.37,3,421210,2,1
7477,ACC-107477,Kano,2026-07-12T07:06:45.400Z,AG-1035,0,44.8,1,0.75,0,0,17,0
7478,ACC-107478,Lagos,2026-09-03T07:06:45.400Z,AG-1014,1,47.4,0,18.72,3,0,11,0
7479,ACC-107479,Ibadan,2026-06-17T07:06:45.400Z,AG-1013,2,101.8,0,12.76,0,0,13,0
7480,ACC-107480,Lagos,2026-09-02T07:06:45.400Z,AG-1002,2,58.7,0,23.82,4,0,15,0
7481,ACC-107481,Port Harcourt,2026-08-23T07:06:45.400Z,AG-1007,1,9.4,0,23.97,0,0,17,0
7482,ACC-107482,Port Harcourt,2026-08-04T07:06:45.400Z,AG-1015,3,13.5,0,11.18,2,0,11,0
7483,ACC-107483,Kano,2026-07-14T07:06:45.400Z,AG-1003,1,31.8,1,21.61,0,0,15,0
7484,ACC-107484,Port Harcourt,2026-06-14T07:06:45.400Z,AG-1037,0,8,0,26.27,1,11351,22,0
7485,ACC-107485,Port Harcourt,2026-07-17T07:06:45.400Z,AG-1010,2,98.3,0,21.11,2,0,22,0
7486,ACC-107486,Kano,2026-08-02T07:06:45.400Z,AG-1034,0,49,1,18.72,0,17177,7,0
7487,ACC-107487,Port Harcourt,2026-06-09T07:06:45.400Z,AG-1001,1,6.3,1,0,0,0,22,0
7488,ACC-107488,Kano,2026-06-24T07:06:45.400Z,AG-1036,3,43,0,0,0,0,15,0
7489,ACC-107489,Kano,2026-07-10T07:06:45.400Z,AG-1032,1,10.4,0,3.16,0,0,13,0
7490,ACC-107490,Port Harcourt,2026-06-18T07:06:45.400Z,AG-1032,3,65.5,0,13.47,1,0,19,0
7491,ACC-107491,Abuja,2026-06-27T07:06:45.400Z,AG-1025,0,22.4,0,0,0,0,6,0
7492,ACC-107492,Kano,2026-06-28T07:06:45.400Z,AG-1019,3,117.3,1,1.14,6,75003,5,1
7493,ACC-107493,Lagos,2026-07-14T07:06:45.400Z,AG-1034,0,69.3,1,19.77,0,0,21,0
7494,ACC-107494,Ibadan,2026-08-29T07:06:45.400Z,AG-1035,5,0,0,24.53,0,0,10,0
7495,ACC-107495,Abuja,2026-07-28T07:06:45.400Z,AG-1030,1,19.2,0,3.68,0,0,6,0
7496,ACC-107496,Port Harcourt,2026-07-13T07:06:45.400Z,AG-1003,2,57.7,0,1.15,1,0,8,0
7497,ACC-107497,Kano,2026-08-26T07:06:45.400Z,AG-1007,4,17.6,1,10.27,1,0,19,0
7498,ACC-107498,Lagos,2026-07-10T07:06:45.400Z,AG-1027,1,9.7,1,0,1,0,6,0
7499,ACC-107499,Port Harcourt,2026-07-07T07:06:45.400Z,AG-1001,1,0,0,0,0,0,13,0
7500,ACC-107500,Abuja,2026-08-03T07:06:45.400Z,AG-1020,0,30.1,1,8.41,0,0,10,0
7501,ACC-107501,Port Harcourt,2026-06-20T07:06:45.400Z,AG-1013,0,0,0,18.05,2,0,17,0
7502,ACC-107502,Kano,2026-06-10T07:06:45.400Z,AG-1029,2,44.3,1,16.88,1,0,10,0
7503,ACC-107503,Lagos,2026-07-17T07:06:45.400Z,AG-1016,2,301.4,1,0,4,404439,23,1
7504,ACC-107504,Port Harcourt,2026-07-18T07:06:45.400Z,AG-1038,1,0,1,26.62,1,0,10,0
7505,ACC-107505,Port Harcourt,2026-06-08T07:06:45.400Z,AG-1015,2,2.8,0,9.64,0,0,8,0
7506,ACC-107506,Lagos,2026-09-04T07:06:45.400Z,AG-1031,2,41.4,0,3.49,0,0,17,0
7507,ACC-107507,Kano,2026-06-18T07:06:45.400Z,AG-1014,2,17.6,0,30.25,1,0,17,0
7508,ACC-107508,Kano,2026-07-29T07:06:45.400Z,AG-1000,3,34.6,1,0.48,1,14759,10,0
7509,ACC-107509,Ibadan,2026-06-18T07:06:45.400Z,AG-1026,1,15.3,0,16.66,3,0,19,0
7510,ACC-107510,Abuja,2026-08-29T07:06:45.400Z,AG-1029,0,7.4,0,26.26,2,15404,13,0
7511,ACC-107511,Lagos,2026-08-05T07:06:45.400Z,AG-1039,1,0,0,0,1,11266,6,0
7512,ACC-107512,Kano,2026-06-12T07:06:45.400Z,AG-1032,1,12.3,0,0,0,0,6,0
7513,ACC-107513,Port Harcourt,2026-06-19T07:06:45.400Z,AG-1014,1,6,0,11.06,0,0,21,0
7514,ACC-107514,Ibadan,2026-06-09T07:06:45.400Z,AG-1027,1,23.8,1,15.52,0,0,17,0
7515,ACC-107515,Kano,2026-06-13T07:06:45.400Z,AG-1012,1,39.3,1,25.54,0,9623,21,0
7516,ACC-107516,Ibadan,2026-07-16T07:06:45.400Z,AG-1006,0,21.7,0,17.11,0,7571,20,0
7517,ACC-107517,Lagos,2026-07-10T07:06:45.400Z,AG-1025,0,8.7,0,15.64,0,0,16,0
7518,ACC-107518,Kano,2026-06-22T07:06:45.400Z,AG-1005,2,29.5,0,14.88,1,0,20,0
7519,ACC-107519,Kano,2026-08-22T07:06:45.400Z,AG-1030,0,5.6,0,24.3,2,6472,11,0
7520,ACC-107520,Abuja,2026-07-30T07:06:45.400Z,AG-1036,0,0,1,31.12,1,0,8,0
7521,ACC-107521,Lagos,2026-07-13T07:06:45.400Z,AG-1008,3,40.3,0,17.27,0,0,11,0
7522,ACC-107522,Kano,2026-07-30T07:06:45.400Z,AG-1032,6,0,1,9.16,1,0,18,0
7523,ACC-107523,Kano,2026-07-31T07:06:45.400Z,AG-1001,4,0.1,0,30.37,0,0,15,0
7524,ACC-107524,Ibadan,2026-08-04T07:06:45.400Z,AG-1027,0,5.7,0,24.05,2,0,9,0
7525,ACC-107525,Ibadan,2026-08-10T07:06:45.400Z,AG-1024,1,86.6,0,17.35,0,0,20,0
7526,ACC-107526,Kano,2026-06-26T07:06:45.400Z,AG-1009,2,38.8,0,0,1,0,16,0
7527,ACC-107527,Port Harcourt,2026-08-12T07:06:45.400Z,AG-1028,2,71.6,0,10.31,0,10841,8,0
7528,ACC-107528,Abuja,2026-06-17T07:06:45.400Z,AG-1012,2,3,1,5.08,1,0,18,0
7529,ACC-107529,Port Harcourt,2026-08-20T07:06:45.400Z,AG-1011,5,13.6,0,11.29,0,0,19,0
7530,ACC-107530,Port Harcourt,2026-08-09T07:06:45.400Z,AG-1000,3,14.9,0,7.88,0,0,21,0
7531,ACC-107531,Kano,2026-06-20T07:06:45.400Z,AG-1036,2,0,0,18.11,2,0,18,0
7532,ACC-107532,Port Harcourt,2026-08-09T07:06:45.400Z,AG-1038,0,68.1,0,8.84,0,0,11,0
7533,ACC-107533,Ibadan,2026-08-07T07:06:45.400Z,AG-1014,4,88.8,1,1.4,7,286828,1,1
7534,ACC-107534,Port Harcourt,2026-08-01T07:06:45.400Z,AG-1035,3,3.1,1,18.17,0,0,19,0
7535,ACC-107535,Lagos,2026-08-01T07:06:45.400Z,AG-1038,3,0,0,16.15,1,0,12,0
7536,ACC-107536,Ibadan,2026-08-07T07:06:45.400Z,AG-1016,1,23.5,0,14.75,1,0,21,0
7537,ACC-107537,Ibadan,2026-06-15T07:06:45.400Z,AG-1008,2,53.3,0,13.34,0,0,10,0
7538,ACC-107538,Abuja,2026-06-16T07:06:45.400Z,AG-1009,4,3.8,0,12.74,2,12321,8,0
7539,ACC-107539,Abuja,2026-07-09T07:06:45.400Z,AG-1022,1,5.5,0,8.31,1,0,20,0
7540,ACC-107540,Port Harcourt,2026-08-03T07:06:45.400Z,AG-1030,6,396.9,1,0.08,5,447740,23,1
7541,ACC-107541,Kano,2026-08-01T07:06:45.400Z,AG-1021,3,18.8,1,4.18,1,0,17,0
7542,ACC-107542,Port Harcourt,2026-06-13T07:06:45.400Z,AG-1006,1,19,0,21.26,1,0,14,0
7543,ACC-107543,Kano,2026-08-22T07:06:45.400Z,AG-1019,0,47.6,1,17.28,2,0,16,0
7544,ACC-107544,Port Harcourt,2026-06-19T07:06:45.400Z,AG-1015,0,17.8,0,8.36,0,0,19,0
7545,ACC-107545,Port Harcourt,2026-06-20T07:06:45.400Z,AG-1025,0,36.6,1,11.26,1,0,19,0
7546,ACC-107546,Port Harcourt,2026-06-15T07:06:45.400Z,AG-1022,0,0,0,0,0,0,14,0
7547,ACC-107547,Port Harcourt,2026-07-07T07:06:45.400Z,AG-1033,1,32.7,0,25.73,0,0,6,0
7548,ACC-107548,Abuja,2026-07-05T07:06:45.400Z,AG-1006,0,6.8,0,4.36,0,0,19,0
7549,ACC-107549,Abuja,2026-08-07T07:06:45.400Z,AG-1004,0,11,1,13.9,0,0,20,0
7550,ACC-107550,Abuja,2026-07-29T07:06:45.400Z,AG-1000,2,10.7,1,19.07,1,0,10,0
7551,ACC-107551,Ibadan,2026-08-03T07:06:45.400Z,AG-1026,0,0,0,16.76,1,0,16,0
7552,ACC-107552,Port Harcourt,2026-07-10T07:06:45.400Z,AG-1000,4,55,0,16.44,1,0,8,0
7553,ACC-107553,Kano,2026-07-17T07:06:45.400Z,AG-1020,1,20.9,1,19.78,0,10876,12,0
7554,ACC-107554,Kano,2026-06-12T07:06:45.400Z,AG-1023,0,7.1,0,13.62,0,0,11,0
7555,ACC-107555,Ibadan,2026-06-26T07:06:45.400Z,AG-1002,2,57.7,1,17.46,0,0,12,0
7556,ACC-107556,Abuja,2026-06-24T07:06:45.400Z,AG-1032,3,10.6,1,5.31,1,14511,8,0
7557,ACC-107557,Ibadan,2026-08-17T07:06:45.400Z,AG-1015,0,22.6,1,14.4,0,1990,13,0
7558,ACC-107558,Ibadan,2026-08-29T07:06:45.400Z,AG-1017,4,32.4,0,6.33,2,0,17,0
7559,ACC-107559,Lagos,2026-08-05T07:06:45.400Z,AG-1014,3,0,1,11.05,0,0,21,0
7560,ACC-107560,Kano,2026-06-17T07:06:45.400Z,AG-1032,3,67.4,0,19.54,3,10040,19,0
7561,ACC-107561,Abuja,2026-06-14T07:06:45.400Z,AG-1031,1,69,0,13.46,0,0,16,0
7562,ACC-107562,Abuja,2026-06-15T07:06:45.400Z,AG-1035,0,0,0,0,0,0,6,0
7563,ACC-107563,Abuja,2026-07-21T07:06:45.400Z,AG-1019,1,32.3,0,19.5,0,0,12,0
7564,ACC-107564,Kano,2026-08-16T07:06:45.400Z,AG-1022,3,306.6,1,0,3,552955,17,1
7565,ACC-107565,Lagos,2026-06-09T07:06:45.400Z,AG-1028,0,0.1,0,20.76,2,0,13,0
7566,ACC-107566,Kano,2026-08-22T07:06:45.400Z,AG-1033,0,112.4,0,14.64,0,8698,18,0
7567,ACC-107567,Abuja,2026-07-23T07:06:45.400Z,AG-1007,4,25.7,0,6.13,0,0,6,0
7568,ACC-107568,Lagos,2026-06-25T07:06:45.400Z,AG-1030,1,494.7,0,0.31,4,296348,6,1
7569,ACC-107569,Ibadan,2026-07-04T07:06:45.400Z,AG-1036,1,5.9,0,2.06,0,0,10,0
7570,ACC-107570,Ibadan,2026-07-05T07:06:45.400Z,AG-1002,1,44.6,1,6.03,1,0,12,0
7571,ACC-107571,Abuja,2026-08-22T07:06:45.400Z,AG-1020,2,27.1,0,4.6,1,16376,15,0
7572,ACC-107572,Ibadan,2026-06-26T07:06:45.400Z,AG-1014,1,0,1,22.39,0,0,18,0
7573,ACC-107573,Abuja,2026-08-01T07:06:45.400Z,AG-1020,0,45.2,1,20.57,1,5320,17,0
7574,ACC-107574,Ibadan,2026-07-23T07:06:45.400Z,AG-1024,0,0,1,13.5,0,0,20,0
7575,ACC-107575,Abuja,2026-06-17T07:06:45.400Z,AG-1006,0,0,0,13.38,0,0,12,0
7576,ACC-107576,Abuja,2026-06-11T07:06:45.400Z,AG-1032,1,0,1,30.8,1,0,6,0
7577,ACC-107577,Kano,2026-07-18T07:06:45.400Z,AG-1031,0,5.6,0,0,1,0,6,0
7578,ACC-107578,Lagos,2026-07-28T07:06:45.400Z,AG-1039,1,0,0,0.04,1,0,20,0
7579,ACC-107579,Port Harcourt,2026-06-14T07:06:45.400Z,AG-1010,0,10.9,1,18.46,2,0,10,0
7580,ACC-107580,Abuja,2026-08-07T07:06:45.400Z,AG-1034,3,218.8,1,0.22,3,96832,1,1
7581,ACC-107581,Kano,2026-07-25T07:06:45.400Z,AG-1010,1,17.7,1,0,0,0,19,0
7582,ACC-107582,Port Harcourt,2026-08-02T07:06:45.400Z,AG-1031,1,19.3,0,17.29,1,0,22,0
7583,ACC-107583,Abuja,2026-08-08T07:06:45.400Z,AG-1017,1,12.1,0,0,1,21501,11,0
7584,ACC-107584,Kano,2026-08-28T07:06:45.400Z,AG-1004,2,24.3,1,10.88,1,0,9,0
7585,ACC-107585,Kano,2026-06-13T07:06:45.400Z,AG-1035,1,56.7,0,15.81,0,0,14,0
7586,ACC-107586,Kano,2026-07-09T07:06:45.400Z,AG-1038,0,20.4,1,13.61,1,0,15,0
7587,ACC-107587,Port Harcourt,2026-06-26T07:06:45.400Z,AG-1009,0,28.8,0,6.27,0,0,13,0
7588,ACC-107588,Port Harcourt,2026-08-13T07:06:45.400Z,AG-1013,5,22.8,0,17.61,1,0,18,0
7589,ACC-107589,Port Harcourt,2026-08-04T07:06:45.400Z,AG-1014,4,21.8,0,14.94,0,5180,20,0
7590,ACC-107590,Abuja,2026-06-08T07:06:45.400Z,AG-1028,1,36.1,1,13.45,1,0,8,0
7591,ACC-107591,Port Harcourt,2026-07-29T07:06:45.400Z,AG-1020,3,0,1,0,1,0,18,0
7592,ACC-107592,Lagos,2026-07-22T07:06:45.400Z,AG-1030,5,24.9,0,0,1,11168,6,0
7593,ACC-107593,Ibadan,2026-07-18T07:06:45.400Z,AG-1006,0,3.5,0,8.3,0,0,21,0
7594,ACC-107594,Port Harcourt,2026-06-11T07:06:45.400Z,AG-1008,0,36,1,24.89,2,0,11,0
7595,ACC-107595,Lagos,2026-06-26T07:06:45.400Z,AG-1011,0,2.9,0,19.47,0,0,8,0
7596,ACC-107596,Lagos,2026-07-21T07:06:45.400Z,AG-1001,1,14.1,0,15.99,0,0,16,0
7597,ACC-107597,Port Harcourt,2026-07-09T07:06:45.400Z,AG-1032,6,305.5,0,0.2,6,494271,7,1
7598,ACC-107598,Port Harcourt,2026-08-25T07:06:45.400Z,AG-1022,3,8.8,0,11.03,0,11330,11,0
7599,ACC-107599,Port Harcourt,2026-08-17T07:06:45.400Z,AG-1019,2,43.4,0,16.88,1,0,12,0
7600,ACC-107600,Lagos,2026-06-26T07:06:45.400Z,AG-1026,0,0,0,23.57,0,12932,20,0
7601,ACC-107601,Ibadan,2026-06-17T07:06:45.400Z,AG-1024,2,59,1,16.82,0,0,6,0
7602,ACC-107602,Kano,2026-08-16T07:06:45.400Z,AG-1027,3,18.3,0,5.85,1,0,22,0
7603,ACC-107603,Ibadan,2026-06-26T07:06:45.400Z,AG-1032,2,0,0,26.59,3,21594,14,0
7604,ACC-107604,Kano,2026-07-20T07:06:45.400Z,AG-1002,0,50.1,0,0,0,0,21,0
7605,ACC-107605,Abuja,2026-07-21T07:06:45.400Z,AG-1028,1,5.6,0,22.24,0,0,12,0
7606,ACC-107606,Kano,2026-07-16T07:06:45.400Z,AG-1001,2,12.5,0,12.46,2,0,8,0
7607,ACC-107607,Ibadan,2026-07-21T07:06:45.400Z,AG-1002,1,5.6,0,12.41,2,0,15,0
7608,ACC-107608,Abuja,2026-07-17T07:06:45.400Z,AG-1010,2,44.4,0,19.78,2,0,8,0
7609,ACC-107609,Kano,2026-07-01T07:06:45.400Z,AG-1013,2,10,1,17.13,0,9597,22,0
7610,ACC-107610,Abuja,2026-08-28T07:06:45.400Z,AG-1024,3,19.2,0,13.7,0,0,13,0
7611,ACC-107611,Port Harcourt,2026-06-16T07:06:45.400Z,AG-1018,0,35.8,1,7.34,1,0,10,0
7612,ACC-107612,Abuja,2026-08-29T07:06:45.400Z,AG-1032,1,45.1,0,20.85,1,0,20,0
7613,ACC-107613,Ibadan,2026-09-01T07:06:45.400Z,AG-1007,4,0,0,32.7,1,0,21,0
7614,ACC-107614,Ibadan,2026-08-26T07:06:45.400Z,AG-1000,2,12.4,0,9.54,1,25522,22,0
7615,ACC-107615,Port Harcourt,2026-07-18T07:06:45.400Z,AG-1027,3,24.6,0,33,1,0,14,0
7616,ACC-107616,Kano,2026-06-24T07:06:45.400Z,AG-1028,5,0,0,20.52,0,17359,7,0
7617,ACC-107617,Port Harcourt,2026-07-19T07:06:45.400Z,AG-1003,2,23.5,0,15.44,2,0,14,0
7618,ACC-107618,Lagos,2026-08-22T07:06:45.400Z,AG-1002,5,59.9,0,13.61,0,0,21,0
7619,ACC-107619,Abuja,2026-07-18T07:06:45.400Z,AG-1002,1,17.6,0,6.71,0,0,13,0
7620,ACC-107620,Port Harcourt,2026-08-02T07:06:45.400Z,AG-1028,5,0.8,0,24.46,0,0,12,0
7621,ACC-107621,Lagos,2026-06-13T07:06:45.400Z,AG-1013,2,16.9,0,6.58,0,8631,20,0
7622,ACC-107622,Abuja,2026-08-26T07:06:45.400Z,AG-1010,0,0.6,0,13.89,0,0,9,0
7623,ACC-107623,Kano,2026-08-18T07:06:45.400Z,AG-1005,2,0,1,2.78,0,0,11,0
7624,ACC-107624,Port Harcourt,2026-08-23T07:06:45.400Z,AG-1011,3,0,0,5.35,0,0,17,0
7625,ACC-107625,Port Harcourt,2026-07-05T07:06:45.400Z,AG-1013,2,6.7,1,0,3,0,14,0
7626,ACC-107626,Ibadan,2026-06-08T07:06:45.400Z,AG-1001,0,7.6,0,19.48,1,0,7,0
7627,ACC-107627,Ibadan,2026-06-12T07:06:45.400Z,AG-1023,2,37.4,0,22.11,1,0,21,0
7628,ACC-107628,Kano,2026-06-27T07:06:45.400Z,AG-1028,0,0,1,21.85,3,0,19,0
7629,ACC-107629,Abuja,2026-07-01T07:06:45.400Z,AG-1025,0,0,0,26.34,0,0,10,0
7630,ACC-107630,Lagos,2026-07-06T07:06:45.400Z,AG-1038,1,0,1,12.02,0,0,12,0
7631,ACC-107631,Kano,2026-08-09T07:06:45.400Z,AG-1032,1,55.2,0,8.17,0,0,22,0
7632,ACC-107632,Lagos,2026-08-20T07:06:45.400Z,AG-1007,4,25,1,22.91,1,0,19,0
7633,ACC-107633,Ibadan,2026-07-07T07:06:45.400Z,AG-1039,8,245.5,1,1.52,4,356028,2,1
7634,ACC-107634,Port Harcourt,2026-07-23T07:06:45.400Z,AG-1034,4,13.2,0,23.52,1,0,17,0
7635,ACC-107635,Abuja,2026-07-03T07:06:45.400Z,AG-1032,2,17.4,0,0,0,12479,20,0
7636,ACC-107636,Port Harcourt,2026-07-26T07:06:45.400Z,AG-1003,1,41.6,0,10.05,2,0,12,0
7637,ACC-107637,Port Harcourt,2026-07-03T07:06:45.400Z,AG-1002,6,427.8,1,1.94,7,249680,5,1
7638,ACC-107638,Port Harcourt,2026-07-07T07:06:45.400Z,AG-1036,2,0,0,16.7,0,0,21,0
7639,ACC-107639,Abuja,2026-07-12T07:06:45.400Z,AG-1018,2,0,0,13.46,2,0,13,0
7640,ACC-107640,Kano,2026-08-24T07:06:45.400Z,AG-1039,4,297.3,0,0.06,3,285192,0,1
7641,ACC-107641,Port Harcourt,2026-07-20T07:06:45.400Z,AG-1019,0,4.7,0,15.95,1,0,8,0
7642,ACC-107642,Kano,2026-08-19T07:06:45.400Z,AG-1003,2,33.2,0,15.39,1,13798,18,0
7643,ACC-107643,Kano,2026-07-07T07:06:45.400Z,AG-1028,4,263.8,1,1.14,4,352175,23,1
7644,ACC-107644,Lagos,2026-08-13T07:06:45.400Z,AG-1012,3,0,1,33.12,0,0,10,0
7645,ACC-107645,Port Harcourt,2026-07-06T07:06:45.400Z,AG-1034,1,13.7,0,3.06,1,9324,22,0
7646,ACC-107646,Abuja,2026-06-28T07:06:45.400Z,AG-1019,5,0,1,0,0,0,13,0
7647,ACC-107647,Kano,2026-07-01T07:06:45.400Z,AG-1003,0,32.5,0,31.76,0,21500,7,0
7648,ACC-107648,Lagos,2026-07-24T07:06:45.400Z,AG-1019,1,49.6,0,27.61,1,0,8,0
7649,ACC-107649,Lagos,2026-07-15T07:06:45.400Z,AG-1022,0,2.4,1,6.07,1,0,20,0
7650,ACC-107650,Port Harcourt,2026-07-13T07:06:45.400Z,AG-1025,1,1.9,0,3.11,0,19882,18,0
7651,ACC-107651,Lagos,2026-07-23T07:06:45.400Z,AG-1016,0,0,0,4.72,1,0,9,0
7652,ACC-107652,Kano,2026-08-28T07:06:45.400Z,AG-1007,3,3.5,0,18.28,0,0,18,0
7653,ACC-107653,Port Harcourt,2026-08-08T07:06:45.400Z,AG-1031,2,78.3,1,18.43,1,0,15,0
7654,ACC-107654,Ibadan,2026-07-07T07:06:45.400Z,AG-1016,4,0,0,10.13,0,2600,22,0
7655,ACC-107655,Lagos,2026-08-12T07:06:45.400Z,AG-1018,1,55.8,0,0,1,6321,20,0
7656,ACC-107656,Lagos,2026-08-02T07:06:45.400Z,AG-1022,1,25.6,0,27.57,2,0,6,0
7657,ACC-107657,Port Harcourt,2026-08-05T07:06:45.400Z,AG-1009,2,24.8,1,12.55,1,0,8,0
7658,ACC-107658,Lagos,2026-08-23T07:06:45.400Z,AG-1036,2,29.1,1,16.52,2,0,18,0
7659,ACC-107659,Abuja,2026-07-26T07:06:45.400Z,AG-1035,0,40.8,0,10.6,0,0,9,0
7660,ACC-107660,Lagos,2026-06-09T07:06:45.400Z,AG-1010,1,31.2,0,0,1,0,20,0
7661,ACC-107661,Abuja,2026-07-18T07:06:45.400Z,AG-1012,0,31.3,0,1.63,2,0,20,0
7662,ACC-107662,Kano,2026-08-20T07:06:45.400Z,AG-1018,0,0,0,19.97,0,0,16,0
7663,ACC-107663,Ibadan,2026-08-29T07:06:45.400Z,AG-1032,0,0,0,2.41,0,0,13,0
7664,ACC-107664,Kano,2026-06-25T07:06:45.400Z,AG-1022,0,0,1,17.5,1,1828,6,0
7665,ACC-107665,Port Harcourt,2026-07-16T07:06:45.400Z,AG-1020,2,7.5,0,13,2,0,6,0
7666,ACC-107666,Lagos,2026-08-14T07:06:45.400Z,AG-1022,2,0,1,22.05,0,0,17,0
7667,ACC-107667,Lagos,2026-07-25T07:06:45.400Z,AG-1006,2,36.3,0,30.02,1,0,22,0
7668,ACC-107668,Kano,2026-06-12T07:06:45.400Z,AG-1025,0,20.1,0,13.33,1,0,15,0
7669,ACC-107669,Ibadan,2026-09-01T07:06:45.400Z,AG-1007,0,8.9,1,38.91,1,0,14,0
7670,ACC-107670,Lagos,2026-06-09T07:06:45.400Z,AG-1027,2,45.6,1,17.55,0,0,12,0
7671,ACC-107671,Ibadan,2026-07-31T07:06:45.400Z,AG-1021,6,418.8,0,0,2,67596,3,1
7672,ACC-107672,Kano,2026-06-15T07:06:45.400Z,AG-1004,2,29.9,1,20.2,0,0,17,0
7673,ACC-107673,Ibadan,2026-07-06T07:06:45.400Z,AG-1007,2,4.4,1,0,0,0,10,0
7674,ACC-107674,Abuja,2026-08-28T07:06:45.400Z,AG-1036,2,9.8,0,9.19,1,0,18,0
7675,ACC-107675,Kano,2026-07-17T07:06:45.400Z,AG-1031,2,83.8,0,19.14,0,0,14,0
7676,ACC-107676,Ibadan,2026-08-06T07:06:45.400Z,AG-1013,2,43.4,0,15.03,0,9271,13,0
7677,ACC-107677,Ibadan,2026-07-08T07:06:45.400Z,AG-1028,0,14.8,1,32.21,2,0,9,0
7678,ACC-107678,Ibadan,2026-07-09T07:06:45.400Z,AG-1006,2,6.8,1,13.83,2,0,7,0
7679,ACC-107679,Port Harcourt,2026-06-17T07:06:45.400Z,AG-1008,2,13.7,0,0,2,4766,22,0
7680,ACC-107680,Kano,2026-06-20T07:06:45.400Z,AG-1017,1,20.9,0,0,4,0,12,0
7681,ACC-107681,Lagos,2026-08-29T07:06:45.400Z,AG-1023,2,4,0,16.11,2,0,12,0
7682,ACC-107682,Port Harcourt,2026-07-15T07:06:45.400Z,AG-1007,2,10.9,0,14.86,0,18911,9,0
7683,ACC-107683,Kano,2026-06-18T07:06:45.400Z,AG-1025,1,46.2,0,10.96,1,0,6,0
7684,ACC-107684,Ibadan,2026-06-24T07:06:45.400Z,AG-1023,3,27.6,1,8.84,2,0,10,0
7685,ACC-107685,Lagos,2026-08-13T07:06:45.400Z,AG-1010,3,0,0,6.13,1,0,8,0
7686,ACC-107686,Abuja,2026-08-27T07:06:45.400Z,AG-1039,3,50.8,0,0.89,0,24279,18,0
7687,ACC-107687,Ibadan,2026-06-23T07:06:45.400Z,AG-1038,3,24.5,1,20.09,1,0,21,0
7688,ACC-107688,Lagos,2026-08-06T07:06:45.400Z,AG-1024,1,43.6,0,29.95,1,5326,11,0
7689,ACC-107689,Abuja,2026-08-05T07:06:45.400Z,AG-1034,2,69.7,1,0.58,3,140735,2,1
7690,ACC-107690,Kano,2026-08-21T07:06:45.400Z,AG-1017,1,0,1,22.37,0,0,14,0
7691,ACC-107691,Abuja,2026-07-04T07:06:45.400Z,AG-1014,4,0,0,16.22,0,0,15,0
7692,ACC-107692,Abuja,2026-07-07T07:06:45.400Z,AG-1031,3,12.5,0,20.15,1,7844,6,0
7693,ACC-107693,Kano,2026-06-19T07:06:45.400Z,AG-1037,3,12.4,1,6.45,0,0,15,0
7694,ACC-107694,Ibadan,2026-06-11T07:06:45.400Z,AG-1000,0,13.2,0,27.92,1,7129,6,0
7695,ACC-107695,Kano,2026-08-08T07:06:45.400Z,AG-1001,1,38.5,1,13.07,0,0,17,0
7696,ACC-107696,Kano,2026-06-17T07:06:45.400Z,AG-1019,0,4.7,0,26.73,0,0,16,0
7697,ACC-107697,Ibadan,2026-06-28T07:06:45.400Z,AG-1033,2,0,0,10.04,0,0,21,0
7698,ACC-107698,Ibadan,2026-06-19T07:06:45.400Z,AG-1014,1,51.5,0,0,0,9292,19,0
7699,ACC-107699,Abuja,2026-07-14T07:06:45.400Z,AG-1027,2,233.1,1,0,2,172578,3,1
7700,ACC-107700,Abuja,2026-06-25T07:06:45.400Z,AG-1018,0,0,0,22.69,3,0,8,0
7701,ACC-107701,Kano,2026-08-15T07:06:45.400Z,AG-1025,1,0,0,21.53,0,0,11,0
7702,ACC-107702,Kano,2026-08-31T07:06:45.400Z,AG-1012,3,66,0,0,0,57,7,0
7703,ACC-107703,Abuja,2026-08-07T07:06:45.400Z,AG-1014,3,0,1,15.42,2,0,12,0
7704,ACC-107704,Kano,2026-08-03T07:06:45.400Z,AG-1031,2,29,0,14.67,0,0,10,0
7705,ACC-107705,Lagos,2026-07-30T07:06:45.400Z,AG-1022,0,7.2,1,0,1,0,6,0
7706,ACC-107706,Ibadan,2026-06-22T07:06:45.400Z,AG-1023,2,0,0,21.26,0,0,20,0
7707,ACC-107707,Ibadan,2026-08-10T07:06:45.400Z,AG-1009,2,0,1,0,6,589663,7,1
7708,ACC-107708,Lagos,2026-07-04T07:06:45.400Z,AG-1006,5,3,0,8.6,0,0,8,0
7709,ACC-107709,Abuja,2026-07-17T07:06:45.400Z,AG-1037,0,1.2,0,3.37,0,0,19,0
7710,ACC-107710,Lagos,2026-07-23T07:06:45.400Z,AG-1033,0,3.1,1,15.56,2,0,7,0
7711,ACC-107711,Abuja,2026-06-23T07:06:45.400Z,AG-1031,0,0,0,10.81,0,0,13,0
7712,ACC-107712,Ibadan,2026-06-25T07:06:45.400Z,AG-1034,0,116.6,1,23.8,0,0,6,0
7713,ACC-107713,Ibadan,2026-06-11T07:06:45.400Z,AG-1035,1,0,0,6.2,1,0,22,0
7714,ACC-107714,Abuja,2026-07-17T07:06:45.400Z,AG-1004,1,1.3,0,27.08,1,14583,10,0
7715,ACC-107715,Abuja,2026-07-06T07:06:45.400Z,AG-1037,2,0,0,21.87,1,0,13,0
7716,ACC-107716,Ibadan,2026-07-13T07:06:45.400Z,AG-1032,1,0,1,12.37,0,7565,11,0
7717,ACC-107717,Port Harcourt,2026-06-27T07:06:45.400Z,AG-1030,2,32.7,0,18.45,0,0,14,0
7718,ACC-107718,Port Harcourt,2026-08-15T07:06:45.400Z,AG-1007,2,2.1,0,12.17,2,0,6,0
7719,ACC-107719,Kano,2026-07-22T07:06:45.400Z,AG-1009,4,49.4,1,16.99,2,0,8,0
7720,ACC-107720,Abuja,2026-07-27T07:06:45.400Z,AG-1018,1,38.1,0,12.75,2,0,9,0
7721,ACC-107721,Kano,2026-08-20T07:06:45.400Z,AG-1011,2,0,0,6.34,1,0,16,0
7722,ACC-107722,Abuja,2026-08-20T07:06:45.400Z,AG-1024,0,0,1,32.43,0,0,16,0
7723,ACC-107723,Kano,2026-08-15T07:06:45.400Z,AG-1021,5,24.9,0,21.62,2,0,19,0
7724,ACC-107724,Port Harcourt,2026-06-11T07:06:45.400Z,AG-1024,3,2.1,1,11.12,2,21550,19,0
7725,ACC-107725,Lagos,2026-08-27T07:06:45.400Z,AG-1002,2,3.1,0,0,0,0,6,0
7726,ACC-107726,Lagos,2026-06-11T07:06:45.400Z,AG-1036,0,50.6,0,12.45,0,0,11,0
7727,ACC-107727,Port Harcourt,2026-08-27T07:06:45.400Z,AG-1037,2,98.8,1,6.96,0,17827,12,0
7728,ACC-107728,Lagos,2026-08-13T07:06:45.400Z,AG-1004,0,6.5,0,26.13,2,0,15,0
7729,ACC-107729,Ibadan,2026-07-02T07:06:45.400Z,AG-1033,2,40.9,0,4.5,1,0,18,0
7730,ACC-107730,Kano,2026-06-11T07:06:45.400Z,AG-1006,2,14,0,7.99,1,0,21,0
7731,ACC-107731,Lagos,2026-08-06T07:06:45.400Z,AG-1018,1,15.4,0,11.31,0,0,11,0
7732,ACC-107732,Ibadan,2026-07-27T07:06:45.400Z,AG-1022,3,58.3,0,16.63,0,0,9,0
7733,ACC-107733,Abuja,2026-07-21T07:06:45.400Z,AG-1028,1,11.6,0,15.3,0,17461,22,0
7734,ACC-107734,Lagos,2026-06-09T07:06:45.400Z,AG-1001,1,16.9,0,19,1,2336,9,0
7735,ACC-107735,Ibadan,2026-06-10T07:06:45.400Z,AG-1017,2,18,0,9.16,2,0,19,0
7736,ACC-107736,Kano,2026-06-19T07:06:45.400Z,AG-1011,0,17,0,9.7,0,0,11,0
7737,ACC-107737,Ibadan,2026-07-21T07:06:45.400Z,AG-1001,1,51.8,1,21.85,1,19717,7,0
7738,ACC-107738,Abuja,2026-06-29T07:06:45.400Z,AG-1020,3,5.7,0,20.22,1,0,15,0
7739,ACC-107739,Abuja,2026-08-02T07:06:45.400Z,AG-1020,4,484.5,1,2.28,2,744621,23,1
7740,ACC-107740,Abuja,2026-08-30T07:06:45.400Z,AG-1029,1,6.6,0,15.84,0,0,11,0
7741,ACC-107741,Kano,2026-07-17T07:06:45.400Z,AG-1033,2,13.9,0,8.51,0,12157,17,0
7742,ACC-107742,Lagos,2026-07-29T07:06:45.400Z,AG-1018,0,15,0,31.73,0,0,8,0
7743,ACC-107743,Abuja,2026-08-14T07:06:45.400Z,AG-1013,1,0,0,30.07,0,22884,20,0
7744,ACC-107744,Lagos,2026-06-25T07:06:45.400Z,AG-1018,0,23.4,0,21.24,1,0,8,0
7745,ACC-107745,Lagos,2026-07-01T07:06:45.400Z,AG-1038,3,0,1,0,8,325295,17,1
7746,ACC-107746,Lagos,2026-06-13T07:06:45.400Z,AG-1005,0,52.5,1,8.29,1,4399,12,0
7747,ACC-107747,Ibadan,2026-06-10T07:06:45.400Z,AG-1028,1,51.9,0,0,0,2933,21,0
7748,ACC-107748,Port Harcourt,2026-07-18T07:06:45.400Z,AG-1000,4,0,0,28.09,1,22328,20,0
7749,ACC-107749,Kano,2026-07-03T07:06:45.400Z,AG-1028,3,30,0,29.59,1,0,9,0
7750,ACC-107750,Lagos,2026-08-25T07:06:45.400Z,AG-1004,3,11.3,0,18.06,0,0,22,0
7751,ACC-107751,Lagos,2026-07-05T07:06:45.400Z,AG-1035,2,26.7,1,12.39,0,0,18,0
7752,ACC-107752,Abuja,2026-06-19T07:06:45.400Z,AG-1002,3,0,1,18.24,3,0,17,0
7753,ACC-107753,Ibadan,2026-06-28T07:06:45.400Z,AG-1035,0,28,0,17.24,1,0,9,0
7754,ACC-107754,Kano,2026-08-09T07:06:45.400Z,AG-1038,3,14.9,0,9.52,1,24736,16,0
7755,ACC-107755,Ibadan,2026-06-09T07:06:45.400Z,AG-1010,2,18.4,1,15.71,1,0,6,0
7756,ACC-107756,Ibadan,2026-07-21T07:06:45.400Z,AG-1012,2,53,1,15.23,0,0,6,0
7757,ACC-107757,Lagos,2026-06-12T07:06:45.400Z,AG-1037,1,36,0,15.15,1,0,11,0
7758,ACC-107758,Ibadan,2026-08-30T07:06:45.400Z,AG-1013,2,37.5,0,7.82,0,0,19,0
7759,ACC-107759,Abuja,2026-06-28T07:06:45.400Z,AG-1033,1,7.8,1,15.14,0,12040,6,0
7760,ACC-107760,Lagos,2026-08-13T07:06:45.400Z,AG-1036,0,34.4,0,22.61,1,0,11,0
7761,ACC-107761,Port Harcourt,2026-07-23T07:06:45.400Z,AG-1023,2,0,1,13.99,1,11373,11,0
7762,ACC-107762,Abuja,2026-07-12T07:06:45.400Z,AG-1024,3,52.6,1,12.46,2,0,19,0
7763,ACC-107763,Lagos,2026-07-31T07:06:45.400Z,AG-1016,0,24.9,1,7.88,2,0,22,0
7764,ACC-107764,Kano,2026-07-10T07:06:45.400Z,AG-1010,3,0,1,15.19,0,0,17,0
7765,ACC-107765,Port Harcourt,2026-08-07T07:06:45.400Z,AG-1010,2,37.2,0,1.77,0,0,21,0
7766,ACC-107766,Port Harcourt,2026-07-15T07:06:45.400Z,AG-1023,2,5.4,0,2.6,0,8040,17,0
7767,ACC-107767,Abuja,2026-06-11T07:06:45.400Z,AG-1019,1,30.3,1,43.07,2,0,18,0
7768,ACC-107768,Port Harcourt,2026-07-08T07:06:45.400Z,AG-1003,2,46.1,0,23.69,0,0,22,0
7769,ACC-107769,Lagos,2026-08-07T07:06:45.400Z,AG-1018,3,4.7,0,8.85,1,0,22,0
7770,ACC-107770,Abuja,2026-08-29T07:06:45.400Z,AG-1023,3,0.6,0,4.17,2,0,15,0
7771,ACC-107771,Abuja,2026-08-03T07:06:45.400Z,AG-1020,2,2.4,0,14.1,0,0,6,0
7772,ACC-107772,Lagos,2026-07-07T07:06:45.400Z,AG-1008,2,42.4,1,22.89,0,0,6,0
7773,ACC-107773,Kano,2026-06-09T07:06:45.400Z,AG-1024,2,38.8,0,9.58,0,0,10,0
7774,ACC-107774,Abuja,2026-07-11T07:06:45.400Z,AG-1034,1,0,0,17.98,1,0,18,0
7775,ACC-107775,Lagos,2026-07-26T07:06:45.400Z,AG-1011,3,25.5,0,36.06,1,20234,11,0
7776,ACC-107776,Abuja,2026-09-04T07:06:45.400Z,AG-1010,0,21.6,0,7.06,1,0,10,0
7777,ACC-107777,Abuja,2026-06-23T07:06:45.400Z,AG-1014,3,6.4,1,2.4,3,0,18,0
7778,ACC-107778,Port Harcourt,2026-06-14T07:06:45.400Z,AG-1013,0,70.1,0,22.32,3,0,22,0
7779,ACC-107779,Abuja,2026-08-12T07:06:45.400Z,AG-1012,2,49.9,1,10.55,1,0,15,0
7780,ACC-107780,Kano,2026-08-01T07:06:45.400Z,AG-1000,1,28.8,0,15.19,0,0,18,0
7781,ACC-107781,Kano,2026-06-09T07:06:45.400Z,AG-1004,1,44.4,0,7.27,0,0,8,0
7782,ACC-107782,Abuja,2026-07-24T07:06:45.400Z,AG-1015,4,0,1,10.82,2,0,12,0
7783,ACC-107783,Ibadan,2026-09-04T07:06:45.400Z,AG-1015,2,12.6,0,24.74,1,0,13,0
7784,ACC-107784,Lagos,2026-06-24T07:06:45.400Z,AG-1003,2,13.1,0,26.05,0,0,9,0
7785,ACC-107785,Lagos,2026-08-13T07:06:45.400Z,AG-1024,3,46,0,20.96,1,0,6,0
7786,ACC-107786,Kano,2026-07-08T07:06:45.400Z,AG-1030,0,54.6,0,1.47,1,0,9,0
7787,ACC-107787,Lagos,2026-09-01T07:06:45.400Z,AG-1002,2,19.4,0,15.62,0,0,17,0
7788,ACC-107788,Port Harcourt,2026-07-30T07:06:45.400Z,AG-1037,0,0,0,4.94,2,0,12,0
7789,ACC-107789,Kano,2026-07-18T07:06:45.400Z,AG-1022,2,80.8,0,15.28,0,0,8,0
7790,ACC-107790,Kano,2026-08-24T07:06:45.400Z,AG-1026,2,14.9,0,0,2,0,7,0
7791,ACC-107791,Lagos,2026-07-17T07:06:45.400Z,AG-1020,0,28.7,0,6.67,1,0,13,0
7792,ACC-107792,Port Harcourt,2026-07-18T07:06:45.400Z,AG-1012,2,0,1,9.6,0,3717,17,0
7793,ACC-107793,Abuja,2026-06-29T07:06:45.400Z,AG-1017,1,285.9,1,0,4,854956,12,1
7794,ACC-107794,Abuja,2026-06-11T07:06:45.400Z,AG-1004,0,28.4,1,17.9,1,0,17,0
7795,ACC-107795,Port Harcourt,2026-08-05T07:06:45.400Z,AG-1010,0,0,0,16.57,2,0,11,0
7796,ACC-107796,Port Harcourt,2026-07-23T07:06:45.400Z,AG-1039,2,73.4,0,0,3,0,16,0
7797,ACC-107797,Lagos,2026-07-09T07:06:45.400Z,AG-1016,3,33.8,0,7.46,2,24490,8,0
7798,ACC-107798,Kano,2026-06-24T07:06:45.400Z,AG-1014,4,30.2,1,4.52,0,6447,7,0
7799,ACC-107799,Ibadan,2026-08-31T07:06:45.400Z,AG-1038,1,12.3,0,13.68,0,10409,22,0
7800,ACC-107800,Ibadan,2026-08-18T07:06:45.400Z,AG-1008,0,15,0,13.23,1,0,14,0
7801,ACC-107801,Port Harcourt,2026-08-22T07:06:45.400Z,AG-1015,1,42.3,0,15.01,0,0,20,0
7802,ACC-107802,Abuja,2026-08-10T07:06:45.400Z,AG-1031,3,17.1,0,17.27,1,0,16,0
7803,ACC-107803,Kano,2026-07-18T07:06:45.400Z,AG-1016,3,0,0,7,0,0,16,0
7804,ACC-107804,Abuja,2026-06-14T07:06:45.400Z,AG-1007,1,14.9,0,17.71,0,9075,7,0
7805,ACC-107805,Ibadan,2026-07-27T07:06:45.400Z,AG-1013,1,23.3,1,2.19,0,0,15,0
7806,ACC-107806,Lagos,2026-08-17T07:06:45.400Z,AG-1019,0,14.6,1,39.43,1,12978,12,0
7807,ACC-107807,Lagos,2026-06-18T07:06:45.400Z,AG-1017,0,0,0,19.28,1,5531,6,0
7808,ACC-107808,Abuja,2026-08-26T07:06:45.400Z,AG-1039,0,8.5,1,10.89,0,0,16,0
7809,ACC-107809,Port Harcourt,2026-07-25T07:06:45.400Z,AG-1004,3,0,0,24.62,0,16684,11,0
7810,ACC-107810,Abuja,2026-06-14T07:06:45.400Z,AG-1019,1,7.4,0,3.14,0,0,6,0
7811,ACC-107811,Abuja,2026-06-29T07:06:45.400Z,AG-1000,2,36.8,1,29.61,1,0,10,0
7812,ACC-107812,Port Harcourt,2026-08-17T07:06:45.400Z,AG-1037,0,0,0,0,0,0,12,0
7813,ACC-107813,Lagos,2026-06-16T07:06:45.400Z,AG-1036,0,1.6,1,29.9,0,0,21,0
7814,ACC-107814,Kano,2026-08-20T07:06:45.400Z,AG-1023,2,0,0,2.34,0,0,21,0
7815,ACC-107815,Kano,2026-06-18T07:06:45.400Z,AG-1009,0,0,0,0,1,0,8,0
7816,ACC-107816,Port Harcourt,2026-07-02T07:06:45.400Z,AG-1004,0,8.7,1,7.3,0,3613,6,0
7817,ACC-107817,Port Harcourt,2026-06-30T07:06:45.400Z,AG-1026,2,11.4,1,15.92,0,10932,7,0
7818,ACC-107818,Kano,2026-06-14T07:06:45.400Z,AG-1021,1,14.8,1,2.42,0,0,22,0
7819,ACC-107819,Port Harcourt,2026-07-26T07:06:45.400Z,AG-1001,2,5.3,0,18.79,0,0,11,0
7820,ACC-107820,Port Harcourt,2026-06-24T07:06:45.400Z,AG-1009,3,0,0,9.48,1,19600,17,0
7821,ACC-107821,Ibadan,2026-08-29T07:06:45.400Z,AG-1020,3,30.5,0,18.64,0,0,13,0
7822,ACC-107822,Kano,2026-08-31T07:06:45.400Z,AG-1023,4,0,0,19.66,0,0,9,0
7823,ACC-107823,Port Harcourt,2026-07-24T07:06:45.400Z,AG-1019,3,0,1,36.2,2,8323,16,0
7824,ACC-107824,Kano,2026-06-20T07:06:45.400Z,AG-1017,3,0,0,24.4,2,0,11,0
7825,ACC-107825,Abuja,2026-06-07T07:06:45.400Z,AG-1038,3,504.4,1,1.66,5,641022,3,1
7826,ACC-107826,Lagos,2026-06-07T07:06:45.400Z,AG-1015,2,40.6,0,4.55,1,0,6,0
7827,ACC-107827,Port Harcourt,2026-08-17T07:06:45.400Z,AG-1034,1,31.9,0,5.34,1,12927,21,0
7828,ACC-107828,Lagos,2026-06-30T07:06:45.400Z,AG-1020,4,0,0,15.83,0,0,9,0
7829,ACC-107829,Abuja,2026-07-26T07:06:45.400Z,AG-1018,5,20.8,0,12.18,1,0,15,0
7830,ACC-107830,Abuja,2026-08-08T07:06:45.400Z,AG-1035,1,13.3,0,10.99,0,0,16,0
7831,ACC-107831,Abuja,2026-06-08T07:06:45.400Z,AG-1035,0,53.5,1,10.06,1,9355,22,0
7832,ACC-107832,Port Harcourt,2026-06-08T07:06:45.400Z,AG-1010,4,0,0,0.21,2,9588,13,0
7833,ACC-107833,Lagos,2026-08-30T07:06:45.400Z,AG-1020,4,24.8,0,10.75,0,0,22,0
7834,ACC-107834,Lagos,2026-07-24T07:06:45.400Z,AG-1031,2,37.9,1,15.66,0,0,19,0
7835,ACC-107835,Ibadan,2026-08-13T07:06:45.400Z,AG-1017,4,3.5,0,8.99,2,0,18,0
7836,ACC-107836,Kano,2026-08-31T07:06:45.400Z,AG-1025,2,22.6,1,9.91,0,1470,6,0
7837,ACC-107837,Kano,2026-08-12T07:06:45.400Z,AG-1035,0,14.8,1,21.59,0,0,20,0
7838,ACC-107838,Abuja,2026-06-24T07:06:45.400Z,AG-1010,3,21.9,0,8.39,0,0,19,0
7839,ACC-107839,Ibadan,2026-08-20T07:06:45.400Z,AG-1018,1,12.6,0,13.47,1,15552,6,0
7840,ACC-107840,Kano,2026-07-15T07:06:45.400Z,AG-1022,1,42.2,0,22.45,0,0,17,0
7841,ACC-107841,Lagos,2026-08-28T07:06:45.400Z,AG-1001,2,37.4,0,18.19,0,0,10,0
7842,ACC-107842,Abuja,2026-08-03T07:06:45.400Z,AG-1006,1,28.2,0,7.52,0,0,12,0
7843,ACC-107843,Abuja,2026-07-26T07:06:45.400Z,AG-1031,2,0,0,19.01,0,10040,14,0
7844,ACC-107844,Lagos,2026-06-22T07:06:45.400Z,AG-1036,3,0,0,17.1,1,0,15,0
7845,ACC-107845,Abuja,2026-06-28T07:06:45.400Z,AG-1013,1,39.4,0,19.29,2,8188,10,0
7846,ACC-107846,Kano,2026-06-26T07:06:45.400Z,AG-1033,2,70.3,1,2.46,7,0,0,1
7847,ACC-107847,Abuja,2026-07-18T07:06:45.400Z,AG-1006,2,13.1,1,5.19,2,0,13,0
7848,ACC-107848,Port Harcourt,2026-06-09T07:06:45.400Z,AG-1012,2,17.4,0,0,0,0,15,0
7849,ACC-107849,Lagos,2026-07-30T07:06:45.400Z,AG-1021,2,10.6,0,8.97,0,0,9,0
7850,ACC-107850,Kano,2026-06-18T07:06:45.400Z,AG-1030,3,0,1,19.43,1,0,17,0
7851,ACC-107851,Port Harcourt,2026-09-04T07:06:45.400Z,AG-1007,1,74.8,1,23.13,0,2013,19,0
7852,ACC-107852,Lagos,2026-08-07T07:06:45.400Z,AG-1025,0,48.8,1,8.45,0,0,11,0
7853,ACC-107853,Lagos,2026-07-30T07:06:45.400Z,AG-1039,2,31.3,0,16.32,0,0,18,0
7854,ACC-107854,Abuja,2026-06-22T07:06:45.400Z,AG-1006,1,62.4,0,20.75,0,0,18,0
7855,ACC-107855,Abuja,2026-07-15T07:06:45.400Z,AG-1024,2,0,0,31.65,0,0,20,0
7856,ACC-107856,Abuja,2026-06-17T07:06:45.400Z,AG-1008,2,6.1,1,0,1,0,15,0
7857,ACC-107857,Ibadan,2026-09-04T07:06:45.400Z,AG-1010,0,35.3,1,0,1,16450,16,0
7858,ACC-107858,Abuja,2026-08-20T07:06:45.400Z,AG-1008,2,0,1,24.83,1,0,16,0
7859,ACC-107859,Abuja,2026-06-23T07:06:45.400Z,AG-1036,0,34.2,0,6.79,1,0,6,0
7860,ACC-107860,Kano,2026-07-08T07:06:45.400Z,AG-1034,3,13,1,30.27,0,1791,11,0
7861,ACC-107861,Abuja,2026-07-11T07:06:45.400Z,AG-1008,2,31.8,1,13.64,0,0,9,0
7862,ACC-107862,Abuja,2026-06-09T07:06:45.400Z,AG-1004,1,0,1,2.91,0,3782,9,0
7863,ACC-107863,Abuja,2026-07-26T07:06:45.400Z,AG-1019,2,0,0,17.34,0,0,8,0
7864,ACC-107864,Port Harcourt,2026-06-16T07:06:45.400Z,AG-1001,2,9.6,1,8.43,2,0,15,0
7865,ACC-107865,Ibadan,2026-08-21T07:06:45.400Z,AG-1009,1,10,0,17.51,1,0,16,0
7866,ACC-107866,Ibadan,2026-07-28T07:06:45.400Z,AG-1019,1,9.2,0,17.74,0,0,19,0
7867,ACC-107867,Ibadan,2026-07-04T07:06:45.400Z,AG-1013,4,8.3,1,3.5,0,0,9,0
7868,ACC-107868,Lagos,2026-06-11T07:06:45.400Z,AG-1007,2,35.7,0,18,0,0,9,0
7869,ACC-107869,Lagos,2026-06-15T07:06:45.400Z,AG-1005,1,35.7,0,2.09,0,0,6,0
7870,ACC-107870,Lagos,2026-07-03T07:06:45.400Z,AG-1020,1,0,0,7.32,1,0,12,0
7871,ACC-107871,Abuja,2026-07-31T07:06:45.400Z,AG-1034,0,0,1,29.05,0,0,21,0
7872,ACC-107872,Ibadan,2026-08-09T07:06:45.400Z,AG-1038,6,5.3,1,17.57,0,0,17,0
7873,ACC-107873,Abuja,2026-08-22T07:06:45.400Z,AG-1018,2,30,1,18.63,1,7337,11,0
7874,ACC-107874,Ibadan,2026-08-20T07:06:45.400Z,AG-1008,4,5.3,0,21.18,0,0,8,0
7875,ACC-107875,Kano,2026-07-21T07:06:45.400Z,AG-1031,0,0,1,2.59,0,12393,15,0
7876,ACC-107876,Kano,2026-07-21T07:06:45.400Z,AG-1031,4,5.4,1,27.33,1,0,12,0
7877,ACC-107877,Port Harcourt,2026-06-14T07:06:45.400Z,AG-1005,2,24.1,1,28.72,3,0,11,0
7878,ACC-107878,Lagos,2026-07-19T07:06:45.400Z,AG-1007,0,26.3,0,11.59,3,0,22,0
7879,ACC-107879,Ibadan,2026-07-03T07:06:45.400Z,AG-1006,1,5.2,0,26.07,1,0,17,0
7880,ACC-107880,Abuja,2026-06-30T07:06:45.401Z,AG-1032,3,25.5,0,0,0,0,15,0
7881,ACC-107881,Abuja,2026-07-25T07:06:45.401Z,AG-1008,0,14.6,0,15.92,2,0,21,0
7882,ACC-107882,Ibadan,2026-08-06T07:06:45.401Z,AG-1006,3,4.4,0,17.71,1,0,9,0
7883,ACC-107883,Lagos,2026-08-31T07:06:45.401Z,AG-1001,3,0,0,7.76,0,0,18,0
7884,ACC-107884,Ibadan,2026-06-10T07:06:45.401Z,AG-1030,2,22.3,1,8.48,0,0,6,0
7885,ACC-107885,Kano,2026-06-09T07:06:45.401Z,AG-1005,1,0,0,17.51,3,0,22,0
7886,ACC-107886,Lagos,2026-07-03T07:06:45.401Z,AG-1015,1,17.8,1,19.74,2,0,7,0
7887,ACC-107887,Port Harcourt,2026-07-13T07:06:45.401Z,AG-1022,2,4.5,1,25.47,0,0,14,0
7888,ACC-107888,Kano,2026-06-21T07:06:45.401Z,AG-1002,3,77.8,0,7.21,0,0,22,0
7889,ACC-107889,Port Harcourt,2026-06-28T07:06:45.401Z,AG-1017,5,5.2,0,8.89,1,0,16,0
7890,ACC-107890,Abuja,2026-06-29T07:06:45.401Z,AG-1015,6,39.6,0,9.33,2,0,16,0
7891,ACC-107891,Lagos,2026-07-01T07:06:45.401Z,AG-1033,0,17.7,1,0,0,7126,11,0
7892,ACC-107892,Abuja,2026-07-30T07:06:45.401Z,AG-1001,0,27.7,1,15.96,0,9941,9,0
7893,ACC-107893,Abuja,2026-08-25T07:06:45.401Z,AG-1032,2,26.9,0,23.49,0,10697,13,0
7894,ACC-107894,Kano,2026-06-26T07:06:45.401Z,AG-1012,3,5.5,0,13.2,1,0,14,0
7895,ACC-107895,Kano,2026-08-14T07:06:45.401Z,AG-1013,2,55.1,0,10.68,0,0,9,0
7896,ACC-107896,Kano,2026-08-18T07:06:45.401Z,AG-1019,0,84.6,1,17.82,0,0,18,0
7897,ACC-107897,Ibadan,2026-07-09T07:06:45.401Z,AG-1012,2,27.3,0,9.94,0,0,22,0
7898,ACC-107898,Abuja,2026-08-28T07:06:45.401Z,AG-1026,0,0,1,4.95,0,0,13,0
7899,ACC-107899,Ibadan,2026-06-19T07:06:45.401Z,AG-1024,1,6.9,0,0.93,0,0,11,0
7900,ACC-107900,Ibadan,2026-08-01T07:06:45.401Z,AG-1033,2,0.4,1,25.96,1,0,19,0
7901,ACC-107901,Abuja,2026-07-19T07:06:45.401Z,AG-1026,1,13.3,0,13.7,1,0,19,0
7902,ACC-107902,Ibadan,2026-06-26T07:06:45.401Z,AG-1008,1,52,0,0,1,0,11,0
7903,ACC-107903,Ibadan,2026-07-01T07:06:45.401Z,AG-1005,6,13,0,11.28,1,0,9,0
7904,ACC-107904,Lagos,2026-08-28T07:06:45.401Z,AG-1008,0,34.4,1,13.31,1,4573,8,0
7905,ACC-107905,Lagos,2026-08-26T07:06:45.401Z,AG-1016,0,18.5,0,25.95,1,0,19,0
7906,ACC-107906,Lagos,2026-06-20T07:06:45.401Z,AG-1017,0,10.9,0,0,0,0,14,0
7907,ACC-107907,Kano,2026-08-03T07:06:45.401Z,AG-1033,0,55.3,1,16.79,0,0,10,0
7908,ACC-107908,Port Harcourt,2026-08-28T07:06:45.401Z,AG-1002,7,198,1,0.72,6,128945,14,1
7909,ACC-107909,Ibadan,2026-06-09T07:06:45.401Z,AG-1014,0,26.1,0,32.19,0,0,13,0
7910,ACC-107910,Kano,2026-08-07T07:06:45.401Z,AG-1033,3,41.9,1,7.93,1,0,8,0
7911,ACC-107911,Lagos,2026-06-30T07:06:45.401Z,AG-1008,2,20.7,1,33.2,1,0,16,0
7912,ACC-107912,Abuja,2026-08-11T07:06:45.401Z,AG-1006,6,32.7,1,0,1,0,6,0
7913,ACC-107913,Lagos,2026-06-13T07:06:45.401Z,AG-1038,2,9,0,0,1,7040,10,0
7914,ACC-107914,Abuja,2026-08-13T07:06:45.401Z,AG-1033,2,10.8,0,11.91,1,0,20,0
7915,ACC-107915,Port Harcourt,2026-07-05T07:06:45.401Z,AG-1020,3,27.7,0,22.63,0,0,9,0
7916,ACC-107916,Ibadan,2026-08-28T07:06:45.401Z,AG-1016,2,3.8,1,4.07,0,0,9,0
7917,ACC-107917,Port Harcourt,2026-07-24T07:06:45.401Z,AG-1025,3,46.6,0,28.05,0,0,6,0
7918,ACC-107918,Kano,2026-07-24T07:06:45.401Z,AG-1017,5,431.8,1,0.34,0,431069,3,1
7919,ACC-107919,Lagos,2026-07-29T07:06:45.401Z,AG-1003,2,22.6,0,8.81,0,0,7,0
7920,ACC-107920,Lagos,2026-07-09T07:06:45.401Z,AG-1025,1,22.7,0,13.8,0,12664,10,0
7921,ACC-107921,Kano,2026-08-20T07:06:45.401Z,AG-1001,2,12.1,0,0,1,0,21,0
7922,ACC-107922,Abuja,2026-08-31T07:06:45.401Z,AG-1039,3,0,0,3.3,2,0,14,0
7923,ACC-107923,Abuja,2026-07-15T07:06:45.401Z,AG-1006,0,0,1,20.44,1,0,18,0
7924,ACC-107924,Abuja,2026-09-02T07:06:45.401Z,AG-1020,4,29.8,1,13.99,0,0,22,0
7925,ACC-107925,Kano,2026-09-02T07:06:45.401Z,AG-1021,0,389.6,1,0,5,354825,2,1
7926,ACC-107926,Ibadan,2026-06-24T07:06:45.401Z,AG-1000,0,38.9,1,26.99,0,0,11,0
7927,ACC-107927,Port Harcourt,2026-08-06T07:06:45.401Z,AG-1005,0,71.3,0,23.47,0,0,15,0
7928,ACC-107928,Lagos,2026-07-27T07:06:45.401Z,AG-1015,3,0,1,19.1,0,0,9,0
7929,ACC-107929,Lagos,2026-08-10T07:06:45.401Z,AG-1002,2,0,0,29.57,0,0,19,0
7930,ACC-107930,Abuja,2026-08-09T07:06:45.401Z,AG-1025,3,2.5,0,4.63,0,0,9,0
7931,ACC-107931,Ibadan,2026-08-22T07:06:45.401Z,AG-1010,1,52.9,1,16.43,2,0,16,0
7932,ACC-107932,Ibadan,2026-06-16T07:06:45.401Z,AG-1029,3,9.8,0,17.22,0,0,20,0
7933,ACC-107933,Abuja,2026-06-07T07:06:45.401Z,AG-1002,4,5.2,1,15.28,0,0,12,0
7934,ACC-107934,Ibadan,2026-08-06T07:06:45.401Z,AG-1034,1,6.7,0,20.56,0,0,20,0
7935,ACC-107935,Kano,2026-06-21T07:06:45.401Z,AG-1016,3,10.8,1,0,1,18654,12,0
7936,ACC-107936,Abuja,2026-08-17T07:06:45.401Z,AG-1007,1,26.5,1,0,1,0,21,0
7937,ACC-107937,Port Harcourt,2026-07-30T07:06:45.401Z,AG-1000,2,43,0,20.02,0,0,7,0
7938,ACC-107938,Ibadan,2026-06-11T07:06:45.401Z,AG-1016,3,50.1,1,23.92,1,0,11,0
7939,ACC-107939,Kano,2026-07-01T07:06:45.401Z,AG-1003,0,4.3,0,16.26,2,0,21,0
7940,ACC-107940,Abuja,2026-08-18T07:06:45.401Z,AG-1029,2,0,0,10.34,0,0,13,0
7941,ACC-107941,Port Harcourt,2026-08-08T07:06:45.401Z,AG-1025,0,42.1,0,24.66,1,0,9,0
7942,ACC-107942,Ibadan,2026-07-24T07:06:45.401Z,AG-1023,1,53.1,1,5.58,0,0,16,0
7943,ACC-107943,Ibadan,2026-08-17T07:06:45.401Z,AG-1010,5,63.4,0,29.94,0,0,20,0
7944,ACC-107944,Lagos,2026-06-30T07:06:45.401Z,AG-1030,1,16.8,1,16.9,0,0,10,0
7945,ACC-107945,Ibadan,2026-08-08T07:06:45.401Z,AG-1005,0,6.5,0,17.09,1,0,22,0
7946,ACC-107946,Ibadan,2026-06-06T07:06:45.401Z,AG-1005,2,45.2,0,17.16,2,0,10,0
7947,ACC-107947,Abuja,2026-08-21T07:06:45.401Z,AG-1020,0,22.6,1,25.55,1,0,21,0
7948,ACC-107948,Port Harcourt,2026-06-12T07:06:45.401Z,AG-1023,2,378.7,1,0,5,273299,2,1
7949,ACC-107949,Ibadan,2026-07-24T07:06:45.401Z,AG-1035,1,3.7,1,4.37,1,0,21,0
7950,ACC-107950,Abuja,2026-07-01T07:06:45.401Z,AG-1022,2,0,0,15.16,1,21316,7,0
7951,ACC-107951,Ibadan,2026-08-24T07:06:45.401Z,AG-1020,0,14.4,1,11.7,0,0,13,0
7952,ACC-107952,Port Harcourt,2026-07-18T07:06:45.401Z,AG-1023,1,46.5,0,0,1,0,8,0
7953,ACC-107953,Ibadan,2026-06-21T07:06:45.401Z,AG-1020,1,32.3,0,20.68,0,4202,16,0
7954,ACC-107954,Ibadan,2026-06-12T07:06:45.401Z,AG-1011,1,39.3,0,21.55,1,9845,8,0
7955,ACC-107955,Kano,2026-08-19T07:06:45.401Z,AG-1035,0,84.9,0,17.94,0,0,14,0
7956,ACC-107956,Port Harcourt,2026-08-17T07:06:45.401Z,AG-1029,0,64.5,0,8.5,1,0,11,0
7957,ACC-107957,Ibadan,2026-07-07T07:06:45.401Z,AG-1006,0,79.9,1,15.65,0,0,8,0
7958,ACC-107958,Abuja,2026-07-03T07:06:45.401Z,AG-1030,0,47.1,0,15.14,2,0,13,0
7959,ACC-107959,Port Harcourt,2026-07-24T07:06:45.401Z,AG-1003,0,0,1,11.27,1,0,15,0
7960,ACC-107960,Kano,2026-06-21T07:06:45.401Z,AG-1021,4,0,0,21.6,2,20794,15,0
7961,ACC-107961,Lagos,2026-07-29T07:06:45.401Z,AG-1025,2,12.9,1,20.05,1,0,14,0
7962,ACC-107962,Kano,2026-08-28T07:06:45.401Z,AG-1035,5,167.2,1,3.5,4,333155,15,1
7963,ACC-107963,Abuja,2026-07-13T07:06:45.401Z,AG-1015,0,0,0,3.43,0,2794,7,0
7964,ACC-107964,Kano,2026-08-15T07:06:45.401Z,AG-1013,2,32,1,2.69,0,21662,14,0
7965,ACC-107965,Ibadan,2026-08-23T07:06:45.401Z,AG-1006,1,14.9,1,0,1,0,7,0
7966,ACC-107966,Abuja,2026-06-07T07:06:45.401Z,AG-1000,4,30.9,1,13.11,0,0,11,0
7967,ACC-107967,Ibadan,2026-07-05T07:06:45.401Z,AG-1034,1,14.6,0,0,0,0,12,0
7968,ACC-107968,Lagos,2026-09-01T07:06:45.401Z,AG-1020,1,0,1,12.63,0,0,13,0
7969,ACC-107969,Abuja,2026-07-22T07:06:45.401Z,AG-1037,2,68.1,0,33.47,1,0,7,0
7970,ACC-107970,Kano,2026-06-19T07:06:45.401Z,AG-1039,0,12.7,0,0,1,6683,11,0
7971,ACC-107971,Ibadan,2026-07-31T07:06:45.401Z,AG-1024,3,4.8,0,0,2,0,12,0
7972,ACC-107972,Lagos,2026-07-30T07:06:45.401Z,AG-1003,14,406.2,1,0.84,0,657752,3,1
7973,ACC-107973,Lagos,2026-09-01T07:06:45.401Z,AG-1014,3,3.8,0,7.61,0,0,15,0
7974,ACC-107974,Abuja,2026-06-30T07:06:45.401Z,AG-1015,0,17.8,0,19.61,1,0,14,0
7975,ACC-107975,Ibadan,2026-07-25T07:06:45.401Z,AG-1029,4,36.7,0,1.09,1,2197,7,0
7976,ACC-107976,Port Harcourt,2026-07-13T07:06:45.401Z,AG-1027,2,0,0,20.43,1,0,16,0
7977,ACC-107977,Kano,2026-08-15T07:06:45.401Z,AG-1012,1,46.4,0,8.13,1,0,19,0
7978,ACC-107978,Ibadan,2026-08-12T07:06:45.401Z,AG-1029,3,426.7,0,0,2,447733,2,1
7979,ACC-107979,Port Harcourt,2026-08-15T07:06:45.401Z,AG-1033,0,64.5,0,16.69,0,0,9,0
7980,ACC-107980,Port Harcourt,2026-08-13T07:06:45.401Z,AG-1009,2,56.1,0,11.1,1,0,9,0
7981,ACC-107981,Kano,2026-08-19T07:06:45.401Z,AG-1038,2,14.8,0,4.78,2,0,12,0
7982,ACC-107982,Abuja,2026-06-16T07:06:45.401Z,AG-1033,0,0,1,30.66,0,7775,9,0
7983,ACC-107983,Port Harcourt,2026-06-16T07:06:45.401Z,AG-1011,3,11.1,1,23.33,0,26260,18,0
7984,ACC-107984,Lagos,2026-08-24T07:06:45.401Z,AG-1023,3,51.8,0,26.6,0,5535,10,0
7985,ACC-107985,Lagos,2026-07-06T07:06:45.401Z,AG-1016,1,0,0,4.46,0,0,19,0
7986,ACC-107986,Port Harcourt,2026-07-20T07:06:45.401Z,AG-1026,0,0,0,2.87,0,0,9,0
7987,ACC-107987,Kano,2026-06-17T07:06:45.401Z,AG-1010,1,0,0,10,0,0,6,0
7988,ACC-107988,Kano,2026-08-07T07:06:45.401Z,AG-1007,0,34.9,0,22.95,2,0,7,0
7989,ACC-107989,Ibadan,2026-08-12T07:06:45.401Z,AG-1009,3,8.1,0,15.84,2,0,11,0
7990,ACC-107990,Kano,2026-06-15T07:06:45.401Z,AG-1011,1,0,1,12.61,1,0,17,0
7991,ACC-107991,Ibadan,2026-06-09T07:06:45.401Z,AG-1008,1,50.5,0,24.78,1,0,9,0
7992,ACC-107992,Abuja,2026-07-04T07:06:45.401Z,AG-1017,0,1,0,9.35,0,0,19,0
7993,ACC-107993,Ibadan,2026-08-02T07:06:45.401Z,AG-1032,2,27.7,0,23.13,3,0,18,0
7994,ACC-107994,Port Harcourt,2026-06-23T07:06:45.401Z,AG-1031,1,31.1,0,21.34,0,0,7,0
7995,ACC-107995,Kano,2026-07-23T07:06:45.401Z,AG-1010,1,4.1,0,27.85,1,0,8,0
7996,ACC-107996,Ibadan,2026-08-24T07:06:45.401Z,AG-1037,5,7.8,0,29.37,1,0,16,0
7997,ACC-107997,Ibadan,2026-08-23T07:06:45.401Z,AG-1009,0,31.5,0,0,0,0,6,0
7998,ACC-107998,Lagos,2026-07-07T07:06:45.401Z,AG-1005,3,0,0,18.73,0,0,17,0
7999,ACC-107999,Abuja,2026-08-27T07:06:45.401Z,AG-1015,3,0,1,0.9,3,250815,16,1
8000,ACC-108000,Port Harcourt,2026-07-27T07:06:45.401Z,AG-1013,4,17,0,31.07,0,13817,8,0